	FileName	Category	Stim_Set	Object
0	0001.jpg	body	FOB_Wordloc	-1
1	0002.jpg	body	FOB_Wordloc	-1
2	0003.jpg	body	FOB_Wordloc	-1
3	0004.jpg	body	FOB_Wordloc	-1
4	0005.jpg	body	FOB_Wordloc	-1
5	0006.jpg	body	FOB_Wordloc	-1
6	0007.jpg	body	FOB_Wordloc	-1
7	0008.jpg	body	FOB_Wordloc	-1
8	0009.jpg	body	FOB_Wordloc	-1
9	0010.jpg	body	FOB_Wordloc	-1
10	0011.jpg	body	FOB_Wordloc	-1
11	0012.jpg	body	FOB_Wordloc	-1
12	0013.jpg	body	FOB_Wordloc	-1
13	0014.jpg	body	FOB_Wordloc	-1
14	0015.jpg	body	FOB_Wordloc	-1
15	0016.jpg	body	FOB_Wordloc	-1
16	0017.jpg	body	FOB_Wordloc	-1
17	0018.jpg	body	FOB_Wordloc	-1
18	0019.jpg	body	FOB_Wordloc	-1
19	0020.jpg	body	FOB_Wordloc	-1
20	0021.jpg	body	FOB_Wordloc	-1
21	0022.jpg	body	FOB_Wordloc	-1
22	0023.jpg	body	FOB_Wordloc	-1
23	0024.jpg	body	FOB_Wordloc	-1
24	0025.jpg	body	FOB_Wordloc	-1
25	0026.jpg	body	FOB_Wordloc	-1
26	0027.jpg	body	FOB_Wordloc	-1
27	0028.jpg	body	FOB_Wordloc	-1
28	0029.jpg	body	FOB_Wordloc	-1
29	0030.jpg	body	FOB_Wordloc	-1
30	0031.jpg	face	FOB_Wordloc	-1
31	0032.jpg	face	FOB_Wordloc	-1
32	0033.jpg	face	FOB_Wordloc	-1
33	0034.jpg	face	FOB_Wordloc	-1
34	0035.jpg	face	FOB_Wordloc	-1
35	0036.jpg	face	FOB_Wordloc	-1
36	0037.jpg	face	FOB_Wordloc	-1
37	0038.jpg	face	FOB_Wordloc	-1
38	0039.jpg	face	FOB_Wordloc	-1
39	0040.jpg	face	FOB_Wordloc	-1
40	0041.jpg	face	FOB_Wordloc	-1
41	0042.jpg	face	FOB_Wordloc	-1
42	0043.jpg	face	FOB_Wordloc	-1
43	0044.jpg	face	FOB_Wordloc	-1
44	0045.jpg	face	FOB_Wordloc	-1
45	0046.jpg	face	FOB_Wordloc	-1
46	0047.jpg	face	FOB_Wordloc	-1
47	0048.jpg	face	FOB_Wordloc	-1
48	0049.jpg	face	FOB_Wordloc	-1
49	0050.jpg	face	FOB_Wordloc	-1
50	0051.jpg	face	FOB_Wordloc	-1
51	0052.jpg	face	FOB_Wordloc	-1
52	0053.jpg	face	FOB_Wordloc	-1
53	0054.jpg	face	FOB_Wordloc	-1
54	0055.jpg	face	FOB_Wordloc	-1
55	0056.jpg	face	FOB_Wordloc	-1
56	0057.jpg	face	FOB_Wordloc	-1
57	0058.jpg	face	FOB_Wordloc	-1
58	0059.jpg	face	FOB_Wordloc	-1
59	0060.jpg	face	FOB_Wordloc	-1
60	0061.jpg	presuletter	FOB_Wordloc	-1
61	0062.jpg	presuletter	FOB_Wordloc	-1
62	0063.jpg	presuletter	FOB_Wordloc	-1
63	0064.jpg	presuletter	FOB_Wordloc	-1
64	0065.jpg	presuletter	FOB_Wordloc	-1
65	0066.jpg	presuletter	FOB_Wordloc	-1
66	0067.jpg	presuletter	FOB_Wordloc	-1
67	0068.jpg	presuletter	FOB_Wordloc	-1
68	0069.jpg	presuletter	FOB_Wordloc	-1
69	0070.jpg	presuletter	FOB_Wordloc	-1
70	0071.jpg	presuletter	FOB_Wordloc	-1
71	0072.jpg	presuletter	FOB_Wordloc	-1
72	0073.jpg	presuletter	FOB_Wordloc	-1
73	0074.jpg	presuletter	FOB_Wordloc	-1
74	0075.jpg	presuletter	FOB_Wordloc	-1
75	0076.jpg	presuletter	FOB_Wordloc	-1
76	0077.jpg	presuletter	FOB_Wordloc	-1
77	0078.jpg	presuletter	FOB_Wordloc	-1
78	0079.jpg	presuletter	FOB_Wordloc	-1
79	0080.jpg	presuletter	FOB_Wordloc	-1
80	0081.jpg	presuletter	FOB_Wordloc	-1
81	0082.jpg	presuletter	FOB_Wordloc	-1
82	0083.jpg	presuletter	FOB_Wordloc	-1
83	0084.jpg	presuletter	FOB_Wordloc	-1
84	0085.jpg	presuletter	FOB_Wordloc	-1
85	0086.jpg	presuletter	FOB_Wordloc	-1
86	0087.jpg	presuletter	FOB_Wordloc	-1
87	0088.jpg	presuletter	FOB_Wordloc	-1
88	0089.jpg	presuletter	FOB_Wordloc	-1
89	0090.jpg	presuletter	FOB_Wordloc	-1
90	0091.jpg	spiky	FOB_Wordloc	-1
91	0092.jpg	spiky	FOB_Wordloc	-1
92	0093.jpg	spiky	FOB_Wordloc	-1
93	0094.jpg	spiky	FOB_Wordloc	-1
94	0095.jpg	spiky	FOB_Wordloc	-1
95	0096.jpg	spiky	FOB_Wordloc	-1
96	0097.jpg	spiky	FOB_Wordloc	-1
97	0098.jpg	spiky	FOB_Wordloc	-1
98	0099.jpg	spiky	FOB_Wordloc	-1
99	0100.jpg	spiky	FOB_Wordloc	-1
100	0101.jpg	spiky	FOB_Wordloc	-1
101	0102.jpg	spiky	FOB_Wordloc	-1
102	0103.jpg	spiky	FOB_Wordloc	-1
103	0104.jpg	spiky	FOB_Wordloc	-1
104	0105.jpg	spiky	FOB_Wordloc	-1
105	0106.jpg	spiky	FOB_Wordloc	-1
106	0107.jpg	spiky	FOB_Wordloc	-1
107	0108.jpg	spiky	FOB_Wordloc	-1
108	0109.jpg	spiky	FOB_Wordloc	-1
109	0110.jpg	spiky	FOB_Wordloc	-1
110	0111.jpg	spiky	FOB_Wordloc	-1
111	0112.jpg	spiky	FOB_Wordloc	-1
112	0113.jpg	spiky	FOB_Wordloc	-1
113	0114.jpg	spiky	FOB_Wordloc	-1
114	0115.jpg	spiky	FOB_Wordloc	-1
115	0116.jpg	spiky	FOB_Wordloc	-1
116	0117.jpg	spiky	FOB_Wordloc	-1
117	0118.jpg	spiky	FOB_Wordloc	-1
118	0119.jpg	spiky	FOB_Wordloc	-1
119	0120.jpg	spiky	FOB_Wordloc	-1
120	0121.jpg	stubby	FOB_Wordloc	-1
121	0122.jpg	stubby	FOB_Wordloc	-1
122	0123.jpg	stubby	FOB_Wordloc	-1
123	0124.jpg	stubby	FOB_Wordloc	-1
124	0125.jpg	stubby	FOB_Wordloc	-1
125	0126.jpg	stubby	FOB_Wordloc	-1
126	0127.jpg	stubby	FOB_Wordloc	-1
127	0128.jpg	stubby	FOB_Wordloc	-1
128	0129.jpg	stubby	FOB_Wordloc	-1
129	0130.jpg	stubby	FOB_Wordloc	-1
130	0131.jpg	stubby	FOB_Wordloc	-1
131	0132.jpg	stubby	FOB_Wordloc	-1
132	0133.jpg	stubby	FOB_Wordloc	-1
133	0134.jpg	stubby	FOB_Wordloc	-1
134	0135.jpg	stubby	FOB_Wordloc	-1
135	0136.jpg	stubby	FOB_Wordloc	-1
136	0137.jpg	stubby	FOB_Wordloc	-1
137	0138.jpg	stubby	FOB_Wordloc	-1
138	0139.jpg	stubby	FOB_Wordloc	-1
139	0140.jpg	stubby	FOB_Wordloc	-1
140	0141.jpg	stubby	FOB_Wordloc	-1
141	0142.jpg	stubby	FOB_Wordloc	-1
142	0143.jpg	stubby	FOB_Wordloc	-1
143	0144.jpg	stubby	FOB_Wordloc	-1
144	0145.jpg	stubby	FOB_Wordloc	-1
145	0146.jpg	stubby	FOB_Wordloc	-1
146	0147.jpg	stubby	FOB_Wordloc	-1
147	0148.jpg	stubby	FOB_Wordloc	-1
148	0149.jpg	stubby	FOB_Wordloc	-1
149	0150.jpg	stubby	FOB_Wordloc	-1
150	0151.jpg	word	FOB_Wordloc	-1
151	0152.jpg	word	FOB_Wordloc	-1
152	0153.jpg	word	FOB_Wordloc	-1
153	0154.jpg	word	FOB_Wordloc	-1
154	0155.jpg	word	FOB_Wordloc	-1
155	0156.jpg	word	FOB_Wordloc	-1
156	0157.jpg	word	FOB_Wordloc	-1
157	0158.jpg	word	FOB_Wordloc	-1
158	0159.jpg	word	FOB_Wordloc	-1
159	0160.jpg	word	FOB_Wordloc	-1
160	0161.jpg	word	FOB_Wordloc	-1
161	0162.jpg	word	FOB_Wordloc	-1
162	0163.jpg	word	FOB_Wordloc	-1
163	0164.jpg	word	FOB_Wordloc	-1
164	0165.jpg	word	FOB_Wordloc	-1
165	0166.jpg	word	FOB_Wordloc	-1
166	0167.jpg	word	FOB_Wordloc	-1
167	0168.jpg	word	FOB_Wordloc	-1
168	0169.jpg	word	FOB_Wordloc	-1
169	0170.jpg	word	FOB_Wordloc	-1
170	0171.jpg	word	FOB_Wordloc	-1
171	0172.jpg	word	FOB_Wordloc	-1
172	0173.jpg	word	FOB_Wordloc	-1
173	0174.jpg	word	FOB_Wordloc	-1
174	0175.jpg	word	FOB_Wordloc	-1
175	0176.jpg	word	FOB_Wordloc	-1
176	0177.jpg	word	FOB_Wordloc	-1
177	0178.jpg	word	FOB_Wordloc	-1
178	0179.jpg	word	FOB_Wordloc	-1
179	0180.jpg	word	FOB_Wordloc	-1
180	10001.jpg	Doodle	Doodles	1
181	10002.jpg	Doodle	Doodles	2
182	10003.jpg	Doodle	Doodles	3
183	10004.jpg	Doodle	Doodles	4
184	10005.jpg	Doodle	Doodles	5
185	10006.jpg	Doodle	Doodles	6
186	10007.jpg	Doodle	Doodles	7
187	10008.jpg	Doodle	Doodles	8
188	10009.jpg	Doodle	Doodles	9
189	10010.jpg	Doodle	Doodles	10
190	10011.jpg	Doodle	Doodles	11
191	10012.jpg	Doodle	Doodles	12
192	10013.jpg	Doodle	Doodles	13
193	10014.jpg	Doodle	Doodles	14
194	10015.jpg	Doodle	Doodles	15
195	10016.jpg	Doodle	Doodles	16
196	10017.jpg	Doodle	Doodles	17
197	10018.jpg	Doodle	Doodles	18
198	10019.jpg	Doodle	Doodles	19
199	10020.jpg	Doodle	Doodles	20
200	10021.jpg	Doodle	Doodles	21
201	10022.jpg	Doodle	Doodles	22
202	10023.jpg	Doodle	Doodles	23
203	10024.jpg	Doodle	Doodles	24
204	10025.jpg	Doodle	Doodles	25
205	10026.jpg	Doodle	Doodles	26
206	10027.jpg	Doodle	Doodles	27
207	10028.jpg	Doodle	Doodles	28
208	10029.jpg	Doodle	Doodles	29
209	10030.jpg	Doodle	Doodles	30
210	10031.jpg	Doodle	Doodles	31
211	10032.jpg	Doodle	Doodles	32
212	10033.jpg	Doodle	Doodles	33
213	10034.jpg	Doodle	Doodles	34
214	10035.jpg	Doodle	Doodles	35
215	10036.jpg	Doodle	Doodles	36
216	10037.jpg	Doodle	Doodles	37
217	10038.jpg	Doodle	Doodles	38
218	10039.jpg	Doodle	Doodles	39
219	10040.jpg	Doodle	Doodles	40
220	10041.jpg	Doodle	Doodles	41
221	10042.jpg	Doodle	Doodles	42
222	10043.jpg	Doodle	Doodles	43
223	10044.jpg	Doodle	Doodles	44
224	10045.jpg	Doodle	Doodles	45
225	10046.jpg	Doodle	Doodles	46
226	10047.jpg	Doodle	Doodles	47
227	10048.jpg	Doodle	Doodles	48
228	10049.jpg	Doodle	Doodles	49
229	10050.jpg	Doodle	Doodles	50
230	10051.jpg	Doodle	Doodles	51
231	10052.jpg	Doodle	Doodles	52
232	10053.jpg	Doodle	Doodles	53
233	10054.jpg	Doodle	Doodles	54
234	10055.jpg	Doodle	Doodles	55
235	10056.jpg	Doodle	Doodles	56
236	10057.jpg	Doodle	Doodles	57
237	10058.jpg	Doodle	Doodles	58
238	10059.jpg	Doodle	Doodles	59
239	10060.jpg	Doodle	Doodles	60
240	10061.jpg	Doodle	Doodles	61
241	10062.jpg	Doodle	Doodles	62
242	10063.jpg	Doodle	Doodles	63
243	10064.jpg	Doodle	Doodles	64
244	10065.jpg	Doodle	Doodles	65
245	10066.jpg	Doodle	Doodles	66
246	10067.jpg	Doodle	Doodles	67
247	10068.jpg	Doodle	Doodles	68
248	10069.jpg	Doodle	Doodles	69
249	10070.jpg	Doodle	Doodles	70
250	10071.jpg	Doodle	Doodles	71
251	10072.jpg	Doodle	Doodles	72
252	10073.jpg	Doodle	Doodles	73
253	10074.jpg	Doodle	Doodles	74
254	10075.jpg	Doodle	Doodles	75
255	10076.jpg	Doodle	Doodles	76
256	10077.jpg	Doodle	Doodles	77
257	10078.jpg	Doodle	Doodles	78
258	10079.jpg	Doodle	Doodles	79
259	10080.jpg	Doodle	Doodles	80
260	10081.jpg	Doodle	Doodles	81
261	10082.jpg	Doodle	Doodles	82
262	10083.jpg	Doodle	Doodles	83
263	10084.jpg	Doodle	Doodles	84
264	10085.jpg	Doodle	Doodles	85
265	10086.jpg	Doodle	Doodles	86
266	10087.jpg	Doodle	Doodles	87
267	10088.jpg	Doodle	Doodles	88
268	10089.jpg	Doodle	Doodles	89
269	10090.jpg	Doodle	Doodles	90
270	10091.jpg	Doodle	Doodles	91
271	10092.jpg	Doodle	Doodles	92
272	10093.jpg	Doodle	Doodles	93
273	10094.jpg	Doodle	Doodles	94
274	10095.jpg	Doodle	Doodles	95
275	10096.jpg	Doodle	Doodles	96
276	10097.jpg	Doodle	Doodles	97
277	10098.jpg	Doodle	Doodles	98
278	10099.jpg	Doodle	Doodles	99
279	10100.jpg	Doodle	Doodles	100
280	10101.jpg	Doodle	Doodles	101
281	10102.jpg	Doodle	Doodles	102
282	10103.jpg	Doodle	Doodles	103
283	10104.jpg	Doodle	Doodles	104
284	10105.jpg	Doodle	Doodles	105
285	10106.jpg	Doodle	Doodles	106
286	10107.jpg	Doodle	Doodles	107
287	10108.jpg	Doodle	Doodles	108
288	10109.jpg	Doodle	Doodles	109
289	10110.jpg	Doodle	Doodles	110
290	10111.jpg	Doodle	Doodles	111
291	10112.jpg	Doodle	Doodles	112
292	10113.jpg	Doodle	Doodles	113
293	10114.jpg	Doodle	Doodles	114
294	10115.jpg	Doodle	Doodles	115
295	10116.jpg	Doodle	Doodles	116
296	10117.jpg	Doodle	Doodles	117
297	10118.jpg	Doodle	Doodles	118
298	10119.jpg	Doodle	Doodles	119
299	10120.jpg	Doodle	Doodles	120
300	10121.jpg	Doodle	Doodles	121
301	10122.jpg	Doodle	Doodles	122
302	10123.jpg	Doodle	Doodles	123
303	10124.jpg	Doodle	Doodles	124
304	10125.jpg	Doodle	Doodles	125
305	10126.jpg	Doodle	Doodles	126
306	10127.jpg	Doodle	Doodles	127
307	10128.jpg	Doodle	Doodles	128
308	10129.jpg	Doodle	Doodles	129
309	10130.jpg	Doodle	Doodles	130
310	10131.jpg	Doodle	Doodles	131
311	10132.jpg	Doodle	Doodles	132
312	10133.jpg	Doodle	Doodles	133
313	10134.jpg	Doodle	Doodles	134
314	10135.jpg	Doodle	Doodles	135
315	10136.jpg	Doodle	Doodles	136
316	10137.jpg	Doodle	Doodles	137
317	10138.jpg	Doodle	Doodles	138
318	10139.jpg	Doodle	Doodles	139
319	10140.jpg	Doodle	Doodles	140
320	10141.jpg	Doodle	Doodles	141
321	10142.jpg	Doodle	Doodles	142
322	10143.jpg	Doodle	Doodles	143
323	10144.jpg	Doodle	Doodles	144
324	10145.jpg	Doodle	Doodles	145
325	10146.jpg	Doodle	Doodles	146
326	10147.jpg	Doodle	Doodles	147
327	10148.jpg	Doodle	Doodles	148
328	10149.jpg	Doodle	Doodles	149
329	10150.jpg	Doodle	Doodles	150
330	10151.jpg	Doodle	Doodles	151
331	10152.jpg	Doodle	Doodles	152
332	10153.jpg	Doodle	Doodles	153
333	10154.jpg	Doodle	Doodles	154
334	10155.jpg	Doodle	Doodles	155
335	10156.jpg	Doodle	Doodles	156
336	10157.jpg	Doodle	Doodles	157
337	10158.jpg	Doodle	Doodles	158
338	10159.jpg	Doodle	Doodles	159
339	10160.jpg	Doodle	Doodles	160
340	10161.jpg	Doodle	Doodles	161
341	10162.jpg	Doodle	Doodles	162
342	10163.jpg	Doodle	Doodles	163
343	10164.jpg	Doodle	Doodles	164
344	10165.jpg	Doodle	Doodles	165
345	10166.jpg	Doodle	Doodles	166
346	10167.jpg	Doodle	Doodles	167
347	10168.jpg	Doodle	Doodles	168
348	10169.jpg	Doodle	Doodles	169
349	10170.jpg	Doodle	Doodles	170
350	10171.jpg	Doodle	Doodles	171
351	10172.jpg	Doodle	Doodles	172
352	10173.jpg	Doodle	Doodles	173
353	10174.jpg	Doodle	Doodles	174
354	10175.jpg	Doodle	Doodles	175
355	10176.jpg	Doodle	Doodles	176
356	10177.jpg	Doodle	Doodles	177
357	10178.jpg	Doodle	Doodles	178
358	10179.jpg	Doodle	Doodles	179
359	10180.jpg	Doodle	Doodles	180
360	10181.jpg	Doodle	Doodles	181
361	10182.jpg	Doodle	Doodles	182
362	10183.jpg	Doodle	Doodles	183
363	10184.jpg	Doodle	Doodles	184
364	10185.jpg	Doodle	Doodles	185
365	10186.jpg	Doodle	Doodles	186
366	10187.jpg	Doodle	Doodles	187
367	10188.jpg	Doodle	Doodles	188
368	10189.jpg	Doodle	Doodles	189
369	10190.jpg	Doodle	Doodles	190
370	10191.jpg	Doodle	Doodles	191
371	10192.jpg	Doodle	Doodles	192
372	10193.jpg	Doodle	Doodles	193
373	10194.jpg	Doodle	Doodles	194
374	10195.jpg	Doodle	Doodles	195
375	10196.jpg	Doodle	Doodles	196
376	10197.jpg	Doodle	Doodles	197
377	10198.jpg	Doodle	Doodles	198
378	10199.jpg	Doodle	Doodles	199
379	10200.jpg	Doodle	Doodles	200
380	10201.jpg	Doodle	Doodles	201
381	10202.jpg	Doodle	Doodles	202
382	10203.jpg	Doodle	Doodles	203
383	10204.jpg	Doodle	Doodles	204
384	10205.jpg	Doodle	Doodles	205
385	10206.jpg	Doodle	Doodles	206
386	10207.jpg	Doodle	Doodles	207
387	10208.jpg	Doodle	Doodles	208
388	10209.jpg	Doodle	Doodles	209
389	10210.jpg	Doodle	Doodles	210
390	10211.jpg	Doodle	Doodles	211
391	10212.jpg	Doodle	Doodles	212
392	10213.jpg	Doodle	Doodles	213
393	10214.jpg	Doodle	Doodles	214
394	10215.jpg	Doodle	Doodles	215
395	10216.jpg	Doodle	Doodles	216
396	10217.jpg	Doodle	Doodles	217
397	10218.jpg	Doodle	Doodles	218
398	10219.jpg	Doodle	Doodles	219
399	10220.jpg	Doodle	Doodles	220
400	10221.jpg	Doodle	Doodles	221
401	10222.jpg	Doodle	Doodles	222
402	10223.jpg	Doodle	Doodles	223
403	10224.jpg	Doodle	Doodles	224
404	10225.jpg	Doodle	Doodles	225
405	10226.jpg	Doodle	Doodles	226
406	10227.jpg	Doodle	Doodles	227
407	10228.jpg	Doodle	Doodles	228
408	10229.jpg	Doodle	Doodles	229
409	10230.jpg	Doodle	Doodles	230
410	10231.jpg	Doodle	Doodles	231
411	10232.jpg	Doodle	Doodles	232
412	10233.jpg	Doodle	Doodles	233
413	10234.jpg	Doodle	Doodles	234
414	10235.jpg	Doodle	Doodles	235
415	10236.jpg	Doodle	Doodles	236
416	10237.jpg	Doodle	Doodles	237
417	10238.jpg	Doodle	Doodles	238
418	10239.jpg	Doodle	Doodles	239
419	10240.jpg	Doodle	Doodles	240
420	10241.jpg	Doodle	Doodles	241
421	10242.jpg	Doodle	Doodles	242
422	10243.jpg	Doodle	Doodles	243
423	10244.jpg	Doodle	Doodles	244
424	10245.jpg	Doodle	Doodles	245
425	10246.jpg	Doodle	Doodles	246
426	10247.jpg	Doodle	Doodles	247
427	10248.jpg	Doodle	Doodles	248
428	10249.jpg	Doodle	Doodles	249
429	10250.jpg	Doodle	Doodles	250
430	10251.jpg	Doodle	Doodles	251
431	10252.jpg	Doodle	Doodles	252
432	10253.jpg	Doodle	Doodles	253
433	10254.jpg	Doodle	Doodles	254
434	10255.jpg	Doodle	Doodles	255
435	10256.jpg	Doodle	Doodles	256
436	10257.jpg	Doodle	Doodles	257
437	10258.jpg	Doodle	Doodles	258
438	10259.jpg	Doodle	Doodles	259
439	10260.jpg	Doodle	Doodles	260
440	10261.jpg	Doodle	Doodles	261
441	10262.jpg	Doodle	Doodles	262
442	10263.jpg	Doodle	Doodles	263
443	10264.jpg	Doodle	Doodles	264
444	10265.jpg	Doodle	Doodles	265
445	10266.jpg	Doodle	Doodles	266
446	10267.jpg	Doodle	Doodles	267
447	10268.jpg	Doodle	Doodles	268
448	10269.jpg	Doodle	Doodles	269
449	10270.jpg	Doodle	Doodles	270
450	10271.jpg	Doodle	Doodles	271
451	10272.jpg	Doodle	Doodles	272
452	10273.jpg	Doodle	Doodles	273
453	10274.jpg	Doodle	Doodles	274
454	10275.jpg	Doodle	Doodles	275
455	10276.jpg	Doodle	Doodles	276
456	10277.jpg	Doodle	Doodles	277
457	10278.jpg	Doodle	Doodles	278
458	10279.jpg	Doodle	Doodles	279
459	10280.jpg	Doodle	Doodles	280
460	10281.jpg	Doodle	Doodles	281
461	10282.jpg	Doodle	Doodles	282
462	10283.jpg	Doodle	Doodles	283
463	10284.jpg	Doodle	Doodles	284
464	10285.jpg	Doodle	Doodles	285
465	10286.jpg	Doodle	Doodles	286
466	10287.jpg	Doodle	Doodles	287
467	10288.jpg	Doodle	Doodles	288
468	10289.jpg	Doodle	Doodles	289
469	10290.jpg	Doodle	Doodles	290
470	10291.jpg	Doodle	Doodles	291
471	10292.jpg	Doodle	Doodles	292
472	10293.jpg	Doodle	Doodles	293
473	10294.jpg	Doodle	Doodles	294
474	10295.jpg	Doodle	Doodles	295
475	10296.jpg	Doodle	Doodles	296
476	10297.jpg	Doodle	Doodles	297
477	10298.jpg	Doodle	Doodles	298
478	10299.jpg	Doodle	Doodles	299
479	10300.jpg	Doodle	Doodles	300
480	10301.jpg	Doodle	Doodles	301
481	10302.jpg	Doodle	Doodles	302
482	10303.jpg	Doodle	Doodles	303
483	10304.jpg	Doodle	Doodles	304
484	10305.jpg	Doodle	Doodles	305
485	10306.jpg	Doodle	Doodles	306
486	10307.jpg	Doodle	Doodles	307
487	10308.jpg	Doodle	Doodles	308
488	10309.jpg	Doodle	Doodles	309
489	10310.jpg	Doodle	Doodles	310
490	10311.jpg	Doodle	Doodles	311
491	10312.jpg	Doodle	Doodles	312
492	10313.jpg	Doodle	Doodles	313
493	10314.jpg	Doodle	Doodles	314
494	10315.jpg	Doodle	Doodles	315
495	10316.jpg	Doodle	Doodles	316
496	10317.jpg	Doodle	Doodles	317
497	10318.jpg	Doodle	Doodles	318
498	10319.jpg	Doodle	Doodles	319
499	10320.jpg	Doodle	Doodles	320
500	10321.jpg	Doodle	Doodles	321
501	10322.jpg	Doodle	Doodles	322
502	10323.jpg	Doodle	Doodles	323
503	10324.jpg	Doodle	Doodles	324
504	10325.jpg	Doodle	Doodles	325
505	10326.jpg	Doodle	Doodles	326
506	10327.jpg	Doodle	Doodles	327
507	10328.jpg	Doodle	Doodles	328
508	10329.jpg	Doodle	Doodles	329
509	10330.jpg	Doodle	Doodles	330
510	10331.jpg	Doodle	Doodles	331
511	10332.jpg	Doodle	Doodles	332
512	10333.jpg	Doodle	Doodles	333
513	10334.jpg	Doodle	Doodles	334
514	10335.jpg	Doodle	Doodles	335
515	10336.jpg	Doodle	Doodles	336
516	10337.jpg	Doodle	Doodles	337
517	10338.jpg	Doodle	Doodles	338
518	10339.jpg	Doodle	Doodles	339
519	10340.jpg	Doodle	Doodles	340
520	10341.jpg	Doodle	Doodles	341
521	10342.jpg	Doodle	Doodles	342
522	10343.jpg	Doodle	Doodles	343
523	10344.jpg	Doodle	Doodles	344
524	10345.jpg	Doodle	Doodles	345
525	10346.jpg	Doodle	Doodles	346
526	10347.jpg	Doodle	Doodles	347
527	10348.jpg	Doodle	Doodles	348
528	10349.jpg	Doodle	Doodles	349
529	10350.jpg	Doodle	Doodles	350
530	10351.jpg	Doodle	Doodles	351
531	10352.jpg	Doodle	Doodles	352
532	10353.jpg	Doodle	Doodles	353
533	10354.jpg	Doodle	Doodles	354
534	10355.jpg	Doodle	Doodles	355
535	10356.jpg	Doodle	Doodles	356
536	10357.jpg	Doodle	Doodles	357
537	10358.jpg	Doodle	Doodles	358
538	10359.jpg	Doodle	Doodles	359
539	10360.jpg	Doodle	Doodles	360
540	10361.jpg	Doodle	Doodles	361
541	10362.jpg	Doodle	Doodles	362
542	10363.jpg	Doodle	Doodles	363
543	10364.jpg	Doodle	Doodles	364
544	10365.jpg	Doodle	Doodles	365
545	10366.jpg	Doodle	Doodles	366
546	10367.jpg	Doodle	Doodles	367
547	10368.jpg	Doodle	Doodles	368
548	10369.jpg	Doodle	Doodles	369
549	10370.jpg	Doodle	Doodles	370
550	10371.jpg	Doodle	Doodles	371
551	10372.jpg	Doodle	Doodles	372
552	10373.jpg	Doodle	Doodles	373
553	10374.jpg	Doodle	Doodles	374
554	10375.jpg	Doodle	Doodles	375
555	10376.jpg	Doodle	Doodles	376
556	10377.jpg	Doodle	Doodles	377
557	10378.jpg	Doodle	Doodles	378
558	10379.jpg	Doodle	Doodles	379
559	10380.jpg	Doodle	Doodles	380
560	10381.jpg	Doodle	Doodles	381
561	10382.jpg	Doodle	Doodles	382
562	10383.jpg	Doodle	Doodles	383
563	10384.jpg	Doodle	Doodles	384
564	10385.jpg	Doodle	Doodles	385
565	10386.jpg	Doodle	Doodles	386
566	10387.jpg	Doodle	Doodles	387
567	10388.jpg	Doodle	Doodles	388
568	10389.jpg	Doodle	Doodles	389
569	10390.jpg	Doodle	Doodles	390
570	10391.jpg	Doodle	Doodles	391
571	10392.jpg	Doodle	Doodles	392
572	10393.jpg	Doodle	Doodles	393
573	10394.jpg	Doodle	Doodles	394
574	10395.jpg	Doodle	Doodles	395
575	10396.jpg	Doodle	Doodles	396
576	10397.jpg	Doodle	Doodles	397
577	10398.jpg	Doodle	Doodles	398
578	10399.jpg	Doodle	Doodles	399
579	10400.jpg	Doodle	Doodles	400
580	20001.jpg	Boulder	Doodles	1
581	20002.jpg	Boulder	Doodles	2
582	20003.jpg	Boulder	Doodles	3
583	20004.jpg	Boulder	Doodles	4
584	20005.jpg	Boulder	Doodles	5
585	20006.jpg	Boulder	Doodles	6
586	20007.jpg	Boulder	Doodles	7
587	20008.jpg	Boulder	Doodles	8
588	20009.jpg	Boulder	Doodles	9
589	20010.jpg	Boulder	Doodles	10
590	20011.jpg	Boulder	Doodles	11
591	20012.jpg	Boulder	Doodles	12
592	20013.jpg	Boulder	Doodles	13
593	20014.jpg	Boulder	Doodles	14
594	20015.jpg	Boulder	Doodles	15
595	20016.jpg	Boulder	Doodles	16
596	20017.jpg	Boulder	Doodles	17
597	20018.jpg	Boulder	Doodles	18
598	20019.jpg	Boulder	Doodles	19
599	20020.jpg	Boulder	Doodles	20
600	20021.jpg	Boulder	Doodles	21
601	20022.jpg	Boulder	Doodles	22
602	20023.jpg	Boulder	Doodles	23
603	20024.jpg	Boulder	Doodles	24
604	20025.jpg	Boulder	Doodles	25
605	20026.jpg	Boulder	Doodles	26
606	20027.jpg	Boulder	Doodles	27
607	20028.jpg	Boulder	Doodles	28
608	20029.jpg	Boulder	Doodles	29
609	20030.jpg	Boulder	Doodles	30
610	20031.jpg	Boulder	Doodles	31
611	20032.jpg	Boulder	Doodles	32
612	20033.jpg	Boulder	Doodles	33
613	20034.jpg	Boulder	Doodles	34
614	20035.jpg	Boulder	Doodles	35
615	20036.jpg	Boulder	Doodles	36
616	20037.jpg	Boulder	Doodles	37
617	20038.jpg	Boulder	Doodles	38
618	20039.jpg	Boulder	Doodles	39
619	20040.jpg	Boulder	Doodles	40
620	20041.jpg	Boulder	Doodles	41
621	20042.jpg	Boulder	Doodles	42
622	20043.jpg	Boulder	Doodles	43
623	20044.jpg	Boulder	Doodles	44
624	20045.jpg	Boulder	Doodles	45
625	20046.jpg	Boulder	Doodles	46
626	20047.jpg	Boulder	Doodles	47
627	20048.jpg	Boulder	Doodles	48
628	20049.jpg	Boulder	Doodles	49
629	20050.jpg	Boulder	Doodles	50
630	20051.jpg	Boulder	Doodles	51
631	20052.jpg	Boulder	Doodles	52
632	20053.jpg	Boulder	Doodles	53
633	20054.jpg	Boulder	Doodles	54
634	20055.jpg	Boulder	Doodles	55
635	20056.jpg	Boulder	Doodles	56
636	20057.jpg	Boulder	Doodles	57
637	20058.jpg	Boulder	Doodles	58
638	20059.jpg	Boulder	Doodles	59
639	20060.jpg	Boulder	Doodles	60
640	20061.jpg	Boulder	Doodles	61
641	20062.jpg	Boulder	Doodles	62
642	20063.jpg	Boulder	Doodles	63
643	20064.jpg	Boulder	Doodles	64
644	20065.jpg	Boulder	Doodles	65
645	20066.jpg	Boulder	Doodles	66
646	20067.jpg	Boulder	Doodles	67
647	20068.jpg	Boulder	Doodles	68
648	20069.jpg	Boulder	Doodles	69
649	20070.jpg	Boulder	Doodles	70
650	20071.jpg	Boulder	Doodles	71
651	20072.jpg	Boulder	Doodles	72
652	20073.jpg	Boulder	Doodles	73
653	20074.jpg	Boulder	Doodles	74
654	20075.jpg	Boulder	Doodles	75
655	20076.jpg	Boulder	Doodles	76
656	20077.jpg	Boulder	Doodles	77
657	20078.jpg	Boulder	Doodles	78
658	20079.jpg	Boulder	Doodles	79
659	20080.jpg	Boulder	Doodles	80
660	20081.jpg	Boulder	Doodles	81
661	20082.jpg	Boulder	Doodles	82
662	20083.jpg	Boulder	Doodles	83
663	20084.jpg	Boulder	Doodles	84
664	20085.jpg	Boulder	Doodles	85
665	20086.jpg	Boulder	Doodles	86
666	20087.jpg	Boulder	Doodles	87
667	20088.jpg	Boulder	Doodles	88
668	20089.jpg	Boulder	Doodles	89
669	20090.jpg	Boulder	Doodles	90
670	20091.jpg	Boulder	Doodles	91
671	20092.jpg	Boulder	Doodles	92
672	20093.jpg	Boulder	Doodles	93
673	20094.jpg	Boulder	Doodles	94
674	20095.jpg	Boulder	Doodles	95
675	20096.jpg	Boulder	Doodles	96
676	20097.jpg	Boulder	Doodles	97
677	20098.jpg	Boulder	Doodles	98
678	20099.jpg	Boulder	Doodles	99
679	20100.jpg	Boulder	Doodles	100
680	20101.jpg	Boulder	Doodles	101
681	20102.jpg	Boulder	Doodles	102
682	20103.jpg	Boulder	Doodles	103
683	20104.jpg	Boulder	Doodles	104
684	20105.jpg	Boulder	Doodles	105
685	20106.jpg	Boulder	Doodles	106
686	20107.jpg	Boulder	Doodles	107
687	20108.jpg	Boulder	Doodles	108
688	20109.jpg	Boulder	Doodles	109
689	20110.jpg	Boulder	Doodles	110
690	20111.jpg	Boulder	Doodles	111
691	20112.jpg	Boulder	Doodles	112
692	20113.jpg	Boulder	Doodles	113
693	20114.jpg	Boulder	Doodles	114
694	20115.jpg	Boulder	Doodles	115
695	20116.jpg	Boulder	Doodles	116
696	20117.jpg	Boulder	Doodles	117
697	20118.jpg	Boulder	Doodles	118
698	20119.jpg	Boulder	Doodles	119
699	20120.jpg	Boulder	Doodles	120
700	20121.jpg	Boulder	Doodles	121
701	20122.jpg	Boulder	Doodles	122
702	20123.jpg	Boulder	Doodles	123
703	20124.jpg	Boulder	Doodles	124
704	20125.jpg	Boulder	Doodles	125
705	20126.jpg	Boulder	Doodles	126
706	20127.jpg	Boulder	Doodles	127
707	20128.jpg	Boulder	Doodles	128
708	20129.jpg	Boulder	Doodles	129
709	20130.jpg	Boulder	Doodles	130
710	20131.jpg	Boulder	Doodles	131
711	20132.jpg	Boulder	Doodles	132
712	20133.jpg	Boulder	Doodles	133
713	20134.jpg	Boulder	Doodles	134
714	20135.jpg	Boulder	Doodles	135
715	20136.jpg	Boulder	Doodles	136
716	20137.jpg	Boulder	Doodles	137
717	20138.jpg	Boulder	Doodles	138
718	20139.jpg	Boulder	Doodles	139
719	20140.jpg	Boulder	Doodles	140
720	20141.jpg	Boulder	Doodles	141
721	20142.jpg	Boulder	Doodles	142
722	20143.jpg	Boulder	Doodles	143
723	20144.jpg	Boulder	Doodles	144
724	20145.jpg	Boulder	Doodles	145
725	20146.jpg	Boulder	Doodles	146
726	20147.jpg	Boulder	Doodles	147
727	20148.jpg	Boulder	Doodles	148
728	20149.jpg	Boulder	Doodles	149
729	20150.jpg	Boulder	Doodles	150
730	20151.jpg	Boulder	Doodles	151
731	20152.jpg	Boulder	Doodles	152
732	20153.jpg	Boulder	Doodles	153
733	20154.jpg	Boulder	Doodles	154
734	20155.jpg	Boulder	Doodles	155
735	20156.jpg	Boulder	Doodles	156
736	20157.jpg	Boulder	Doodles	157
737	20158.jpg	Boulder	Doodles	158
738	20159.jpg	Boulder	Doodles	159
739	20160.jpg	Boulder	Doodles	160
740	20161.jpg	Boulder	Doodles	161
741	20162.jpg	Boulder	Doodles	162
742	20163.jpg	Boulder	Doodles	163
743	20164.jpg	Boulder	Doodles	164
744	20165.jpg	Boulder	Doodles	165
745	20166.jpg	Boulder	Doodles	166
746	20167.jpg	Boulder	Doodles	167
747	20168.jpg	Boulder	Doodles	168
748	20169.jpg	Boulder	Doodles	169
749	20170.jpg	Boulder	Doodles	170
750	20171.jpg	Boulder	Doodles	171
751	20172.jpg	Boulder	Doodles	172
752	20173.jpg	Boulder	Doodles	173
753	20174.jpg	Boulder	Doodles	174
754	20175.jpg	Boulder	Doodles	175
755	20176.jpg	Boulder	Doodles	176
756	20177.jpg	Boulder	Doodles	177
757	20178.jpg	Boulder	Doodles	178
758	20179.jpg	Boulder	Doodles	179
759	20180.jpg	Boulder	Doodles	180
760	20181.jpg	Boulder	Doodles	181
761	20182.jpg	Boulder	Doodles	182
762	20183.jpg	Boulder	Doodles	183
763	20184.jpg	Boulder	Doodles	184
764	20185.jpg	Boulder	Doodles	185
765	20186.jpg	Boulder	Doodles	186
766	20187.jpg	Boulder	Doodles	187
767	20188.jpg	Boulder	Doodles	188
768	20189.jpg	Boulder	Doodles	189
769	20190.jpg	Boulder	Doodles	190
770	20191.jpg	Boulder	Doodles	191
771	20192.jpg	Boulder	Doodles	192
772	20193.jpg	Boulder	Doodles	193
773	20194.jpg	Boulder	Doodles	194
774	20195.jpg	Boulder	Doodles	195
775	20196.jpg	Boulder	Doodles	196
776	20197.jpg	Boulder	Doodles	197
777	20198.jpg	Boulder	Doodles	198
778	20199.jpg	Boulder	Doodles	199
779	20200.jpg	Boulder	Doodles	200
780	20201.jpg	Boulder	Doodles	201
781	20202.jpg	Boulder	Doodles	202
782	20203.jpg	Boulder	Doodles	203
783	20204.jpg	Boulder	Doodles	204
784	20205.jpg	Boulder	Doodles	205
785	20206.jpg	Boulder	Doodles	206
786	20207.jpg	Boulder	Doodles	207
787	20208.jpg	Boulder	Doodles	208
788	20209.jpg	Boulder	Doodles	209
789	20210.jpg	Boulder	Doodles	210
790	20211.jpg	Boulder	Doodles	211
791	20212.jpg	Boulder	Doodles	212
792	20213.jpg	Boulder	Doodles	213
793	20214.jpg	Boulder	Doodles	214
794	20215.jpg	Boulder	Doodles	215
795	20216.jpg	Boulder	Doodles	216
796	20217.jpg	Boulder	Doodles	217
797	20218.jpg	Boulder	Doodles	218
798	20219.jpg	Boulder	Doodles	219
799	20220.jpg	Boulder	Doodles	220
800	20221.jpg	Boulder	Doodles	221
801	20222.jpg	Boulder	Doodles	222
802	20223.jpg	Boulder	Doodles	223
803	20224.jpg	Boulder	Doodles	224
804	20225.jpg	Boulder	Doodles	225
805	20226.jpg	Boulder	Doodles	226
806	20227.jpg	Boulder	Doodles	227
807	20228.jpg	Boulder	Doodles	228
808	20229.jpg	Boulder	Doodles	229
809	20230.jpg	Boulder	Doodles	230
810	20231.jpg	Boulder	Doodles	231
811	20232.jpg	Boulder	Doodles	232
812	20233.jpg	Boulder	Doodles	233
813	20234.jpg	Boulder	Doodles	234
814	20235.jpg	Boulder	Doodles	235
815	20236.jpg	Boulder	Doodles	236
816	20237.jpg	Boulder	Doodles	237
817	20238.jpg	Boulder	Doodles	238
818	20239.jpg	Boulder	Doodles	239
819	20240.jpg	Boulder	Doodles	240
820	20241.jpg	Boulder	Doodles	241
821	20242.jpg	Boulder	Doodles	242
822	20243.jpg	Boulder	Doodles	243
823	20244.jpg	Boulder	Doodles	244
824	20245.jpg	Boulder	Doodles	245
825	20246.jpg	Boulder	Doodles	246
826	20247.jpg	Boulder	Doodles	247
827	20248.jpg	Boulder	Doodles	248
828	20249.jpg	Boulder	Doodles	249
829	20250.jpg	Boulder	Doodles	250
830	20251.jpg	Boulder	Doodles	251
831	20252.jpg	Boulder	Doodles	252
832	20253.jpg	Boulder	Doodles	253
833	20254.jpg	Boulder	Doodles	254
834	20255.jpg	Boulder	Doodles	255
835	20256.jpg	Boulder	Doodles	256
836	20257.jpg	Boulder	Doodles	257
837	20258.jpg	Boulder	Doodles	258
838	20259.jpg	Boulder	Doodles	259
839	20260.jpg	Boulder	Doodles	260
840	20261.jpg	Boulder	Doodles	261
841	20262.jpg	Boulder	Doodles	262
842	20263.jpg	Boulder	Doodles	263
843	20264.jpg	Boulder	Doodles	264
844	20265.jpg	Boulder	Doodles	265
845	20266.jpg	Boulder	Doodles	266
846	20267.jpg	Boulder	Doodles	267
847	20268.jpg	Boulder	Doodles	268
848	20269.jpg	Boulder	Doodles	269
849	20270.jpg	Boulder	Doodles	270
850	20271.jpg	Boulder	Doodles	271
851	20272.jpg	Boulder	Doodles	272
852	20273.jpg	Boulder	Doodles	273
853	20274.jpg	Boulder	Doodles	274
854	20275.jpg	Boulder	Doodles	275
855	20276.jpg	Boulder	Doodles	276
856	20277.jpg	Boulder	Doodles	277
857	20278.jpg	Boulder	Doodles	278
858	20279.jpg	Boulder	Doodles	279
859	20280.jpg	Boulder	Doodles	280
860	20281.jpg	Boulder	Doodles	281
861	20282.jpg	Boulder	Doodles	282
862	20283.jpg	Boulder	Doodles	283
863	20284.jpg	Boulder	Doodles	284
864	20285.jpg	Boulder	Doodles	285
865	20286.jpg	Boulder	Doodles	286
866	20287.jpg	Boulder	Doodles	287
867	20288.jpg	Boulder	Doodles	288
868	20289.jpg	Boulder	Doodles	289
869	20290.jpg	Boulder	Doodles	290
870	20291.jpg	Boulder	Doodles	291
871	20292.jpg	Boulder	Doodles	292
872	20293.jpg	Boulder	Doodles	293
873	20294.jpg	Boulder	Doodles	294
874	20295.jpg	Boulder	Doodles	295
875	20296.jpg	Boulder	Doodles	296
876	20297.jpg	Boulder	Doodles	297
877	20298.jpg	Boulder	Doodles	298
878	20299.jpg	Boulder	Doodles	299
879	20300.jpg	Boulder	Doodles	300
880	20301.jpg	Boulder	Doodles	301
881	20302.jpg	Boulder	Doodles	302
882	20303.jpg	Boulder	Doodles	303
883	20304.jpg	Boulder	Doodles	304
884	20305.jpg	Boulder	Doodles	305
885	20306.jpg	Boulder	Doodles	306
886	20307.jpg	Boulder	Doodles	307
887	20308.jpg	Boulder	Doodles	308
888	20309.jpg	Boulder	Doodles	309
889	20310.jpg	Boulder	Doodles	310
890	20311.jpg	Boulder	Doodles	311
891	20312.jpg	Boulder	Doodles	312
892	20313.jpg	Boulder	Doodles	313
893	20314.jpg	Boulder	Doodles	314
894	20315.jpg	Boulder	Doodles	315
895	20316.jpg	Boulder	Doodles	316
896	20317.jpg	Boulder	Doodles	317
897	20318.jpg	Boulder	Doodles	318
898	20319.jpg	Boulder	Doodles	319
899	20320.jpg	Boulder	Doodles	320
900	20321.jpg	Boulder	Doodles	321
901	20322.jpg	Boulder	Doodles	322
902	20323.jpg	Boulder	Doodles	323
903	20324.jpg	Boulder	Doodles	324
904	20325.jpg	Boulder	Doodles	325
905	20326.jpg	Boulder	Doodles	326
906	20327.jpg	Boulder	Doodles	327
907	20328.jpg	Boulder	Doodles	328
908	20329.jpg	Boulder	Doodles	329
909	20330.jpg	Boulder	Doodles	330
910	20331.jpg	Boulder	Doodles	331
911	20332.jpg	Boulder	Doodles	332
912	20333.jpg	Boulder	Doodles	333
913	20334.jpg	Boulder	Doodles	334
914	20335.jpg	Boulder	Doodles	335
915	20336.jpg	Boulder	Doodles	336
916	20337.jpg	Boulder	Doodles	337
917	20338.jpg	Boulder	Doodles	338
918	20339.jpg	Boulder	Doodles	339
919	20340.jpg	Boulder	Doodles	340
920	20341.jpg	Boulder	Doodles	341
921	20342.jpg	Boulder	Doodles	342
922	20343.jpg	Boulder	Doodles	343
923	20344.jpg	Boulder	Doodles	344
924	20345.jpg	Boulder	Doodles	345
925	20346.jpg	Boulder	Doodles	346
926	20347.jpg	Boulder	Doodles	347
927	20348.jpg	Boulder	Doodles	348
928	20349.jpg	Boulder	Doodles	349
929	20350.jpg	Boulder	Doodles	350
930	20351.jpg	Boulder	Doodles	351
931	20352.jpg	Boulder	Doodles	352
932	20353.jpg	Boulder	Doodles	353
933	20354.jpg	Boulder	Doodles	354
934	20355.jpg	Boulder	Doodles	355
935	20356.jpg	Boulder	Doodles	356
936	20357.jpg	Boulder	Doodles	357
937	20358.jpg	Boulder	Doodles	358
938	20359.jpg	Boulder	Doodles	359
939	20360.jpg	Boulder	Doodles	360
940	20361.jpg	Boulder	Doodles	361
941	20362.jpg	Boulder	Doodles	362
942	20363.jpg	Boulder	Doodles	363
943	20364.jpg	Boulder	Doodles	364
944	20365.jpg	Boulder	Doodles	365
945	20366.jpg	Boulder	Doodles	366
946	20367.jpg	Boulder	Doodles	367
947	20368.jpg	Boulder	Doodles	368
948	20369.jpg	Boulder	Doodles	369
949	20370.jpg	Boulder	Doodles	370
950	20371.jpg	Boulder	Doodles	371
951	20372.jpg	Boulder	Doodles	372
952	20373.jpg	Boulder	Doodles	373
953	20374.jpg	Boulder	Doodles	374
954	20375.jpg	Boulder	Doodles	375
955	20376.jpg	Boulder	Doodles	376
956	20377.jpg	Boulder	Doodles	377
957	20378.jpg	Boulder	Doodles	378
958	20379.jpg	Boulder	Doodles	379
959	20380.jpg	Boulder	Doodles	380
960	20381.jpg	Boulder	Doodles	381
961	20382.jpg	Boulder	Doodles	382
962	20383.jpg	Boulder	Doodles	383
963	20384.jpg	Boulder	Doodles	384
964	20385.jpg	Boulder	Doodles	385
965	20386.jpg	Boulder	Doodles	386
966	20387.jpg	Boulder	Doodles	387
967	20388.jpg	Boulder	Doodles	388
968	20389.jpg	Boulder	Doodles	389
969	20390.jpg	Boulder	Doodles	390
970	20391.jpg	Boulder	Doodles	391
971	20392.jpg	Boulder	Doodles	392
972	20393.jpg	Boulder	Doodles	393
973	20394.jpg	Boulder	Doodles	394
974	20395.jpg	Boulder	Doodles	395
975	20396.jpg	Boulder	Doodles	396
976	20397.jpg	Boulder	Doodles	397
977	20398.jpg	Boulder	Doodles	398
978	20399.jpg	Boulder	Doodles	399
979	20400.jpg	Boulder	Doodles	400
980	30001.jpg	Silct	Doodles	1
981	30002.jpg	Silct	Doodles	2
982	30003.jpg	Silct	Doodles	3
983	30004.jpg	Silct	Doodles	4
984	30005.jpg	Silct	Doodles	5
985	30006.jpg	Silct	Doodles	6
986	30007.jpg	Silct	Doodles	7
987	30008.jpg	Silct	Doodles	8
988	30009.jpg	Silct	Doodles	9
989	30010.jpg	Silct	Doodles	10
990	30011.jpg	Silct	Doodles	11
991	30012.jpg	Silct	Doodles	12
992	30013.jpg	Silct	Doodles	13
993	30014.jpg	Silct	Doodles	14
994	30015.jpg	Silct	Doodles	15
995	30016.jpg	Silct	Doodles	16
996	30017.jpg	Silct	Doodles	17
997	30018.jpg	Silct	Doodles	18
998	30019.jpg	Silct	Doodles	19
999	30020.jpg	Silct	Doodles	20
1000	30021.jpg	Silct	Doodles	21
1001	30022.jpg	Silct	Doodles	22
1002	30023.jpg	Silct	Doodles	23
1003	30024.jpg	Silct	Doodles	24
1004	30025.jpg	Silct	Doodles	25
1005	30026.jpg	Silct	Doodles	26
1006	30027.jpg	Silct	Doodles	27
1007	30028.jpg	Silct	Doodles	28
1008	30029.jpg	Silct	Doodles	29
1009	30030.jpg	Silct	Doodles	30
1010	30031.jpg	Silct	Doodles	31
1011	30032.jpg	Silct	Doodles	32
1012	30033.jpg	Silct	Doodles	33
1013	30034.jpg	Silct	Doodles	34
1014	30035.jpg	Silct	Doodles	35
1015	30036.jpg	Silct	Doodles	36
1016	30037.jpg	Silct	Doodles	37
1017	30038.jpg	Silct	Doodles	38
1018	30039.jpg	Silct	Doodles	39
1019	30040.jpg	Silct	Doodles	40
1020	30041.jpg	Silct	Doodles	41
1021	30042.jpg	Silct	Doodles	42
1022	30043.jpg	Silct	Doodles	43
1023	30044.jpg	Silct	Doodles	44
1024	30045.jpg	Silct	Doodles	45
1025	30046.jpg	Silct	Doodles	46
1026	30047.jpg	Silct	Doodles	47
1027	30048.jpg	Silct	Doodles	48
1028	30049.jpg	Silct	Doodles	49
1029	30050.jpg	Silct	Doodles	50
1030	30051.jpg	Silct	Doodles	51
1031	30052.jpg	Silct	Doodles	52
1032	30053.jpg	Silct	Doodles	53
1033	30054.jpg	Silct	Doodles	54
1034	30055.jpg	Silct	Doodles	55
1035	30056.jpg	Silct	Doodles	56
1036	30057.jpg	Silct	Doodles	57
1037	30058.jpg	Silct	Doodles	58
1038	30059.jpg	Silct	Doodles	59
1039	30060.jpg	Silct	Doodles	60
1040	30061.jpg	Silct	Doodles	61
1041	30062.jpg	Silct	Doodles	62
1042	30063.jpg	Silct	Doodles	63
1043	30064.jpg	Silct	Doodles	64
1044	30065.jpg	Silct	Doodles	65
1045	30066.jpg	Silct	Doodles	66
1046	30067.jpg	Silct	Doodles	67
1047	30068.jpg	Silct	Doodles	68
1048	30069.jpg	Silct	Doodles	69
1049	30070.jpg	Silct	Doodles	70
1050	30071.jpg	Silct	Doodles	71
1051	30072.jpg	Silct	Doodles	72
1052	30073.jpg	Silct	Doodles	73
1053	30074.jpg	Silct	Doodles	74
1054	30075.jpg	Silct	Doodles	75
1055	30076.jpg	Silct	Doodles	76
1056	30077.jpg	Silct	Doodles	77
1057	30078.jpg	Silct	Doodles	78
1058	30079.jpg	Silct	Doodles	79
1059	30080.jpg	Silct	Doodles	80
1060	30081.jpg	Silct	Doodles	81
1061	30082.jpg	Silct	Doodles	82
1062	30083.jpg	Silct	Doodles	83
1063	30084.jpg	Silct	Doodles	84
1064	30085.jpg	Silct	Doodles	85
1065	30086.jpg	Silct	Doodles	86
1066	30087.jpg	Silct	Doodles	87
1067	30088.jpg	Silct	Doodles	88
1068	30089.jpg	Silct	Doodles	89
1069	30090.jpg	Silct	Doodles	90
1070	30091.jpg	Silct	Doodles	91
1071	30092.jpg	Silct	Doodles	92
1072	30093.jpg	Silct	Doodles	93
1073	30094.jpg	Silct	Doodles	94
1074	30095.jpg	Silct	Doodles	95
1075	30096.jpg	Silct	Doodles	96
1076	30097.jpg	Silct	Doodles	97
1077	30098.jpg	Silct	Doodles	98
1078	30099.jpg	Silct	Doodles	99
1079	30100.jpg	Silct	Doodles	100
1080	30101.jpg	Silct	Doodles	101
1081	30102.jpg	Silct	Doodles	102
1082	30103.jpg	Silct	Doodles	103
1083	30104.jpg	Silct	Doodles	104
1084	30105.jpg	Silct	Doodles	105
1085	30106.jpg	Silct	Doodles	106
1086	30107.jpg	Silct	Doodles	107
1087	30108.jpg	Silct	Doodles	108
1088	30109.jpg	Silct	Doodles	109
1089	30110.jpg	Silct	Doodles	110
1090	30111.jpg	Silct	Doodles	111
1091	30112.jpg	Silct	Doodles	112
1092	30113.jpg	Silct	Doodles	113
1093	30114.jpg	Silct	Doodles	114
1094	30115.jpg	Silct	Doodles	115
1095	30116.jpg	Silct	Doodles	116
1096	30117.jpg	Silct	Doodles	117
1097	30118.jpg	Silct	Doodles	118
1098	30119.jpg	Silct	Doodles	119
1099	30120.jpg	Silct	Doodles	120
1100	30121.jpg	Silct	Doodles	121
1101	30122.jpg	Silct	Doodles	122
1102	30123.jpg	Silct	Doodles	123
1103	30124.jpg	Silct	Doodles	124
1104	30125.jpg	Silct	Doodles	125
1105	30126.jpg	Silct	Doodles	126
1106	30127.jpg	Silct	Doodles	127
1107	30128.jpg	Silct	Doodles	128
1108	30129.jpg	Silct	Doodles	129
1109	30130.jpg	Silct	Doodles	130
1110	30131.jpg	Silct	Doodles	131
1111	30132.jpg	Silct	Doodles	132
1112	30133.jpg	Silct	Doodles	133
1113	30134.jpg	Silct	Doodles	134
1114	30135.jpg	Silct	Doodles	135
1115	30136.jpg	Silct	Doodles	136
1116	30137.jpg	Silct	Doodles	137
1117	30138.jpg	Silct	Doodles	138
1118	30139.jpg	Silct	Doodles	139
1119	30140.jpg	Silct	Doodles	140
1120	30141.jpg	Silct	Doodles	141
1121	30142.jpg	Silct	Doodles	142
1122	30143.jpg	Silct	Doodles	143
1123	30144.jpg	Silct	Doodles	144
1124	30145.jpg	Silct	Doodles	145
1125	30146.jpg	Silct	Doodles	146
1126	30147.jpg	Silct	Doodles	147
1127	30148.jpg	Silct	Doodles	148
1128	30149.jpg	Silct	Doodles	149
1129	30150.jpg	Silct	Doodles	150
1130	30151.jpg	Silct	Doodles	151
1131	30152.jpg	Silct	Doodles	152
1132	30153.jpg	Silct	Doodles	153
1133	30154.jpg	Silct	Doodles	154
1134	30155.jpg	Silct	Doodles	155
1135	30156.jpg	Silct	Doodles	156
1136	30157.jpg	Silct	Doodles	157
1137	30158.jpg	Silct	Doodles	158
1138	30159.jpg	Silct	Doodles	159
1139	30160.jpg	Silct	Doodles	160
1140	30161.jpg	Silct	Doodles	161
1141	30162.jpg	Silct	Doodles	162
1142	30163.jpg	Silct	Doodles	163
1143	30164.jpg	Silct	Doodles	164
1144	30165.jpg	Silct	Doodles	165
1145	30166.jpg	Silct	Doodles	166
1146	30167.jpg	Silct	Doodles	167
1147	30168.jpg	Silct	Doodles	168
1148	30169.jpg	Silct	Doodles	169
1149	30170.jpg	Silct	Doodles	170
1150	30171.jpg	Silct	Doodles	171
1151	30172.jpg	Silct	Doodles	172
1152	30173.jpg	Silct	Doodles	173
1153	30174.jpg	Silct	Doodles	174
1154	30175.jpg	Silct	Doodles	175
1155	30176.jpg	Silct	Doodles	176
1156	30177.jpg	Silct	Doodles	177
1157	30178.jpg	Silct	Doodles	178
1158	30179.jpg	Silct	Doodles	179
1159	30180.jpg	Silct	Doodles	180
1160	30181.jpg	Silct	Doodles	181
1161	30182.jpg	Silct	Doodles	182
1162	30183.jpg	Silct	Doodles	183
1163	30184.jpg	Silct	Doodles	184
1164	30185.jpg	Silct	Doodles	185
1165	30186.jpg	Silct	Doodles	186
1166	30187.jpg	Silct	Doodles	187
1167	30188.jpg	Silct	Doodles	188
1168	30189.jpg	Silct	Doodles	189
1169	30190.jpg	Silct	Doodles	190
1170	30191.jpg	Silct	Doodles	191
1171	30192.jpg	Silct	Doodles	192
1172	30193.jpg	Silct	Doodles	193
1173	30194.jpg	Silct	Doodles	194
1174	30195.jpg	Silct	Doodles	195
1175	30196.jpg	Silct	Doodles	196
1176	30197.jpg	Silct	Doodles	197
1177	30198.jpg	Silct	Doodles	198
1178	30199.jpg	Silct	Doodles	199
1179	30200.jpg	Silct	Doodles	200
1180	30201.jpg	Silct	Doodles	201
1181	30202.jpg	Silct	Doodles	202
1182	30203.jpg	Silct	Doodles	203
1183	30204.jpg	Silct	Doodles	204
1184	30205.jpg	Silct	Doodles	205
1185	30206.jpg	Silct	Doodles	206
1186	30207.jpg	Silct	Doodles	207
1187	30208.jpg	Silct	Doodles	208
1188	30209.jpg	Silct	Doodles	209
1189	30210.jpg	Silct	Doodles	210
1190	30211.jpg	Silct	Doodles	211
1191	30212.jpg	Silct	Doodles	212
1192	30213.jpg	Silct	Doodles	213
1193	30214.jpg	Silct	Doodles	214
1194	30215.jpg	Silct	Doodles	215
1195	30216.jpg	Silct	Doodles	216
1196	30217.jpg	Silct	Doodles	217
1197	30218.jpg	Silct	Doodles	218
1198	30219.jpg	Silct	Doodles	219
1199	30220.jpg	Silct	Doodles	220
1200	30221.jpg	Silct	Doodles	221
1201	30222.jpg	Silct	Doodles	222
1202	30223.jpg	Silct	Doodles	223
1203	30224.jpg	Silct	Doodles	224
1204	30225.jpg	Silct	Doodles	225
1205	30226.jpg	Silct	Doodles	226
1206	30227.jpg	Silct	Doodles	227
1207	30228.jpg	Silct	Doodles	228
1208	30229.jpg	Silct	Doodles	229
1209	30230.jpg	Silct	Doodles	230
1210	30231.jpg	Silct	Doodles	231
1211	30232.jpg	Silct	Doodles	232
1212	30233.jpg	Silct	Doodles	233
1213	30234.jpg	Silct	Doodles	234
1214	30235.jpg	Silct	Doodles	235
1215	30236.jpg	Silct	Doodles	236
1216	30237.jpg	Silct	Doodles	237
1217	30238.jpg	Silct	Doodles	238
1218	30239.jpg	Silct	Doodles	239
1219	30240.jpg	Silct	Doodles	240
1220	30241.jpg	Silct	Doodles	241
1221	30242.jpg	Silct	Doodles	242
1222	30243.jpg	Silct	Doodles	243
1223	30244.jpg	Silct	Doodles	244
1224	30245.jpg	Silct	Doodles	245
1225	30246.jpg	Silct	Doodles	246
1226	30247.jpg	Silct	Doodles	247
1227	30248.jpg	Silct	Doodles	248
1228	30249.jpg	Silct	Doodles	249
1229	30250.jpg	Silct	Doodles	250
1230	30251.jpg	Silct	Doodles	251
1231	30252.jpg	Silct	Doodles	252
1232	30253.jpg	Silct	Doodles	253
1233	30254.jpg	Silct	Doodles	254
1234	30255.jpg	Silct	Doodles	255
1235	30256.jpg	Silct	Doodles	256
1236	30257.jpg	Silct	Doodles	257
1237	30258.jpg	Silct	Doodles	258
1238	30259.jpg	Silct	Doodles	259
1239	30260.jpg	Silct	Doodles	260
1240	30261.jpg	Silct	Doodles	261
1241	30262.jpg	Silct	Doodles	262
1242	30263.jpg	Silct	Doodles	263
1243	30264.jpg	Silct	Doodles	264
1244	30265.jpg	Silct	Doodles	265
1245	30266.jpg	Silct	Doodles	266
1246	30267.jpg	Silct	Doodles	267
1247	30268.jpg	Silct	Doodles	268
1248	30269.jpg	Silct	Doodles	269
1249	30270.jpg	Silct	Doodles	270
1250	30271.jpg	Silct	Doodles	271
1251	30272.jpg	Silct	Doodles	272
1252	30273.jpg	Silct	Doodles	273
1253	30274.jpg	Silct	Doodles	274
1254	30275.jpg	Silct	Doodles	275
1255	30276.jpg	Silct	Doodles	276
1256	30277.jpg	Silct	Doodles	277
1257	30278.jpg	Silct	Doodles	278
1258	30279.jpg	Silct	Doodles	279
1259	30280.jpg	Silct	Doodles	280
1260	30281.jpg	Silct	Doodles	281
1261	30282.jpg	Silct	Doodles	282
1262	30283.jpg	Silct	Doodles	283
1263	30284.jpg	Silct	Doodles	284
1264	30285.jpg	Silct	Doodles	285
1265	30286.jpg	Silct	Doodles	286
1266	30287.jpg	Silct	Doodles	287
1267	30288.jpg	Silct	Doodles	288
1268	30289.jpg	Silct	Doodles	289
1269	30290.jpg	Silct	Doodles	290
1270	30291.jpg	Silct	Doodles	291
1271	30292.jpg	Silct	Doodles	292
1272	30293.jpg	Silct	Doodles	293
1273	30294.jpg	Silct	Doodles	294
1274	30295.jpg	Silct	Doodles	295
1275	30296.jpg	Silct	Doodles	296
1276	30297.jpg	Silct	Doodles	297
1277	30298.jpg	Silct	Doodles	298
1278	30299.jpg	Silct	Doodles	299
1279	30300.jpg	Silct	Doodles	300
1280	30301.jpg	Silct	Doodles	301
1281	30302.jpg	Silct	Doodles	302
1282	30303.jpg	Silct	Doodles	303
1283	30304.jpg	Silct	Doodles	304
1284	30305.jpg	Silct	Doodles	305
1285	30306.jpg	Silct	Doodles	306
1286	30307.jpg	Silct	Doodles	307
1287	30308.jpg	Silct	Doodles	308
1288	30309.jpg	Silct	Doodles	309
1289	30310.jpg	Silct	Doodles	310
1290	30311.jpg	Silct	Doodles	311
1291	30312.jpg	Silct	Doodles	312
1292	30313.jpg	Silct	Doodles	313
1293	30314.jpg	Silct	Doodles	314
1294	30315.jpg	Silct	Doodles	315
1295	30316.jpg	Silct	Doodles	316
1296	30317.jpg	Silct	Doodles	317
1297	30318.jpg	Silct	Doodles	318
1298	30319.jpg	Silct	Doodles	319
1299	30320.jpg	Silct	Doodles	320
1300	30321.jpg	Silct	Doodles	321
1301	30322.jpg	Silct	Doodles	322
1302	30323.jpg	Silct	Doodles	323
1303	30324.jpg	Silct	Doodles	324
1304	30325.jpg	Silct	Doodles	325
1305	30326.jpg	Silct	Doodles	326
1306	30327.jpg	Silct	Doodles	327
1307	30328.jpg	Silct	Doodles	328
1308	30329.jpg	Silct	Doodles	329
1309	30330.jpg	Silct	Doodles	330
1310	30331.jpg	Silct	Doodles	331
1311	30332.jpg	Silct	Doodles	332
1312	30333.jpg	Silct	Doodles	333
1313	30334.jpg	Silct	Doodles	334
1314	30335.jpg	Silct	Doodles	335
1315	30336.jpg	Silct	Doodles	336
1316	30337.jpg	Silct	Doodles	337
1317	30338.jpg	Silct	Doodles	338
1318	30339.jpg	Silct	Doodles	339
1319	30340.jpg	Silct	Doodles	340
1320	30341.jpg	Silct	Doodles	341
1321	30342.jpg	Silct	Doodles	342
1322	30343.jpg	Silct	Doodles	343
1323	30344.jpg	Silct	Doodles	344
1324	30345.jpg	Silct	Doodles	345
1325	30346.jpg	Silct	Doodles	346
1326	30347.jpg	Silct	Doodles	347
1327	30348.jpg	Silct	Doodles	348
1328	30349.jpg	Silct	Doodles	349
1329	30350.jpg	Silct	Doodles	350
1330	30351.jpg	Silct	Doodles	351
1331	30352.jpg	Silct	Doodles	352
1332	30353.jpg	Silct	Doodles	353
1333	30354.jpg	Silct	Doodles	354
1334	30355.jpg	Silct	Doodles	355
1335	30356.jpg	Silct	Doodles	356
1336	30357.jpg	Silct	Doodles	357
1337	30358.jpg	Silct	Doodles	358
1338	30359.jpg	Silct	Doodles	359
1339	30360.jpg	Silct	Doodles	360
1340	30361.jpg	Silct	Doodles	361
1341	30362.jpg	Silct	Doodles	362
1342	30363.jpg	Silct	Doodles	363
1343	30364.jpg	Silct	Doodles	364
1344	30365.jpg	Silct	Doodles	365
1345	30366.jpg	Silct	Doodles	366
1346	30367.jpg	Silct	Doodles	367
1347	30368.jpg	Silct	Doodles	368
1348	30369.jpg	Silct	Doodles	369
1349	30370.jpg	Silct	Doodles	370
1350	30371.jpg	Silct	Doodles	371
1351	30372.jpg	Silct	Doodles	372
1352	30373.jpg	Silct	Doodles	373
1353	30374.jpg	Silct	Doodles	374
1354	30375.jpg	Silct	Doodles	375
1355	30376.jpg	Silct	Doodles	376
1356	30377.jpg	Silct	Doodles	377
1357	30378.jpg	Silct	Doodles	378
1358	30379.jpg	Silct	Doodles	379
1359	30380.jpg	Silct	Doodles	380
1360	30381.jpg	Silct	Doodles	381
1361	30382.jpg	Silct	Doodles	382
1362	30383.jpg	Silct	Doodles	383
1363	30384.jpg	Silct	Doodles	384
1364	30385.jpg	Silct	Doodles	385
1365	30386.jpg	Silct	Doodles	386
1366	30387.jpg	Silct	Doodles	387
1367	30388.jpg	Silct	Doodles	388
1368	30389.jpg	Silct	Doodles	389
1369	30390.jpg	Silct	Doodles	390
1370	30391.jpg	Silct	Doodles	391
1371	30392.jpg	Silct	Doodles	392
1372	30393.jpg	Silct	Doodles	393
1373	30394.jpg	Silct	Doodles	394
1374	30395.jpg	Silct	Doodles	395
1375	30396.jpg	Silct	Doodles	396
1376	30397.jpg	Silct	Doodles	397
1377	30398.jpg	Silct	Doodles	398
1378	30399.jpg	Silct	Doodles	399
1379	30400.jpg	Silct	Doodles	400
1380	40001.jpg	Shape_Reserved_AI	Doodles	1
1381	40002.jpg	Shape_Reserved_AI	Doodles	2
1382	40003.jpg	Shape_Reserved_AI	Doodles	3
1383	40004.jpg	Shape_Reserved_AI	Doodles	4
1384	40005.jpg	Shape_Reserved_AI	Doodles	5
1385	40006.jpg	Shape_Reserved_AI	Doodles	6
1386	40007.jpg	Shape_Reserved_AI	Doodles	7
1387	40008.jpg	Shape_Reserved_AI	Doodles	8
1388	40009.jpg	Shape_Reserved_AI	Doodles	9
1389	40010.jpg	Shape_Reserved_AI	Doodles	10
1390	40011.jpg	Shape_Reserved_AI	Doodles	11
1391	40012.jpg	Shape_Reserved_AI	Doodles	12
1392	40013.jpg	Shape_Reserved_AI	Doodles	13
1393	40014.jpg	Shape_Reserved_AI	Doodles	14
1394	40015.jpg	Shape_Reserved_AI	Doodles	15
1395	40016.jpg	Shape_Reserved_AI	Doodles	16
1396	40017.jpg	Shape_Reserved_AI	Doodles	17
1397	40018.jpg	Shape_Reserved_AI	Doodles	18
1398	40019.jpg	Shape_Reserved_AI	Doodles	19
1399	40020.jpg	Shape_Reserved_AI	Doodles	20
1400	40021.jpg	Shape_Reserved_AI	Doodles	21
1401	40022.jpg	Shape_Reserved_AI	Doodles	22
1402	40023.jpg	Shape_Reserved_AI	Doodles	23
1403	40024.jpg	Shape_Reserved_AI	Doodles	24
1404	40025.jpg	Shape_Reserved_AI	Doodles	25
1405	40026.jpg	Shape_Reserved_AI	Doodles	26
1406	40027.jpg	Shape_Reserved_AI	Doodles	27
1407	40028.jpg	Shape_Reserved_AI	Doodles	28
1408	40029.jpg	Shape_Reserved_AI	Doodles	29
1409	40030.jpg	Shape_Reserved_AI	Doodles	30
1410	40031.jpg	Shape_Reserved_AI	Doodles	31
1411	40032.jpg	Shape_Reserved_AI	Doodles	32
1412	40033.jpg	Shape_Reserved_AI	Doodles	33
1413	40034.jpg	Shape_Reserved_AI	Doodles	34
1414	40035.jpg	Shape_Reserved_AI	Doodles	35
1415	40036.jpg	Shape_Reserved_AI	Doodles	36
1416	40037.jpg	Shape_Reserved_AI	Doodles	37
1417	40038.jpg	Shape_Reserved_AI	Doodles	38
1418	40039.jpg	Shape_Reserved_AI	Doodles	39
1419	40040.jpg	Shape_Reserved_AI	Doodles	40
1420	40041.jpg	Shape_Reserved_AI	Doodles	41
1421	40042.jpg	Shape_Reserved_AI	Doodles	42
1422	40043.jpg	Shape_Reserved_AI	Doodles	43
1423	40044.jpg	Shape_Reserved_AI	Doodles	44
1424	40045.jpg	Shape_Reserved_AI	Doodles	45
1425	40046.jpg	Shape_Reserved_AI	Doodles	46
1426	40047.jpg	Shape_Reserved_AI	Doodles	47
1427	40048.jpg	Shape_Reserved_AI	Doodles	48
1428	40049.jpg	Shape_Reserved_AI	Doodles	49
1429	40050.jpg	Shape_Reserved_AI	Doodles	50
1430	40051.jpg	Shape_Reserved_AI	Doodles	51
1431	40052.jpg	Shape_Reserved_AI	Doodles	52
1432	40053.jpg	Shape_Reserved_AI	Doodles	53
1433	40054.jpg	Shape_Reserved_AI	Doodles	54
1434	40055.jpg	Shape_Reserved_AI	Doodles	55
1435	40056.jpg	Shape_Reserved_AI	Doodles	56
1436	40057.jpg	Shape_Reserved_AI	Doodles	57
1437	40058.jpg	Shape_Reserved_AI	Doodles	58
1438	40059.jpg	Shape_Reserved_AI	Doodles	59
1439	40060.jpg	Shape_Reserved_AI	Doodles	60
1440	40061.jpg	Shape_Reserved_AI	Doodles	61
1441	40062.jpg	Shape_Reserved_AI	Doodles	62
1442	40063.jpg	Shape_Reserved_AI	Doodles	63
1443	40064.jpg	Shape_Reserved_AI	Doodles	64
1444	40065.jpg	Shape_Reserved_AI	Doodles	65
1445	40066.jpg	Shape_Reserved_AI	Doodles	66
1446	40067.jpg	Shape_Reserved_AI	Doodles	67
1447	40068.jpg	Shape_Reserved_AI	Doodles	68
1448	40069.jpg	Shape_Reserved_AI	Doodles	69
1449	40070.jpg	Shape_Reserved_AI	Doodles	70
1450	40071.jpg	Shape_Reserved_AI	Doodles	71
1451	40072.jpg	Shape_Reserved_AI	Doodles	72
1452	40073.jpg	Shape_Reserved_AI	Doodles	73
1453	40074.jpg	Shape_Reserved_AI	Doodles	74
1454	40075.jpg	Shape_Reserved_AI	Doodles	75
1455	40076.jpg	Shape_Reserved_AI	Doodles	76
1456	40077.jpg	Shape_Reserved_AI	Doodles	77
1457	40078.jpg	Shape_Reserved_AI	Doodles	78
1458	40079.jpg	Shape_Reserved_AI	Doodles	79
1459	40080.jpg	Shape_Reserved_AI	Doodles	80
1460	40081.jpg	Shape_Reserved_AI	Doodles	81
1461	40082.jpg	Shape_Reserved_AI	Doodles	82
1462	40083.jpg	Shape_Reserved_AI	Doodles	83
1463	40084.jpg	Shape_Reserved_AI	Doodles	84
1464	40085.jpg	Shape_Reserved_AI	Doodles	85
1465	40086.jpg	Shape_Reserved_AI	Doodles	86
1466	40087.jpg	Shape_Reserved_AI	Doodles	87
1467	40088.jpg	Shape_Reserved_AI	Doodles	88
1468	40089.jpg	Shape_Reserved_AI	Doodles	89
1469	40090.jpg	Shape_Reserved_AI	Doodles	90
1470	40091.jpg	Shape_Reserved_AI	Doodles	91
1471	40092.jpg	Shape_Reserved_AI	Doodles	92
1472	40093.jpg	Shape_Reserved_AI	Doodles	93
1473	40094.jpg	Shape_Reserved_AI	Doodles	94
1474	40095.jpg	Shape_Reserved_AI	Doodles	95
1475	40096.jpg	Shape_Reserved_AI	Doodles	96
1476	40097.jpg	Shape_Reserved_AI	Doodles	97
1477	40098.jpg	Shape_Reserved_AI	Doodles	98
1478	40099.jpg	Shape_Reserved_AI	Doodles	99
1479	40100.jpg	Shape_Reserved_AI	Doodles	100
1480	40101.jpg	Shape_Reserved_AI	Doodles	101
1481	40102.jpg	Shape_Reserved_AI	Doodles	102
1482	40103.jpg	Shape_Reserved_AI	Doodles	103
1483	40104.jpg	Shape_Reserved_AI	Doodles	104
1484	40105.jpg	Shape_Reserved_AI	Doodles	105
1485	40106.jpg	Shape_Reserved_AI	Doodles	106
1486	40107.jpg	Shape_Reserved_AI	Doodles	107
1487	40108.jpg	Shape_Reserved_AI	Doodles	108
1488	40109.jpg	Shape_Reserved_AI	Doodles	109
1489	40110.jpg	Shape_Reserved_AI	Doodles	110
1490	40111.jpg	Shape_Reserved_AI	Doodles	111
1491	40112.jpg	Shape_Reserved_AI	Doodles	112
1492	40113.jpg	Shape_Reserved_AI	Doodles	113
1493	40114.jpg	Shape_Reserved_AI	Doodles	114
1494	40115.jpg	Shape_Reserved_AI	Doodles	115
1495	40116.jpg	Shape_Reserved_AI	Doodles	116
1496	40117.jpg	Shape_Reserved_AI	Doodles	117
1497	40118.jpg	Shape_Reserved_AI	Doodles	118
1498	40119.jpg	Shape_Reserved_AI	Doodles	119
1499	40120.jpg	Shape_Reserved_AI	Doodles	120
1500	40121.jpg	Shape_Reserved_AI	Doodles	121
1501	40122.jpg	Shape_Reserved_AI	Doodles	122
1502	40123.jpg	Shape_Reserved_AI	Doodles	123
1503	40124.jpg	Shape_Reserved_AI	Doodles	124
1504	40125.jpg	Shape_Reserved_AI	Doodles	125
1505	40126.jpg	Shape_Reserved_AI	Doodles	126
1506	40127.jpg	Shape_Reserved_AI	Doodles	127
1507	40128.jpg	Shape_Reserved_AI	Doodles	128
1508	40129.jpg	Shape_Reserved_AI	Doodles	129
1509	40130.jpg	Shape_Reserved_AI	Doodles	130
1510	40131.jpg	Shape_Reserved_AI	Doodles	131
1511	40132.jpg	Shape_Reserved_AI	Doodles	132
1512	40133.jpg	Shape_Reserved_AI	Doodles	133
1513	40134.jpg	Shape_Reserved_AI	Doodles	134
1514	40135.jpg	Shape_Reserved_AI	Doodles	135
1515	40136.jpg	Shape_Reserved_AI	Doodles	136
1516	40137.jpg	Shape_Reserved_AI	Doodles	137
1517	40138.jpg	Shape_Reserved_AI	Doodles	138
1518	40139.jpg	Shape_Reserved_AI	Doodles	139
1519	40140.jpg	Shape_Reserved_AI	Doodles	140
1520	40141.jpg	Shape_Reserved_AI	Doodles	141
1521	40142.jpg	Shape_Reserved_AI	Doodles	142
1522	40143.jpg	Shape_Reserved_AI	Doodles	143
1523	40144.jpg	Shape_Reserved_AI	Doodles	144
1524	40145.jpg	Shape_Reserved_AI	Doodles	145
1525	40146.jpg	Shape_Reserved_AI	Doodles	146
1526	40147.jpg	Shape_Reserved_AI	Doodles	147
1527	40148.jpg	Shape_Reserved_AI	Doodles	148
1528	40149.jpg	Shape_Reserved_AI	Doodles	149
1529	40150.jpg	Shape_Reserved_AI	Doodles	150
1530	40151.jpg	Shape_Reserved_AI	Doodles	151
1531	40152.jpg	Shape_Reserved_AI	Doodles	152
1532	40153.jpg	Shape_Reserved_AI	Doodles	153
1533	40154.jpg	Shape_Reserved_AI	Doodles	154
1534	40155.jpg	Shape_Reserved_AI	Doodles	155
1535	40156.jpg	Shape_Reserved_AI	Doodles	156
1536	40157.jpg	Shape_Reserved_AI	Doodles	157
1537	40158.jpg	Shape_Reserved_AI	Doodles	158
1538	40159.jpg	Shape_Reserved_AI	Doodles	159
1539	40160.jpg	Shape_Reserved_AI	Doodles	160
1540	40161.jpg	Shape_Reserved_AI	Doodles	161
1541	40162.jpg	Shape_Reserved_AI	Doodles	162
1542	40163.jpg	Shape_Reserved_AI	Doodles	163
1543	40164.jpg	Shape_Reserved_AI	Doodles	164
1544	40165.jpg	Shape_Reserved_AI	Doodles	165
1545	40166.jpg	Shape_Reserved_AI	Doodles	166
1546	40167.jpg	Shape_Reserved_AI	Doodles	167
1547	40168.jpg	Shape_Reserved_AI	Doodles	168
1548	40169.jpg	Shape_Reserved_AI	Doodles	169
1549	40170.jpg	Shape_Reserved_AI	Doodles	170
1550	40171.jpg	Shape_Reserved_AI	Doodles	171
1551	40172.jpg	Shape_Reserved_AI	Doodles	172
1552	40173.jpg	Shape_Reserved_AI	Doodles	173
1553	40174.jpg	Shape_Reserved_AI	Doodles	174
1554	40175.jpg	Shape_Reserved_AI	Doodles	175
1555	40176.jpg	Shape_Reserved_AI	Doodles	176
1556	40177.jpg	Shape_Reserved_AI	Doodles	177
1557	40178.jpg	Shape_Reserved_AI	Doodles	178
1558	40179.jpg	Shape_Reserved_AI	Doodles	179
1559	40180.jpg	Shape_Reserved_AI	Doodles	180
1560	40181.jpg	Shape_Reserved_AI	Doodles	181
1561	40182.jpg	Shape_Reserved_AI	Doodles	182
1562	40183.jpg	Shape_Reserved_AI	Doodles	183
1563	40184.jpg	Shape_Reserved_AI	Doodles	184
1564	40185.jpg	Shape_Reserved_AI	Doodles	185
1565	40186.jpg	Shape_Reserved_AI	Doodles	186
1566	40187.jpg	Shape_Reserved_AI	Doodles	187
1567	40188.jpg	Shape_Reserved_AI	Doodles	188
1568	40189.jpg	Shape_Reserved_AI	Doodles	189
1569	40190.jpg	Shape_Reserved_AI	Doodles	190
1570	40191.jpg	Shape_Reserved_AI	Doodles	191
1571	40192.jpg	Shape_Reserved_AI	Doodles	192
1572	40193.jpg	Shape_Reserved_AI	Doodles	193
1573	40194.jpg	Shape_Reserved_AI	Doodles	194
1574	40195.jpg	Shape_Reserved_AI	Doodles	195
1575	40196.jpg	Shape_Reserved_AI	Doodles	196
1576	40197.jpg	Shape_Reserved_AI	Doodles	197
1577	40198.jpg	Shape_Reserved_AI	Doodles	198
1578	40199.jpg	Shape_Reserved_AI	Doodles	199
1579	40200.jpg	Shape_Reserved_AI	Doodles	200
1580	40201.jpg	Shape_Reserved_AI	Doodles	201
1581	40202.jpg	Shape_Reserved_AI	Doodles	202
1582	40203.jpg	Shape_Reserved_AI	Doodles	203
1583	40204.jpg	Shape_Reserved_AI	Doodles	204
1584	40205.jpg	Shape_Reserved_AI	Doodles	205
1585	40206.jpg	Shape_Reserved_AI	Doodles	206
1586	40207.jpg	Shape_Reserved_AI	Doodles	207
1587	40208.jpg	Shape_Reserved_AI	Doodles	208
1588	40209.jpg	Shape_Reserved_AI	Doodles	209
1589	40210.jpg	Shape_Reserved_AI	Doodles	210
1590	40211.jpg	Shape_Reserved_AI	Doodles	211
1591	40212.jpg	Shape_Reserved_AI	Doodles	212
1592	40213.jpg	Shape_Reserved_AI	Doodles	213
1593	40214.jpg	Shape_Reserved_AI	Doodles	214
1594	40215.jpg	Shape_Reserved_AI	Doodles	215
1595	40216.jpg	Shape_Reserved_AI	Doodles	216
1596	40217.jpg	Shape_Reserved_AI	Doodles	217
1597	40218.jpg	Shape_Reserved_AI	Doodles	218
1598	40219.jpg	Shape_Reserved_AI	Doodles	219
1599	40220.jpg	Shape_Reserved_AI	Doodles	220
1600	40221.jpg	Shape_Reserved_AI	Doodles	221
1601	40222.jpg	Shape_Reserved_AI	Doodles	222
1602	40223.jpg	Shape_Reserved_AI	Doodles	223
1603	40224.jpg	Shape_Reserved_AI	Doodles	224
1604	40225.jpg	Shape_Reserved_AI	Doodles	225
1605	40226.jpg	Shape_Reserved_AI	Doodles	226
1606	40227.jpg	Shape_Reserved_AI	Doodles	227
1607	40228.jpg	Shape_Reserved_AI	Doodles	228
1608	40229.jpg	Shape_Reserved_AI	Doodles	229
1609	40230.jpg	Shape_Reserved_AI	Doodles	230
1610	40231.jpg	Shape_Reserved_AI	Doodles	231
1611	40232.jpg	Shape_Reserved_AI	Doodles	232
1612	40233.jpg	Shape_Reserved_AI	Doodles	233
1613	40234.jpg	Shape_Reserved_AI	Doodles	234
1614	40235.jpg	Shape_Reserved_AI	Doodles	235
1615	40236.jpg	Shape_Reserved_AI	Doodles	236
1616	40237.jpg	Shape_Reserved_AI	Doodles	237
1617	40238.jpg	Shape_Reserved_AI	Doodles	238
1618	40239.jpg	Shape_Reserved_AI	Doodles	239
1619	40240.jpg	Shape_Reserved_AI	Doodles	240
1620	40241.jpg	Shape_Reserved_AI	Doodles	241
1621	40242.jpg	Shape_Reserved_AI	Doodles	242
1622	40243.jpg	Shape_Reserved_AI	Doodles	243
1623	40244.jpg	Shape_Reserved_AI	Doodles	244
1624	40245.jpg	Shape_Reserved_AI	Doodles	245
1625	40246.jpg	Shape_Reserved_AI	Doodles	246
1626	40247.jpg	Shape_Reserved_AI	Doodles	247
1627	40248.jpg	Shape_Reserved_AI	Doodles	248
1628	40249.jpg	Shape_Reserved_AI	Doodles	249
1629	40250.jpg	Shape_Reserved_AI	Doodles	250
1630	40251.jpg	Shape_Reserved_AI	Doodles	251
1631	40252.jpg	Shape_Reserved_AI	Doodles	252
1632	40253.jpg	Shape_Reserved_AI	Doodles	253
1633	40254.jpg	Shape_Reserved_AI	Doodles	254
1634	40255.jpg	Shape_Reserved_AI	Doodles	255
1635	40256.jpg	Shape_Reserved_AI	Doodles	256
1636	40257.jpg	Shape_Reserved_AI	Doodles	257
1637	40258.jpg	Shape_Reserved_AI	Doodles	258
1638	40259.jpg	Shape_Reserved_AI	Doodles	259
1639	40260.jpg	Shape_Reserved_AI	Doodles	260
1640	40261.jpg	Shape_Reserved_AI	Doodles	261
1641	40262.jpg	Shape_Reserved_AI	Doodles	262
1642	40263.jpg	Shape_Reserved_AI	Doodles	263
1643	40264.jpg	Shape_Reserved_AI	Doodles	264
1644	40265.jpg	Shape_Reserved_AI	Doodles	265
1645	40266.jpg	Shape_Reserved_AI	Doodles	266
1646	40267.jpg	Shape_Reserved_AI	Doodles	267
1647	40268.jpg	Shape_Reserved_AI	Doodles	268
1648	40269.jpg	Shape_Reserved_AI	Doodles	269
1649	40270.jpg	Shape_Reserved_AI	Doodles	270
1650	40271.jpg	Shape_Reserved_AI	Doodles	271
1651	40272.jpg	Shape_Reserved_AI	Doodles	272
1652	40273.jpg	Shape_Reserved_AI	Doodles	273
1653	40274.jpg	Shape_Reserved_AI	Doodles	274
1654	40275.jpg	Shape_Reserved_AI	Doodles	275
1655	40276.jpg	Shape_Reserved_AI	Doodles	276
1656	40277.jpg	Shape_Reserved_AI	Doodles	277
1657	40278.jpg	Shape_Reserved_AI	Doodles	278
1658	40279.jpg	Shape_Reserved_AI	Doodles	279
1659	40280.jpg	Shape_Reserved_AI	Doodles	280
1660	40281.jpg	Shape_Reserved_AI	Doodles	281
1661	40282.jpg	Shape_Reserved_AI	Doodles	282
1662	40283.jpg	Shape_Reserved_AI	Doodles	283
1663	40284.jpg	Shape_Reserved_AI	Doodles	284
1664	40285.jpg	Shape_Reserved_AI	Doodles	285
1665	40286.jpg	Shape_Reserved_AI	Doodles	286
1666	40287.jpg	Shape_Reserved_AI	Doodles	287
1667	40288.jpg	Shape_Reserved_AI	Doodles	288
1668	40289.jpg	Shape_Reserved_AI	Doodles	289
1669	40290.jpg	Shape_Reserved_AI	Doodles	290
1670	40291.jpg	Shape_Reserved_AI	Doodles	291
1671	40292.jpg	Shape_Reserved_AI	Doodles	292
1672	40293.jpg	Shape_Reserved_AI	Doodles	293
1673	40294.jpg	Shape_Reserved_AI	Doodles	294
1674	40295.jpg	Shape_Reserved_AI	Doodles	295
1675	40296.jpg	Shape_Reserved_AI	Doodles	296
1676	40297.jpg	Shape_Reserved_AI	Doodles	297
1677	40298.jpg	Shape_Reserved_AI	Doodles	298
1678	40299.jpg	Shape_Reserved_AI	Doodles	299
1679	40300.jpg	Shape_Reserved_AI	Doodles	300
1680	40301.jpg	Shape_Reserved_AI	Doodles	301
1681	40302.jpg	Shape_Reserved_AI	Doodles	302
1682	40303.jpg	Shape_Reserved_AI	Doodles	303
1683	40304.jpg	Shape_Reserved_AI	Doodles	304
1684	40305.jpg	Shape_Reserved_AI	Doodles	305
1685	40306.jpg	Shape_Reserved_AI	Doodles	306
1686	40307.jpg	Shape_Reserved_AI	Doodles	307
1687	40308.jpg	Shape_Reserved_AI	Doodles	308
1688	40309.jpg	Shape_Reserved_AI	Doodles	309
1689	40310.jpg	Shape_Reserved_AI	Doodles	310
1690	40311.jpg	Shape_Reserved_AI	Doodles	311
1691	40312.jpg	Shape_Reserved_AI	Doodles	312
1692	40313.jpg	Shape_Reserved_AI	Doodles	313
1693	40314.jpg	Shape_Reserved_AI	Doodles	314
1694	40315.jpg	Shape_Reserved_AI	Doodles	315
1695	40316.jpg	Shape_Reserved_AI	Doodles	316
1696	40317.jpg	Shape_Reserved_AI	Doodles	317
1697	40318.jpg	Shape_Reserved_AI	Doodles	318
1698	40319.jpg	Shape_Reserved_AI	Doodles	319
1699	40320.jpg	Shape_Reserved_AI	Doodles	320
1700	40321.jpg	Shape_Reserved_AI	Doodles	321
1701	40322.jpg	Shape_Reserved_AI	Doodles	322
1702	40323.jpg	Shape_Reserved_AI	Doodles	323
1703	40324.jpg	Shape_Reserved_AI	Doodles	324
1704	40325.jpg	Shape_Reserved_AI	Doodles	325
1705	40326.jpg	Shape_Reserved_AI	Doodles	326
1706	40327.jpg	Shape_Reserved_AI	Doodles	327
1707	40328.jpg	Shape_Reserved_AI	Doodles	328
1708	40329.jpg	Shape_Reserved_AI	Doodles	329
1709	40330.jpg	Shape_Reserved_AI	Doodles	330
1710	40331.jpg	Shape_Reserved_AI	Doodles	331
1711	40332.jpg	Shape_Reserved_AI	Doodles	332
1712	40333.jpg	Shape_Reserved_AI	Doodles	333
1713	40334.jpg	Shape_Reserved_AI	Doodles	334
1714	40335.jpg	Shape_Reserved_AI	Doodles	335
1715	40336.jpg	Shape_Reserved_AI	Doodles	336
1716	40337.jpg	Shape_Reserved_AI	Doodles	337
1717	40338.jpg	Shape_Reserved_AI	Doodles	338
1718	40339.jpg	Shape_Reserved_AI	Doodles	339
1719	40340.jpg	Shape_Reserved_AI	Doodles	340
1720	40341.jpg	Shape_Reserved_AI	Doodles	341
1721	40342.jpg	Shape_Reserved_AI	Doodles	342
1722	40343.jpg	Shape_Reserved_AI	Doodles	343
1723	40344.jpg	Shape_Reserved_AI	Doodles	344
1724	40345.jpg	Shape_Reserved_AI	Doodles	345
1725	40346.jpg	Shape_Reserved_AI	Doodles	346
1726	40347.jpg	Shape_Reserved_AI	Doodles	347
1727	40348.jpg	Shape_Reserved_AI	Doodles	348
1728	40349.jpg	Shape_Reserved_AI	Doodles	349
1729	40350.jpg	Shape_Reserved_AI	Doodles	350
1730	40351.jpg	Shape_Reserved_AI	Doodles	351
1731	40352.jpg	Shape_Reserved_AI	Doodles	352
1732	40353.jpg	Shape_Reserved_AI	Doodles	353
1733	40354.jpg	Shape_Reserved_AI	Doodles	354
1734	40355.jpg	Shape_Reserved_AI	Doodles	355
1735	40356.jpg	Shape_Reserved_AI	Doodles	356
1736	40357.jpg	Shape_Reserved_AI	Doodles	357
1737	40358.jpg	Shape_Reserved_AI	Doodles	358
1738	40359.jpg	Shape_Reserved_AI	Doodles	359
1739	40360.jpg	Shape_Reserved_AI	Doodles	360
1740	40361.jpg	Shape_Reserved_AI	Doodles	361
1741	40362.jpg	Shape_Reserved_AI	Doodles	362
1742	40363.jpg	Shape_Reserved_AI	Doodles	363
1743	40364.jpg	Shape_Reserved_AI	Doodles	364
1744	40365.jpg	Shape_Reserved_AI	Doodles	365
1745	40366.jpg	Shape_Reserved_AI	Doodles	366
1746	40367.jpg	Shape_Reserved_AI	Doodles	367
1747	40368.jpg	Shape_Reserved_AI	Doodles	368
1748	40369.jpg	Shape_Reserved_AI	Doodles	369
1749	40370.jpg	Shape_Reserved_AI	Doodles	370
1750	40371.jpg	Shape_Reserved_AI	Doodles	371
1751	40372.jpg	Shape_Reserved_AI	Doodles	372
1752	40373.jpg	Shape_Reserved_AI	Doodles	373
1753	40374.jpg	Shape_Reserved_AI	Doodles	374
1754	40375.jpg	Shape_Reserved_AI	Doodles	375
1755	40376.jpg	Shape_Reserved_AI	Doodles	376
1756	40377.jpg	Shape_Reserved_AI	Doodles	377
1757	40378.jpg	Shape_Reserved_AI	Doodles	378
1758	40379.jpg	Shape_Reserved_AI	Doodles	379
1759	40380.jpg	Shape_Reserved_AI	Doodles	380
1760	40381.jpg	Shape_Reserved_AI	Doodles	381
1761	40382.jpg	Shape_Reserved_AI	Doodles	382
1762	40383.jpg	Shape_Reserved_AI	Doodles	383
1763	40384.jpg	Shape_Reserved_AI	Doodles	384
1764	40385.jpg	Shape_Reserved_AI	Doodles	385
1765	40386.jpg	Shape_Reserved_AI	Doodles	386
1766	40387.jpg	Shape_Reserved_AI	Doodles	387
1767	40388.jpg	Shape_Reserved_AI	Doodles	388
1768	40389.jpg	Shape_Reserved_AI	Doodles	389
1769	40390.jpg	Shape_Reserved_AI	Doodles	390
1770	40391.jpg	Shape_Reserved_AI	Doodles	391
1771	40392.jpg	Shape_Reserved_AI	Doodles	392
1772	40393.jpg	Shape_Reserved_AI	Doodles	393
1773	40394.jpg	Shape_Reserved_AI	Doodles	394
1774	40395.jpg	Shape_Reserved_AI	Doodles	395
1775	40396.jpg	Shape_Reserved_AI	Doodles	396
1776	40397.jpg	Shape_Reserved_AI	Doodles	397
1777	40398.jpg	Shape_Reserved_AI	Doodles	398
1778	40399.jpg	Shape_Reserved_AI	Doodles	399
1779	40400.jpg	Shape_Reserved_AI	Doodles	400
1780	40401.jpg	Shape_Reserved_AI	Doodles	1
1781	40402.jpg	Shape_Reserved_AI	Doodles	2
1782	40403.jpg	Shape_Reserved_AI	Doodles	3
1783	40404.jpg	Shape_Reserved_AI	Doodles	4
1784	40405.jpg	Shape_Reserved_AI	Doodles	5
1785	40406.jpg	Shape_Reserved_AI	Doodles	6
1786	40407.jpg	Shape_Reserved_AI	Doodles	7
1787	40408.jpg	Shape_Reserved_AI	Doodles	8
1788	40409.jpg	Shape_Reserved_AI	Doodles	9
1789	40410.jpg	Shape_Reserved_AI	Doodles	10
1790	40411.jpg	Shape_Reserved_AI	Doodles	11
1791	40412.jpg	Shape_Reserved_AI	Doodles	12
1792	40413.jpg	Shape_Reserved_AI	Doodles	13
1793	40414.jpg	Shape_Reserved_AI	Doodles	14
1794	40415.jpg	Shape_Reserved_AI	Doodles	15
1795	40416.jpg	Shape_Reserved_AI	Doodles	16
1796	40417.jpg	Shape_Reserved_AI	Doodles	17
1797	40418.jpg	Shape_Reserved_AI	Doodles	18
1798	40419.jpg	Shape_Reserved_AI	Doodles	19
1799	40420.jpg	Shape_Reserved_AI	Doodles	20
1800	40421.jpg	Shape_Reserved_AI	Doodles	21
1801	40422.jpg	Shape_Reserved_AI	Doodles	22
1802	40423.jpg	Shape_Reserved_AI	Doodles	23
1803	40424.jpg	Shape_Reserved_AI	Doodles	24
1804	40425.jpg	Shape_Reserved_AI	Doodles	25
1805	40426.jpg	Shape_Reserved_AI	Doodles	26
1806	40427.jpg	Shape_Reserved_AI	Doodles	27
1807	40428.jpg	Shape_Reserved_AI	Doodles	28
1808	40429.jpg	Shape_Reserved_AI	Doodles	29
1809	40430.jpg	Shape_Reserved_AI	Doodles	30
1810	40431.jpg	Shape_Reserved_AI	Doodles	31
1811	40432.jpg	Shape_Reserved_AI	Doodles	32
1812	40433.jpg	Shape_Reserved_AI	Doodles	33
1813	40434.jpg	Shape_Reserved_AI	Doodles	34
1814	40435.jpg	Shape_Reserved_AI	Doodles	35
1815	40436.jpg	Shape_Reserved_AI	Doodles	36
1816	40437.jpg	Shape_Reserved_AI	Doodles	37
1817	40438.jpg	Shape_Reserved_AI	Doodles	38
1818	40439.jpg	Shape_Reserved_AI	Doodles	39
1819	40440.jpg	Shape_Reserved_AI	Doodles	40
1820	40441.jpg	Shape_Reserved_AI	Doodles	41
1821	40442.jpg	Shape_Reserved_AI	Doodles	42
1822	40443.jpg	Shape_Reserved_AI	Doodles	43
1823	40444.jpg	Shape_Reserved_AI	Doodles	44
1824	40445.jpg	Shape_Reserved_AI	Doodles	45
1825	40446.jpg	Shape_Reserved_AI	Doodles	46
1826	40447.jpg	Shape_Reserved_AI	Doodles	47
1827	40448.jpg	Shape_Reserved_AI	Doodles	48
1828	40449.jpg	Shape_Reserved_AI	Doodles	49
1829	40450.jpg	Shape_Reserved_AI	Doodles	50
1830	40451.jpg	Shape_Reserved_AI	Doodles	51
1831	40452.jpg	Shape_Reserved_AI	Doodles	52
1832	40453.jpg	Shape_Reserved_AI	Doodles	53
1833	40454.jpg	Shape_Reserved_AI	Doodles	54
1834	40455.jpg	Shape_Reserved_AI	Doodles	55
1835	40456.jpg	Shape_Reserved_AI	Doodles	56
1836	40457.jpg	Shape_Reserved_AI	Doodles	57
1837	40458.jpg	Shape_Reserved_AI	Doodles	58
1838	40459.jpg	Shape_Reserved_AI	Doodles	59
1839	40460.jpg	Shape_Reserved_AI	Doodles	60
1840	40461.jpg	Shape_Reserved_AI	Doodles	61
1841	40462.jpg	Shape_Reserved_AI	Doodles	62
1842	40463.jpg	Shape_Reserved_AI	Doodles	63
1843	40464.jpg	Shape_Reserved_AI	Doodles	64
1844	40465.jpg	Shape_Reserved_AI	Doodles	65
1845	40466.jpg	Shape_Reserved_AI	Doodles	66
1846	40467.jpg	Shape_Reserved_AI	Doodles	67
1847	40468.jpg	Shape_Reserved_AI	Doodles	68
1848	40469.jpg	Shape_Reserved_AI	Doodles	69
1849	40470.jpg	Shape_Reserved_AI	Doodles	70
1850	40471.jpg	Shape_Reserved_AI	Doodles	71
1851	40472.jpg	Shape_Reserved_AI	Doodles	72
1852	40473.jpg	Shape_Reserved_AI	Doodles	73
1853	40474.jpg	Shape_Reserved_AI	Doodles	74
1854	40475.jpg	Shape_Reserved_AI	Doodles	75
1855	40476.jpg	Shape_Reserved_AI	Doodles	76
1856	40477.jpg	Shape_Reserved_AI	Doodles	77
1857	40478.jpg	Shape_Reserved_AI	Doodles	78
1858	40479.jpg	Shape_Reserved_AI	Doodles	79
1859	40480.jpg	Shape_Reserved_AI	Doodles	80
1860	40481.jpg	Shape_Reserved_AI	Doodles	81
1861	40482.jpg	Shape_Reserved_AI	Doodles	82
1862	40483.jpg	Shape_Reserved_AI	Doodles	83
1863	40484.jpg	Shape_Reserved_AI	Doodles	84
1864	40485.jpg	Shape_Reserved_AI	Doodles	85
1865	40486.jpg	Shape_Reserved_AI	Doodles	86
1866	40487.jpg	Shape_Reserved_AI	Doodles	87
1867	40488.jpg	Shape_Reserved_AI	Doodles	88
1868	40489.jpg	Shape_Reserved_AI	Doodles	89
1869	40490.jpg	Shape_Reserved_AI	Doodles	90
1870	40491.jpg	Shape_Reserved_AI	Doodles	91
1871	40492.jpg	Shape_Reserved_AI	Doodles	92
1872	40493.jpg	Shape_Reserved_AI	Doodles	93
1873	40494.jpg	Shape_Reserved_AI	Doodles	94
1874	40495.jpg	Shape_Reserved_AI	Doodles	95
1875	40496.jpg	Shape_Reserved_AI	Doodles	96
1876	40497.jpg	Shape_Reserved_AI	Doodles	97
1877	40498.jpg	Shape_Reserved_AI	Doodles	98
1878	40499.jpg	Shape_Reserved_AI	Doodles	99
1879	40500.jpg	Shape_Reserved_AI	Doodles	100
1880	40501.jpg	Shape_Reserved_AI	Doodles	101
1881	40502.jpg	Shape_Reserved_AI	Doodles	102
1882	40503.jpg	Shape_Reserved_AI	Doodles	103
1883	40504.jpg	Shape_Reserved_AI	Doodles	104
1884	40505.jpg	Shape_Reserved_AI	Doodles	105
1885	40506.jpg	Shape_Reserved_AI	Doodles	106
1886	40507.jpg	Shape_Reserved_AI	Doodles	107
1887	40508.jpg	Shape_Reserved_AI	Doodles	108
1888	40509.jpg	Shape_Reserved_AI	Doodles	109
1889	40510.jpg	Shape_Reserved_AI	Doodles	110
1890	40511.jpg	Shape_Reserved_AI	Doodles	111
1891	40512.jpg	Shape_Reserved_AI	Doodles	112
1892	40513.jpg	Shape_Reserved_AI	Doodles	113
1893	40514.jpg	Shape_Reserved_AI	Doodles	114
1894	40515.jpg	Shape_Reserved_AI	Doodles	115
1895	40516.jpg	Shape_Reserved_AI	Doodles	116
1896	40517.jpg	Shape_Reserved_AI	Doodles	117
1897	40518.jpg	Shape_Reserved_AI	Doodles	118
1898	40519.jpg	Shape_Reserved_AI	Doodles	119
1899	40520.jpg	Shape_Reserved_AI	Doodles	120
1900	40521.jpg	Shape_Reserved_AI	Doodles	121
1901	40522.jpg	Shape_Reserved_AI	Doodles	122
1902	40523.jpg	Shape_Reserved_AI	Doodles	123
1903	40524.jpg	Shape_Reserved_AI	Doodles	124
1904	40525.jpg	Shape_Reserved_AI	Doodles	125
1905	40526.jpg	Shape_Reserved_AI	Doodles	126
1906	40527.jpg	Shape_Reserved_AI	Doodles	127
1907	40528.jpg	Shape_Reserved_AI	Doodles	128
1908	40529.jpg	Shape_Reserved_AI	Doodles	129
1909	40530.jpg	Shape_Reserved_AI	Doodles	130
1910	40531.jpg	Shape_Reserved_AI	Doodles	131
1911	40532.jpg	Shape_Reserved_AI	Doodles	132
1912	40533.jpg	Shape_Reserved_AI	Doodles	133
1913	40534.jpg	Shape_Reserved_AI	Doodles	134
1914	40535.jpg	Shape_Reserved_AI	Doodles	135
1915	40536.jpg	Shape_Reserved_AI	Doodles	136
1916	40537.jpg	Shape_Reserved_AI	Doodles	137
1917	40538.jpg	Shape_Reserved_AI	Doodles	138
1918	40539.jpg	Shape_Reserved_AI	Doodles	139
1919	40540.jpg	Shape_Reserved_AI	Doodles	140
1920	40541.jpg	Shape_Reserved_AI	Doodles	141
1921	40542.jpg	Shape_Reserved_AI	Doodles	142
1922	40543.jpg	Shape_Reserved_AI	Doodles	143
1923	40544.jpg	Shape_Reserved_AI	Doodles	144
1924	40545.jpg	Shape_Reserved_AI	Doodles	145
1925	40546.jpg	Shape_Reserved_AI	Doodles	146
1926	40547.jpg	Shape_Reserved_AI	Doodles	147
1927	40548.jpg	Shape_Reserved_AI	Doodles	148
1928	40549.jpg	Shape_Reserved_AI	Doodles	149
1929	40550.jpg	Shape_Reserved_AI	Doodles	150
1930	40551.jpg	Shape_Reserved_AI	Doodles	151
1931	40552.jpg	Shape_Reserved_AI	Doodles	152
1932	40553.jpg	Shape_Reserved_AI	Doodles	153
1933	40554.jpg	Shape_Reserved_AI	Doodles	154
1934	40555.jpg	Shape_Reserved_AI	Doodles	155
1935	40556.jpg	Shape_Reserved_AI	Doodles	156
1936	40557.jpg	Shape_Reserved_AI	Doodles	157
1937	40558.jpg	Shape_Reserved_AI	Doodles	158
1938	40559.jpg	Shape_Reserved_AI	Doodles	159
1939	40560.jpg	Shape_Reserved_AI	Doodles	160
1940	40561.jpg	Shape_Reserved_AI	Doodles	161
1941	40562.jpg	Shape_Reserved_AI	Doodles	162
1942	40563.jpg	Shape_Reserved_AI	Doodles	163
1943	40564.jpg	Shape_Reserved_AI	Doodles	164
1944	40565.jpg	Shape_Reserved_AI	Doodles	165
1945	40566.jpg	Shape_Reserved_AI	Doodles	166
1946	40567.jpg	Shape_Reserved_AI	Doodles	167
1947	40568.jpg	Shape_Reserved_AI	Doodles	168
1948	40569.jpg	Shape_Reserved_AI	Doodles	169
1949	40570.jpg	Shape_Reserved_AI	Doodles	170
1950	40571.jpg	Shape_Reserved_AI	Doodles	171
1951	40572.jpg	Shape_Reserved_AI	Doodles	172
1952	40573.jpg	Shape_Reserved_AI	Doodles	173
1953	40574.jpg	Shape_Reserved_AI	Doodles	174
1954	40575.jpg	Shape_Reserved_AI	Doodles	175
1955	40576.jpg	Shape_Reserved_AI	Doodles	176
1956	40577.jpg	Shape_Reserved_AI	Doodles	177
1957	40578.jpg	Shape_Reserved_AI	Doodles	178
1958	40579.jpg	Shape_Reserved_AI	Doodles	179
1959	40580.jpg	Shape_Reserved_AI	Doodles	180
1960	40581.jpg	Shape_Reserved_AI	Doodles	181
1961	40582.jpg	Shape_Reserved_AI	Doodles	182
1962	40583.jpg	Shape_Reserved_AI	Doodles	183
1963	40584.jpg	Shape_Reserved_AI	Doodles	184
1964	40585.jpg	Shape_Reserved_AI	Doodles	185
1965	40586.jpg	Shape_Reserved_AI	Doodles	186
1966	40587.jpg	Shape_Reserved_AI	Doodles	187
1967	40588.jpg	Shape_Reserved_AI	Doodles	188
1968	40589.jpg	Shape_Reserved_AI	Doodles	189
1969	40590.jpg	Shape_Reserved_AI	Doodles	190
1970	40591.jpg	Shape_Reserved_AI	Doodles	191
1971	40592.jpg	Shape_Reserved_AI	Doodles	192
1972	40593.jpg	Shape_Reserved_AI	Doodles	193
1973	40594.jpg	Shape_Reserved_AI	Doodles	194
1974	40595.jpg	Shape_Reserved_AI	Doodles	195
1975	40596.jpg	Shape_Reserved_AI	Doodles	196
1976	40597.jpg	Shape_Reserved_AI	Doodles	197
1977	40598.jpg	Shape_Reserved_AI	Doodles	198
1978	40599.jpg	Shape_Reserved_AI	Doodles	199
1979	40600.jpg	Shape_Reserved_AI	Doodles	200
1980	40601.jpg	Shape_Reserved_AI	Doodles	201
1981	40602.jpg	Shape_Reserved_AI	Doodles	202
1982	40603.jpg	Shape_Reserved_AI	Doodles	203
1983	40604.jpg	Shape_Reserved_AI	Doodles	204
1984	40605.jpg	Shape_Reserved_AI	Doodles	205
1985	40606.jpg	Shape_Reserved_AI	Doodles	206
1986	40607.jpg	Shape_Reserved_AI	Doodles	207
1987	40608.jpg	Shape_Reserved_AI	Doodles	208
1988	40609.jpg	Shape_Reserved_AI	Doodles	209
1989	40610.jpg	Shape_Reserved_AI	Doodles	210
1990	40611.jpg	Shape_Reserved_AI	Doodles	211
1991	40612.jpg	Shape_Reserved_AI	Doodles	212
1992	40613.jpg	Shape_Reserved_AI	Doodles	213
1993	40614.jpg	Shape_Reserved_AI	Doodles	214
1994	40615.jpg	Shape_Reserved_AI	Doodles	215
1995	40616.jpg	Shape_Reserved_AI	Doodles	216
1996	40617.jpg	Shape_Reserved_AI	Doodles	217
1997	40618.jpg	Shape_Reserved_AI	Doodles	218
1998	40619.jpg	Shape_Reserved_AI	Doodles	219
1999	40620.jpg	Shape_Reserved_AI	Doodles	220
2000	40621.jpg	Shape_Reserved_AI	Doodles	221
2001	40622.jpg	Shape_Reserved_AI	Doodles	222
2002	40623.jpg	Shape_Reserved_AI	Doodles	223
2003	40624.jpg	Shape_Reserved_AI	Doodles	224
2004	40625.jpg	Shape_Reserved_AI	Doodles	225
2005	40626.jpg	Shape_Reserved_AI	Doodles	226
2006	40627.jpg	Shape_Reserved_AI	Doodles	227
2007	40628.jpg	Shape_Reserved_AI	Doodles	228
2008	40629.jpg	Shape_Reserved_AI	Doodles	229
2009	40630.jpg	Shape_Reserved_AI	Doodles	230
2010	40631.jpg	Shape_Reserved_AI	Doodles	231
2011	40632.jpg	Shape_Reserved_AI	Doodles	232
2012	40633.jpg	Shape_Reserved_AI	Doodles	233
2013	40634.jpg	Shape_Reserved_AI	Doodles	234
2014	40635.jpg	Shape_Reserved_AI	Doodles	235
2015	40636.jpg	Shape_Reserved_AI	Doodles	236
2016	40637.jpg	Shape_Reserved_AI	Doodles	237
2017	40638.jpg	Shape_Reserved_AI	Doodles	238
2018	40639.jpg	Shape_Reserved_AI	Doodles	239
2019	40640.jpg	Shape_Reserved_AI	Doodles	240
2020	40641.jpg	Shape_Reserved_AI	Doodles	241
2021	40642.jpg	Shape_Reserved_AI	Doodles	242
2022	40643.jpg	Shape_Reserved_AI	Doodles	243
2023	40644.jpg	Shape_Reserved_AI	Doodles	244
2024	40645.jpg	Shape_Reserved_AI	Doodles	245
2025	40646.jpg	Shape_Reserved_AI	Doodles	246
2026	40647.jpg	Shape_Reserved_AI	Doodles	247
2027	40648.jpg	Shape_Reserved_AI	Doodles	248
2028	40649.jpg	Shape_Reserved_AI	Doodles	249
2029	40650.jpg	Shape_Reserved_AI	Doodles	250
2030	40651.jpg	Shape_Reserved_AI	Doodles	251
2031	40652.jpg	Shape_Reserved_AI	Doodles	252
2032	40653.jpg	Shape_Reserved_AI	Doodles	253
2033	40654.jpg	Shape_Reserved_AI	Doodles	254
2034	40655.jpg	Shape_Reserved_AI	Doodles	255
2035	40656.jpg	Shape_Reserved_AI	Doodles	256
2036	40657.jpg	Shape_Reserved_AI	Doodles	257
2037	40658.jpg	Shape_Reserved_AI	Doodles	258
2038	40659.jpg	Shape_Reserved_AI	Doodles	259
2039	40660.jpg	Shape_Reserved_AI	Doodles	260
2040	40661.jpg	Shape_Reserved_AI	Doodles	261
2041	40662.jpg	Shape_Reserved_AI	Doodles	262
2042	40663.jpg	Shape_Reserved_AI	Doodles	263
2043	40664.jpg	Shape_Reserved_AI	Doodles	264
2044	40665.jpg	Shape_Reserved_AI	Doodles	265
2045	40666.jpg	Shape_Reserved_AI	Doodles	266
2046	40667.jpg	Shape_Reserved_AI	Doodles	267
2047	40668.jpg	Shape_Reserved_AI	Doodles	268
2048	40669.jpg	Shape_Reserved_AI	Doodles	269
2049	40670.jpg	Shape_Reserved_AI	Doodles	270
2050	40671.jpg	Shape_Reserved_AI	Doodles	271
2051	40672.jpg	Shape_Reserved_AI	Doodles	272
2052	40673.jpg	Shape_Reserved_AI	Doodles	273
2053	40674.jpg	Shape_Reserved_AI	Doodles	274
2054	40675.jpg	Shape_Reserved_AI	Doodles	275
2055	40676.jpg	Shape_Reserved_AI	Doodles	276
2056	40677.jpg	Shape_Reserved_AI	Doodles	277
2057	40678.jpg	Shape_Reserved_AI	Doodles	278
2058	40679.jpg	Shape_Reserved_AI	Doodles	279
2059	40680.jpg	Shape_Reserved_AI	Doodles	280
2060	40681.jpg	Shape_Reserved_AI	Doodles	281
2061	40682.jpg	Shape_Reserved_AI	Doodles	282
2062	40683.jpg	Shape_Reserved_AI	Doodles	283
2063	40684.jpg	Shape_Reserved_AI	Doodles	284
2064	40685.jpg	Shape_Reserved_AI	Doodles	285
2065	40686.jpg	Shape_Reserved_AI	Doodles	286
2066	40687.jpg	Shape_Reserved_AI	Doodles	287
2067	40688.jpg	Shape_Reserved_AI	Doodles	288
2068	40689.jpg	Shape_Reserved_AI	Doodles	289
2069	40690.jpg	Shape_Reserved_AI	Doodles	290
2070	40691.jpg	Shape_Reserved_AI	Doodles	291
2071	40692.jpg	Shape_Reserved_AI	Doodles	292
2072	40693.jpg	Shape_Reserved_AI	Doodles	293
2073	40694.jpg	Shape_Reserved_AI	Doodles	294
2074	40695.jpg	Shape_Reserved_AI	Doodles	295
2075	40696.jpg	Shape_Reserved_AI	Doodles	296
2076	40697.jpg	Shape_Reserved_AI	Doodles	297
2077	40698.jpg	Shape_Reserved_AI	Doodles	298
2078	40699.jpg	Shape_Reserved_AI	Doodles	299
2079	40700.jpg	Shape_Reserved_AI	Doodles	300
2080	40701.jpg	Shape_Reserved_AI	Doodles	301
2081	40702.jpg	Shape_Reserved_AI	Doodles	302
2082	40703.jpg	Shape_Reserved_AI	Doodles	303
2083	40704.jpg	Shape_Reserved_AI	Doodles	304
2084	40705.jpg	Shape_Reserved_AI	Doodles	305
2085	40706.jpg	Shape_Reserved_AI	Doodles	306
2086	40707.jpg	Shape_Reserved_AI	Doodles	307
2087	40708.jpg	Shape_Reserved_AI	Doodles	308
2088	40709.jpg	Shape_Reserved_AI	Doodles	309
2089	40710.jpg	Shape_Reserved_AI	Doodles	310
2090	40711.jpg	Shape_Reserved_AI	Doodles	311
2091	40712.jpg	Shape_Reserved_AI	Doodles	312
2092	40713.jpg	Shape_Reserved_AI	Doodles	313
2093	40714.jpg	Shape_Reserved_AI	Doodles	314
2094	40715.jpg	Shape_Reserved_AI	Doodles	315
2095	40716.jpg	Shape_Reserved_AI	Doodles	316
2096	40717.jpg	Shape_Reserved_AI	Doodles	317
2097	40718.jpg	Shape_Reserved_AI	Doodles	318
2098	40719.jpg	Shape_Reserved_AI	Doodles	319
2099	40720.jpg	Shape_Reserved_AI	Doodles	320
2100	40721.jpg	Shape_Reserved_AI	Doodles	321
2101	40722.jpg	Shape_Reserved_AI	Doodles	322
2102	40723.jpg	Shape_Reserved_AI	Doodles	323
2103	40724.jpg	Shape_Reserved_AI	Doodles	324
2104	40725.jpg	Shape_Reserved_AI	Doodles	325
2105	40726.jpg	Shape_Reserved_AI	Doodles	326
2106	40727.jpg	Shape_Reserved_AI	Doodles	327
2107	40728.jpg	Shape_Reserved_AI	Doodles	328
2108	40729.jpg	Shape_Reserved_AI	Doodles	329
2109	40730.jpg	Shape_Reserved_AI	Doodles	330
2110	40731.jpg	Shape_Reserved_AI	Doodles	331
2111	40732.jpg	Shape_Reserved_AI	Doodles	332
2112	40733.jpg	Shape_Reserved_AI	Doodles	333
2113	40734.jpg	Shape_Reserved_AI	Doodles	334
2114	40735.jpg	Shape_Reserved_AI	Doodles	335
2115	40736.jpg	Shape_Reserved_AI	Doodles	336
2116	40737.jpg	Shape_Reserved_AI	Doodles	337
2117	40738.jpg	Shape_Reserved_AI	Doodles	338
2118	40739.jpg	Shape_Reserved_AI	Doodles	339
2119	40740.jpg	Shape_Reserved_AI	Doodles	340
2120	40741.jpg	Shape_Reserved_AI	Doodles	341
2121	40742.jpg	Shape_Reserved_AI	Doodles	342
2122	40743.jpg	Shape_Reserved_AI	Doodles	343
2123	40744.jpg	Shape_Reserved_AI	Doodles	344
2124	40745.jpg	Shape_Reserved_AI	Doodles	345
2125	40746.jpg	Shape_Reserved_AI	Doodles	346
2126	40747.jpg	Shape_Reserved_AI	Doodles	347
2127	40748.jpg	Shape_Reserved_AI	Doodles	348
2128	40749.jpg	Shape_Reserved_AI	Doodles	349
2129	40750.jpg	Shape_Reserved_AI	Doodles	350
2130	40751.jpg	Shape_Reserved_AI	Doodles	351
2131	40752.jpg	Shape_Reserved_AI	Doodles	352
2132	40753.jpg	Shape_Reserved_AI	Doodles	353
2133	40754.jpg	Shape_Reserved_AI	Doodles	354
2134	40755.jpg	Shape_Reserved_AI	Doodles	355
2135	40756.jpg	Shape_Reserved_AI	Doodles	356
2136	40757.jpg	Shape_Reserved_AI	Doodles	357
2137	40758.jpg	Shape_Reserved_AI	Doodles	358
2138	40759.jpg	Shape_Reserved_AI	Doodles	359
2139	40760.jpg	Shape_Reserved_AI	Doodles	360
2140	40761.jpg	Shape_Reserved_AI	Doodles	361
2141	40762.jpg	Shape_Reserved_AI	Doodles	362
2142	40763.jpg	Shape_Reserved_AI	Doodles	363
2143	40764.jpg	Shape_Reserved_AI	Doodles	364
2144	40765.jpg	Shape_Reserved_AI	Doodles	365
2145	40766.jpg	Shape_Reserved_AI	Doodles	366
2146	40767.jpg	Shape_Reserved_AI	Doodles	367
2147	40768.jpg	Shape_Reserved_AI	Doodles	368
2148	40769.jpg	Shape_Reserved_AI	Doodles	369
2149	40770.jpg	Shape_Reserved_AI	Doodles	370
2150	40771.jpg	Shape_Reserved_AI	Doodles	371
2151	40772.jpg	Shape_Reserved_AI	Doodles	372
2152	40773.jpg	Shape_Reserved_AI	Doodles	373
2153	40774.jpg	Shape_Reserved_AI	Doodles	374
2154	40775.jpg	Shape_Reserved_AI	Doodles	375
2155	40776.jpg	Shape_Reserved_AI	Doodles	376
2156	40777.jpg	Shape_Reserved_AI	Doodles	377
2157	40778.jpg	Shape_Reserved_AI	Doodles	378
2158	40779.jpg	Shape_Reserved_AI	Doodles	379
2159	40780.jpg	Shape_Reserved_AI	Doodles	380
2160	40781.jpg	Shape_Reserved_AI	Doodles	381
2161	40782.jpg	Shape_Reserved_AI	Doodles	382
2162	40783.jpg	Shape_Reserved_AI	Doodles	383
2163	40784.jpg	Shape_Reserved_AI	Doodles	384
2164	40785.jpg	Shape_Reserved_AI	Doodles	385
2165	40786.jpg	Shape_Reserved_AI	Doodles	386
2166	40787.jpg	Shape_Reserved_AI	Doodles	387
2167	40788.jpg	Shape_Reserved_AI	Doodles	388
2168	40789.jpg	Shape_Reserved_AI	Doodles	389
2169	40790.jpg	Shape_Reserved_AI	Doodles	390
2170	40791.jpg	Shape_Reserved_AI	Doodles	391
2171	40792.jpg	Shape_Reserved_AI	Doodles	392
2172	40793.jpg	Shape_Reserved_AI	Doodles	393
2173	40794.jpg	Shape_Reserved_AI	Doodles	394
2174	40795.jpg	Shape_Reserved_AI	Doodles	395
2175	40796.jpg	Shape_Reserved_AI	Doodles	396
2176	40797.jpg	Shape_Reserved_AI	Doodles	397
2177	40798.jpg	Shape_Reserved_AI	Doodles	398
2178	40799.jpg	Shape_Reserved_AI	Doodles	399
2179	40800.jpg	Shape_Reserved_AI	Doodles	400
2180	40801.jpg	Shape_Reserved_AI	Doodles	1
2181	40802.jpg	Shape_Reserved_AI	Doodles	2
2182	40803.jpg	Shape_Reserved_AI	Doodles	3
2183	40804.jpg	Shape_Reserved_AI	Doodles	4
2184	40805.jpg	Shape_Reserved_AI	Doodles	5
2185	40806.jpg	Shape_Reserved_AI	Doodles	6
2186	40807.jpg	Shape_Reserved_AI	Doodles	7
2187	40808.jpg	Shape_Reserved_AI	Doodles	8
2188	40809.jpg	Shape_Reserved_AI	Doodles	9
2189	40810.jpg	Shape_Reserved_AI	Doodles	10
2190	40811.jpg	Shape_Reserved_AI	Doodles	11
2191	40812.jpg	Shape_Reserved_AI	Doodles	12
2192	40813.jpg	Shape_Reserved_AI	Doodles	13
2193	40814.jpg	Shape_Reserved_AI	Doodles	14
2194	40815.jpg	Shape_Reserved_AI	Doodles	15
2195	40816.jpg	Shape_Reserved_AI	Doodles	16
2196	40817.jpg	Shape_Reserved_AI	Doodles	17
2197	40818.jpg	Shape_Reserved_AI	Doodles	18
2198	40819.jpg	Shape_Reserved_AI	Doodles	19
2199	40820.jpg	Shape_Reserved_AI	Doodles	20
2200	40821.jpg	Shape_Reserved_AI	Doodles	21
2201	40822.jpg	Shape_Reserved_AI	Doodles	22
2202	40823.jpg	Shape_Reserved_AI	Doodles	23
2203	40824.jpg	Shape_Reserved_AI	Doodles	24
2204	40825.jpg	Shape_Reserved_AI	Doodles	25
2205	40826.jpg	Shape_Reserved_AI	Doodles	26
2206	40827.jpg	Shape_Reserved_AI	Doodles	27
2207	40828.jpg	Shape_Reserved_AI	Doodles	28
2208	40829.jpg	Shape_Reserved_AI	Doodles	29
2209	40830.jpg	Shape_Reserved_AI	Doodles	30
2210	40831.jpg	Shape_Reserved_AI	Doodles	31
2211	40832.jpg	Shape_Reserved_AI	Doodles	32
2212	40833.jpg	Shape_Reserved_AI	Doodles	33
2213	40834.jpg	Shape_Reserved_AI	Doodles	34
2214	40835.jpg	Shape_Reserved_AI	Doodles	35
2215	40836.jpg	Shape_Reserved_AI	Doodles	36
2216	40837.jpg	Shape_Reserved_AI	Doodles	37
2217	40838.jpg	Shape_Reserved_AI	Doodles	38
2218	40839.jpg	Shape_Reserved_AI	Doodles	39
2219	40840.jpg	Shape_Reserved_AI	Doodles	40
2220	40841.jpg	Shape_Reserved_AI	Doodles	41
2221	40842.jpg	Shape_Reserved_AI	Doodles	42
2222	40843.jpg	Shape_Reserved_AI	Doodles	43
2223	40844.jpg	Shape_Reserved_AI	Doodles	44
2224	40845.jpg	Shape_Reserved_AI	Doodles	45
2225	40846.jpg	Shape_Reserved_AI	Doodles	46
2226	40847.jpg	Shape_Reserved_AI	Doodles	47
2227	40848.jpg	Shape_Reserved_AI	Doodles	48
2228	40849.jpg	Shape_Reserved_AI	Doodles	49
2229	40850.jpg	Shape_Reserved_AI	Doodles	50
2230	40851.jpg	Shape_Reserved_AI	Doodles	51
2231	40852.jpg	Shape_Reserved_AI	Doodles	52
2232	40853.jpg	Shape_Reserved_AI	Doodles	53
2233	40854.jpg	Shape_Reserved_AI	Doodles	54
2234	40855.jpg	Shape_Reserved_AI	Doodles	55
2235	40856.jpg	Shape_Reserved_AI	Doodles	56
2236	40857.jpg	Shape_Reserved_AI	Doodles	57
2237	40858.jpg	Shape_Reserved_AI	Doodles	58
2238	40859.jpg	Shape_Reserved_AI	Doodles	59
2239	40860.jpg	Shape_Reserved_AI	Doodles	60
2240	40861.jpg	Shape_Reserved_AI	Doodles	61
2241	40862.jpg	Shape_Reserved_AI	Doodles	62
2242	40863.jpg	Shape_Reserved_AI	Doodles	63
2243	40864.jpg	Shape_Reserved_AI	Doodles	64
2244	40865.jpg	Shape_Reserved_AI	Doodles	65
2245	40866.jpg	Shape_Reserved_AI	Doodles	66
2246	40867.jpg	Shape_Reserved_AI	Doodles	67
2247	40868.jpg	Shape_Reserved_AI	Doodles	68
2248	40869.jpg	Shape_Reserved_AI	Doodles	69
2249	40870.jpg	Shape_Reserved_AI	Doodles	70
2250	40871.jpg	Shape_Reserved_AI	Doodles	71
2251	40872.jpg	Shape_Reserved_AI	Doodles	72
2252	40873.jpg	Shape_Reserved_AI	Doodles	73
2253	40874.jpg	Shape_Reserved_AI	Doodles	74
2254	40875.jpg	Shape_Reserved_AI	Doodles	75
2255	40876.jpg	Shape_Reserved_AI	Doodles	76
2256	40877.jpg	Shape_Reserved_AI	Doodles	77
2257	40878.jpg	Shape_Reserved_AI	Doodles	78
2258	40879.jpg	Shape_Reserved_AI	Doodles	79
2259	40880.jpg	Shape_Reserved_AI	Doodles	80
2260	40881.jpg	Shape_Reserved_AI	Doodles	81
2261	40882.jpg	Shape_Reserved_AI	Doodles	82
2262	40883.jpg	Shape_Reserved_AI	Doodles	83
2263	40884.jpg	Shape_Reserved_AI	Doodles	84
2264	40885.jpg	Shape_Reserved_AI	Doodles	85
2265	40886.jpg	Shape_Reserved_AI	Doodles	86
2266	40887.jpg	Shape_Reserved_AI	Doodles	87
2267	40888.jpg	Shape_Reserved_AI	Doodles	88
2268	40889.jpg	Shape_Reserved_AI	Doodles	89
2269	40890.jpg	Shape_Reserved_AI	Doodles	90
2270	40891.jpg	Shape_Reserved_AI	Doodles	91
2271	40892.jpg	Shape_Reserved_AI	Doodles	92
2272	40893.jpg	Shape_Reserved_AI	Doodles	93
2273	40894.jpg	Shape_Reserved_AI	Doodles	94
2274	40895.jpg	Shape_Reserved_AI	Doodles	95
2275	40896.jpg	Shape_Reserved_AI	Doodles	96
2276	40897.jpg	Shape_Reserved_AI	Doodles	97
2277	40898.jpg	Shape_Reserved_AI	Doodles	98
2278	40899.jpg	Shape_Reserved_AI	Doodles	99
2279	40900.jpg	Shape_Reserved_AI	Doodles	100
2280	40901.jpg	Shape_Reserved_AI	Doodles	101
2281	40902.jpg	Shape_Reserved_AI	Doodles	102
2282	40903.jpg	Shape_Reserved_AI	Doodles	103
2283	40904.jpg	Shape_Reserved_AI	Doodles	104
2284	40905.jpg	Shape_Reserved_AI	Doodles	105
2285	40906.jpg	Shape_Reserved_AI	Doodles	106
2286	40907.jpg	Shape_Reserved_AI	Doodles	107
2287	40908.jpg	Shape_Reserved_AI	Doodles	108
2288	40909.jpg	Shape_Reserved_AI	Doodles	109
2289	40910.jpg	Shape_Reserved_AI	Doodles	110
2290	40911.jpg	Shape_Reserved_AI	Doodles	111
2291	40912.jpg	Shape_Reserved_AI	Doodles	112
2292	40913.jpg	Shape_Reserved_AI	Doodles	113
2293	40914.jpg	Shape_Reserved_AI	Doodles	114
2294	40915.jpg	Shape_Reserved_AI	Doodles	115
2295	40916.jpg	Shape_Reserved_AI	Doodles	116
2296	40917.jpg	Shape_Reserved_AI	Doodles	117
2297	40918.jpg	Shape_Reserved_AI	Doodles	118
2298	40919.jpg	Shape_Reserved_AI	Doodles	119
2299	40920.jpg	Shape_Reserved_AI	Doodles	120
2300	40921.jpg	Shape_Reserved_AI	Doodles	121
2301	40922.jpg	Shape_Reserved_AI	Doodles	122
2302	40923.jpg	Shape_Reserved_AI	Doodles	123
2303	40924.jpg	Shape_Reserved_AI	Doodles	124
2304	40925.jpg	Shape_Reserved_AI	Doodles	125
2305	40926.jpg	Shape_Reserved_AI	Doodles	126
2306	40927.jpg	Shape_Reserved_AI	Doodles	127
2307	40928.jpg	Shape_Reserved_AI	Doodles	128
2308	40929.jpg	Shape_Reserved_AI	Doodles	129
2309	40930.jpg	Shape_Reserved_AI	Doodles	130
2310	40931.jpg	Shape_Reserved_AI	Doodles	131
2311	40932.jpg	Shape_Reserved_AI	Doodles	132
2312	40933.jpg	Shape_Reserved_AI	Doodles	133
2313	40934.jpg	Shape_Reserved_AI	Doodles	134
2314	40935.jpg	Shape_Reserved_AI	Doodles	135
2315	40936.jpg	Shape_Reserved_AI	Doodles	136
2316	40937.jpg	Shape_Reserved_AI	Doodles	137
2317	40938.jpg	Shape_Reserved_AI	Doodles	138
2318	40939.jpg	Shape_Reserved_AI	Doodles	139
2319	40940.jpg	Shape_Reserved_AI	Doodles	140
2320	40941.jpg	Shape_Reserved_AI	Doodles	141
2321	40942.jpg	Shape_Reserved_AI	Doodles	142
2322	40943.jpg	Shape_Reserved_AI	Doodles	143
2323	40944.jpg	Shape_Reserved_AI	Doodles	144
2324	40945.jpg	Shape_Reserved_AI	Doodles	145
2325	40946.jpg	Shape_Reserved_AI	Doodles	146
2326	40947.jpg	Shape_Reserved_AI	Doodles	147
2327	40948.jpg	Shape_Reserved_AI	Doodles	148
2328	40949.jpg	Shape_Reserved_AI	Doodles	149
2329	40950.jpg	Shape_Reserved_AI	Doodles	150
2330	40951.jpg	Shape_Reserved_AI	Doodles	151
2331	40952.jpg	Shape_Reserved_AI	Doodles	152
2332	40953.jpg	Shape_Reserved_AI	Doodles	153
2333	40954.jpg	Shape_Reserved_AI	Doodles	154
2334	40955.jpg	Shape_Reserved_AI	Doodles	155
2335	40956.jpg	Shape_Reserved_AI	Doodles	156
2336	40957.jpg	Shape_Reserved_AI	Doodles	157
2337	40958.jpg	Shape_Reserved_AI	Doodles	158
2338	40959.jpg	Shape_Reserved_AI	Doodles	159
2339	40960.jpg	Shape_Reserved_AI	Doodles	160
2340	40961.jpg	Shape_Reserved_AI	Doodles	161
2341	40962.jpg	Shape_Reserved_AI	Doodles	162
2342	40963.jpg	Shape_Reserved_AI	Doodles	163
2343	40964.jpg	Shape_Reserved_AI	Doodles	164
2344	40965.jpg	Shape_Reserved_AI	Doodles	165
2345	40966.jpg	Shape_Reserved_AI	Doodles	166
2346	40967.jpg	Shape_Reserved_AI	Doodles	167
2347	40968.jpg	Shape_Reserved_AI	Doodles	168
2348	40969.jpg	Shape_Reserved_AI	Doodles	169
2349	40970.jpg	Shape_Reserved_AI	Doodles	170
2350	40971.jpg	Shape_Reserved_AI	Doodles	171
2351	40972.jpg	Shape_Reserved_AI	Doodles	172
2352	40973.jpg	Shape_Reserved_AI	Doodles	173
2353	40974.jpg	Shape_Reserved_AI	Doodles	174
2354	40975.jpg	Shape_Reserved_AI	Doodles	175
2355	40976.jpg	Shape_Reserved_AI	Doodles	176
2356	40977.jpg	Shape_Reserved_AI	Doodles	177
2357	40978.jpg	Shape_Reserved_AI	Doodles	178
2358	40979.jpg	Shape_Reserved_AI	Doodles	179
2359	40980.jpg	Shape_Reserved_AI	Doodles	180
2360	40981.jpg	Shape_Reserved_AI	Doodles	181
2361	40982.jpg	Shape_Reserved_AI	Doodles	182
2362	40983.jpg	Shape_Reserved_AI	Doodles	183
2363	40984.jpg	Shape_Reserved_AI	Doodles	184
2364	40985.jpg	Shape_Reserved_AI	Doodles	185
2365	40986.jpg	Shape_Reserved_AI	Doodles	186
2366	40987.jpg	Shape_Reserved_AI	Doodles	187
2367	40988.jpg	Shape_Reserved_AI	Doodles	188
2368	40989.jpg	Shape_Reserved_AI	Doodles	189
2369	40990.jpg	Shape_Reserved_AI	Doodles	190
2370	40991.jpg	Shape_Reserved_AI	Doodles	191
2371	40992.jpg	Shape_Reserved_AI	Doodles	192
2372	40993.jpg	Shape_Reserved_AI	Doodles	193
2373	40994.jpg	Shape_Reserved_AI	Doodles	194
2374	40995.jpg	Shape_Reserved_AI	Doodles	195
2375	40996.jpg	Shape_Reserved_AI	Doodles	196
2376	40997.jpg	Shape_Reserved_AI	Doodles	197
2377	40998.jpg	Shape_Reserved_AI	Doodles	198
2378	40999.jpg	Shape_Reserved_AI	Doodles	199
2379	41000.jpg	Shape_Reserved_AI	Doodles	200
2380	41001.jpg	Shape_Reserved_AI	Doodles	201
2381	41002.jpg	Shape_Reserved_AI	Doodles	202
2382	41003.jpg	Shape_Reserved_AI	Doodles	203
2383	41004.jpg	Shape_Reserved_AI	Doodles	204
2384	41005.jpg	Shape_Reserved_AI	Doodles	205
2385	41006.jpg	Shape_Reserved_AI	Doodles	206
2386	41007.jpg	Shape_Reserved_AI	Doodles	207
2387	41008.jpg	Shape_Reserved_AI	Doodles	208
2388	41009.jpg	Shape_Reserved_AI	Doodles	209
2389	41010.jpg	Shape_Reserved_AI	Doodles	210
2390	41011.jpg	Shape_Reserved_AI	Doodles	211
2391	41012.jpg	Shape_Reserved_AI	Doodles	212
2392	41013.jpg	Shape_Reserved_AI	Doodles	213
2393	41014.jpg	Shape_Reserved_AI	Doodles	214
2394	41015.jpg	Shape_Reserved_AI	Doodles	215
2395	41016.jpg	Shape_Reserved_AI	Doodles	216
2396	41017.jpg	Shape_Reserved_AI	Doodles	217
2397	41018.jpg	Shape_Reserved_AI	Doodles	218
2398	41019.jpg	Shape_Reserved_AI	Doodles	219
2399	41020.jpg	Shape_Reserved_AI	Doodles	220
2400	41021.jpg	Shape_Reserved_AI	Doodles	221
2401	41022.jpg	Shape_Reserved_AI	Doodles	222
2402	41023.jpg	Shape_Reserved_AI	Doodles	223
2403	41024.jpg	Shape_Reserved_AI	Doodles	224
2404	41025.jpg	Shape_Reserved_AI	Doodles	225
2405	41026.jpg	Shape_Reserved_AI	Doodles	226
2406	41027.jpg	Shape_Reserved_AI	Doodles	227
2407	41028.jpg	Shape_Reserved_AI	Doodles	228
2408	41029.jpg	Shape_Reserved_AI	Doodles	229
2409	41030.jpg	Shape_Reserved_AI	Doodles	230
2410	41031.jpg	Shape_Reserved_AI	Doodles	231
2411	41032.jpg	Shape_Reserved_AI	Doodles	232
2412	41033.jpg	Shape_Reserved_AI	Doodles	233
2413	41034.jpg	Shape_Reserved_AI	Doodles	234
2414	41035.jpg	Shape_Reserved_AI	Doodles	235
2415	41036.jpg	Shape_Reserved_AI	Doodles	236
2416	41037.jpg	Shape_Reserved_AI	Doodles	237
2417	41038.jpg	Shape_Reserved_AI	Doodles	238
2418	41039.jpg	Shape_Reserved_AI	Doodles	239
2419	41040.jpg	Shape_Reserved_AI	Doodles	240
2420	41041.jpg	Shape_Reserved_AI	Doodles	241
2421	41042.jpg	Shape_Reserved_AI	Doodles	242
2422	41043.jpg	Shape_Reserved_AI	Doodles	243
2423	41044.jpg	Shape_Reserved_AI	Doodles	244
2424	41045.jpg	Shape_Reserved_AI	Doodles	245
2425	41046.jpg	Shape_Reserved_AI	Doodles	246
2426	41047.jpg	Shape_Reserved_AI	Doodles	247
2427	41048.jpg	Shape_Reserved_AI	Doodles	248
2428	41049.jpg	Shape_Reserved_AI	Doodles	249
2429	41050.jpg	Shape_Reserved_AI	Doodles	250
2430	41051.jpg	Shape_Reserved_AI	Doodles	251
2431	41052.jpg	Shape_Reserved_AI	Doodles	252
2432	41053.jpg	Shape_Reserved_AI	Doodles	253
2433	41054.jpg	Shape_Reserved_AI	Doodles	254
2434	41055.jpg	Shape_Reserved_AI	Doodles	255
2435	41056.jpg	Shape_Reserved_AI	Doodles	256
2436	41057.jpg	Shape_Reserved_AI	Doodles	257
2437	41058.jpg	Shape_Reserved_AI	Doodles	258
2438	41059.jpg	Shape_Reserved_AI	Doodles	259
2439	41060.jpg	Shape_Reserved_AI	Doodles	260
2440	41061.jpg	Shape_Reserved_AI	Doodles	261
2441	41062.jpg	Shape_Reserved_AI	Doodles	262
2442	41063.jpg	Shape_Reserved_AI	Doodles	263
2443	41064.jpg	Shape_Reserved_AI	Doodles	264
2444	41065.jpg	Shape_Reserved_AI	Doodles	265
2445	41066.jpg	Shape_Reserved_AI	Doodles	266
2446	41067.jpg	Shape_Reserved_AI	Doodles	267
2447	41068.jpg	Shape_Reserved_AI	Doodles	268
2448	41069.jpg	Shape_Reserved_AI	Doodles	269
2449	41070.jpg	Shape_Reserved_AI	Doodles	270
2450	41071.jpg	Shape_Reserved_AI	Doodles	271
2451	41072.jpg	Shape_Reserved_AI	Doodles	272
2452	41073.jpg	Shape_Reserved_AI	Doodles	273
2453	41074.jpg	Shape_Reserved_AI	Doodles	274
2454	41075.jpg	Shape_Reserved_AI	Doodles	275
2455	41076.jpg	Shape_Reserved_AI	Doodles	276
2456	41077.jpg	Shape_Reserved_AI	Doodles	277
2457	41078.jpg	Shape_Reserved_AI	Doodles	278
2458	41079.jpg	Shape_Reserved_AI	Doodles	279
2459	41080.jpg	Shape_Reserved_AI	Doodles	280
2460	41081.jpg	Shape_Reserved_AI	Doodles	281
2461	41082.jpg	Shape_Reserved_AI	Doodles	282
2462	41083.jpg	Shape_Reserved_AI	Doodles	283
2463	41084.jpg	Shape_Reserved_AI	Doodles	284
2464	41085.jpg	Shape_Reserved_AI	Doodles	285
2465	41086.jpg	Shape_Reserved_AI	Doodles	286
2466	41087.jpg	Shape_Reserved_AI	Doodles	287
2467	41088.jpg	Shape_Reserved_AI	Doodles	288
2468	41089.jpg	Shape_Reserved_AI	Doodles	289
2469	41090.jpg	Shape_Reserved_AI	Doodles	290
2470	41091.jpg	Shape_Reserved_AI	Doodles	291
2471	41092.jpg	Shape_Reserved_AI	Doodles	292
2472	41093.jpg	Shape_Reserved_AI	Doodles	293
2473	41094.jpg	Shape_Reserved_AI	Doodles	294
2474	41095.jpg	Shape_Reserved_AI	Doodles	295
2475	41096.jpg	Shape_Reserved_AI	Doodles	296
2476	41097.jpg	Shape_Reserved_AI	Doodles	297
2477	41098.jpg	Shape_Reserved_AI	Doodles	298
2478	41099.jpg	Shape_Reserved_AI	Doodles	299
2479	41100.jpg	Shape_Reserved_AI	Doodles	300
2480	41101.jpg	Shape_Reserved_AI	Doodles	301
2481	41102.jpg	Shape_Reserved_AI	Doodles	302
2482	41103.jpg	Shape_Reserved_AI	Doodles	303
2483	41104.jpg	Shape_Reserved_AI	Doodles	304
2484	41105.jpg	Shape_Reserved_AI	Doodles	305
2485	41106.jpg	Shape_Reserved_AI	Doodles	306
2486	41107.jpg	Shape_Reserved_AI	Doodles	307
2487	41108.jpg	Shape_Reserved_AI	Doodles	308
2488	41109.jpg	Shape_Reserved_AI	Doodles	309
2489	41110.jpg	Shape_Reserved_AI	Doodles	310
2490	41111.jpg	Shape_Reserved_AI	Doodles	311
2491	41112.jpg	Shape_Reserved_AI	Doodles	312
2492	41113.jpg	Shape_Reserved_AI	Doodles	313
2493	41114.jpg	Shape_Reserved_AI	Doodles	314
2494	41115.jpg	Shape_Reserved_AI	Doodles	315
2495	41116.jpg	Shape_Reserved_AI	Doodles	316
2496	41117.jpg	Shape_Reserved_AI	Doodles	317
2497	41118.jpg	Shape_Reserved_AI	Doodles	318
2498	41119.jpg	Shape_Reserved_AI	Doodles	319
2499	41120.jpg	Shape_Reserved_AI	Doodles	320
2500	41121.jpg	Shape_Reserved_AI	Doodles	321
2501	41122.jpg	Shape_Reserved_AI	Doodles	322
2502	41123.jpg	Shape_Reserved_AI	Doodles	323
2503	41124.jpg	Shape_Reserved_AI	Doodles	324
2504	41125.jpg	Shape_Reserved_AI	Doodles	325
2505	41126.jpg	Shape_Reserved_AI	Doodles	326
2506	41127.jpg	Shape_Reserved_AI	Doodles	327
2507	41128.jpg	Shape_Reserved_AI	Doodles	328
2508	41129.jpg	Shape_Reserved_AI	Doodles	329
2509	41130.jpg	Shape_Reserved_AI	Doodles	330
2510	41131.jpg	Shape_Reserved_AI	Doodles	331
2511	41132.jpg	Shape_Reserved_AI	Doodles	332
2512	41133.jpg	Shape_Reserved_AI	Doodles	333
2513	41134.jpg	Shape_Reserved_AI	Doodles	334
2514	41135.jpg	Shape_Reserved_AI	Doodles	335
2515	41136.jpg	Shape_Reserved_AI	Doodles	336
2516	41137.jpg	Shape_Reserved_AI	Doodles	337
2517	41138.jpg	Shape_Reserved_AI	Doodles	338
2518	41139.jpg	Shape_Reserved_AI	Doodles	339
2519	41140.jpg	Shape_Reserved_AI	Doodles	340
2520	41141.jpg	Shape_Reserved_AI	Doodles	341
2521	41142.jpg	Shape_Reserved_AI	Doodles	342
2522	41143.jpg	Shape_Reserved_AI	Doodles	343
2523	41144.jpg	Shape_Reserved_AI	Doodles	344
2524	41145.jpg	Shape_Reserved_AI	Doodles	345
2525	41146.jpg	Shape_Reserved_AI	Doodles	346
2526	41147.jpg	Shape_Reserved_AI	Doodles	347
2527	41148.jpg	Shape_Reserved_AI	Doodles	348
2528	41149.jpg	Shape_Reserved_AI	Doodles	349
2529	41150.jpg	Shape_Reserved_AI	Doodles	350
2530	41151.jpg	Shape_Reserved_AI	Doodles	351
2531	41152.jpg	Shape_Reserved_AI	Doodles	352
2532	41153.jpg	Shape_Reserved_AI	Doodles	353
2533	41154.jpg	Shape_Reserved_AI	Doodles	354
2534	41155.jpg	Shape_Reserved_AI	Doodles	355
2535	41156.jpg	Shape_Reserved_AI	Doodles	356
2536	41157.jpg	Shape_Reserved_AI	Doodles	357
2537	41158.jpg	Shape_Reserved_AI	Doodles	358
2538	41159.jpg	Shape_Reserved_AI	Doodles	359
2539	41160.jpg	Shape_Reserved_AI	Doodles	360
2540	41161.jpg	Shape_Reserved_AI	Doodles	361
2541	41162.jpg	Shape_Reserved_AI	Doodles	362
2542	41163.jpg	Shape_Reserved_AI	Doodles	363
2543	41164.jpg	Shape_Reserved_AI	Doodles	364
2544	41165.jpg	Shape_Reserved_AI	Doodles	365
2545	41166.jpg	Shape_Reserved_AI	Doodles	366
2546	41167.jpg	Shape_Reserved_AI	Doodles	367
2547	41168.jpg	Shape_Reserved_AI	Doodles	368
2548	41169.jpg	Shape_Reserved_AI	Doodles	369
2549	41170.jpg	Shape_Reserved_AI	Doodles	370
2550	41171.jpg	Shape_Reserved_AI	Doodles	371
2551	41172.jpg	Shape_Reserved_AI	Doodles	372
2552	41173.jpg	Shape_Reserved_AI	Doodles	373
2553	41174.jpg	Shape_Reserved_AI	Doodles	374
2554	41175.jpg	Shape_Reserved_AI	Doodles	375
2555	41176.jpg	Shape_Reserved_AI	Doodles	376
2556	41177.jpg	Shape_Reserved_AI	Doodles	377
2557	41178.jpg	Shape_Reserved_AI	Doodles	378
2558	41179.jpg	Shape_Reserved_AI	Doodles	379
2559	41180.jpg	Shape_Reserved_AI	Doodles	380
2560	41181.jpg	Shape_Reserved_AI	Doodles	381
2561	41182.jpg	Shape_Reserved_AI	Doodles	382
2562	41183.jpg	Shape_Reserved_AI	Doodles	383
2563	41184.jpg	Shape_Reserved_AI	Doodles	384
2564	41185.jpg	Shape_Reserved_AI	Doodles	385
2565	41186.jpg	Shape_Reserved_AI	Doodles	386
2566	41187.jpg	Shape_Reserved_AI	Doodles	387
2567	41188.jpg	Shape_Reserved_AI	Doodles	388
2568	41189.jpg	Shape_Reserved_AI	Doodles	389
2569	41190.jpg	Shape_Reserved_AI	Doodles	390
2570	41191.jpg	Shape_Reserved_AI	Doodles	391
2571	41192.jpg	Shape_Reserved_AI	Doodles	392
2572	41193.jpg	Shape_Reserved_AI	Doodles	393
2573	41194.jpg	Shape_Reserved_AI	Doodles	394
2574	41195.jpg	Shape_Reserved_AI	Doodles	395
2575	41196.jpg	Shape_Reserved_AI	Doodles	396
2576	41197.jpg	Shape_Reserved_AI	Doodles	397
2577	41198.jpg	Shape_Reserved_AI	Doodles	398
2578	41199.jpg	Shape_Reserved_AI	Doodles	399
2579	41200.jpg	Shape_Reserved_AI	Doodles	400
2580	50001.jpg	Generated_AI_Category	Doodles	1
2581	50002.jpg	Generated_AI_Category	Doodles	2
2582	50003.jpg	Generated_AI_Category	Doodles	3
2583	50004.jpg	Generated_AI_Category	Doodles	4
2584	50005.jpg	Generated_AI_Category	Doodles	5
2585	50006.jpg	Generated_AI_Category	Doodles	6
2586	50007.jpg	Generated_AI_Category	Doodles	7
2587	50008.jpg	Generated_AI_Category	Doodles	8
2588	50009.jpg	Generated_AI_Category	Doodles	9
2589	50010.jpg	Generated_AI_Category	Doodles	10
2590	50011.jpg	Generated_AI_Category	Doodles	11
2591	50012.jpg	Generated_AI_Category	Doodles	12
2592	50013.jpg	Generated_AI_Category	Doodles	13
2593	50014.jpg	Generated_AI_Category	Doodles	14
2594	50015.jpg	Generated_AI_Category	Doodles	15
2595	50016.jpg	Generated_AI_Category	Doodles	16
2596	50017.jpg	Generated_AI_Category	Doodles	17
2597	50018.jpg	Generated_AI_Category	Doodles	18
2598	50019.jpg	Generated_AI_Category	Doodles	19
2599	50020.jpg	Generated_AI_Category	Doodles	20
2600	50021.jpg	Generated_AI_Category	Doodles	21
2601	50022.jpg	Generated_AI_Category	Doodles	22
2602	50023.jpg	Generated_AI_Category	Doodles	23
2603	50024.jpg	Generated_AI_Category	Doodles	24
2604	50025.jpg	Generated_AI_Category	Doodles	25
2605	50026.jpg	Generated_AI_Category	Doodles	26
2606	50027.jpg	Generated_AI_Category	Doodles	27
2607	50028.jpg	Generated_AI_Category	Doodles	28
2608	50029.jpg	Generated_AI_Category	Doodles	29
2609	50030.jpg	Generated_AI_Category	Doodles	30
2610	50031.jpg	Generated_AI_Category	Doodles	31
2611	50032.jpg	Generated_AI_Category	Doodles	32
2612	50033.jpg	Generated_AI_Category	Doodles	33
2613	50034.jpg	Generated_AI_Category	Doodles	34
2614	50035.jpg	Generated_AI_Category	Doodles	35
2615	50036.jpg	Generated_AI_Category	Doodles	36
2616	50037.jpg	Generated_AI_Category	Doodles	37
2617	50038.jpg	Generated_AI_Category	Doodles	38
2618	50039.jpg	Generated_AI_Category	Doodles	39
2619	50040.jpg	Generated_AI_Category	Doodles	40
2620	50041.jpg	Generated_AI_Category	Doodles	41
2621	50042.jpg	Generated_AI_Category	Doodles	42
2622	50043.jpg	Generated_AI_Category	Doodles	43
2623	50044.jpg	Generated_AI_Category	Doodles	44
2624	50045.jpg	Generated_AI_Category	Doodles	45
2625	50046.jpg	Generated_AI_Category	Doodles	46
2626	50047.jpg	Generated_AI_Category	Doodles	47
2627	50048.jpg	Generated_AI_Category	Doodles	48
2628	50049.jpg	Generated_AI_Category	Doodles	49
2629	50050.jpg	Generated_AI_Category	Doodles	50
2630	50051.jpg	Generated_AI_Category	Doodles	51
2631	50052.jpg	Generated_AI_Category	Doodles	52
2632	50053.jpg	Generated_AI_Category	Doodles	53
2633	50054.jpg	Generated_AI_Category	Doodles	54
2634	50055.jpg	Generated_AI_Category	Doodles	55
2635	50056.jpg	Generated_AI_Category	Doodles	56
2636	50057.jpg	Generated_AI_Category	Doodles	57
2637	50058.jpg	Generated_AI_Category	Doodles	58
2638	50059.jpg	Generated_AI_Category	Doodles	59
2639	50060.jpg	Generated_AI_Category	Doodles	60
2640	50061.jpg	Generated_AI_Category	Doodles	61
2641	50062.jpg	Generated_AI_Category	Doodles	62
2642	50063.jpg	Generated_AI_Category	Doodles	63
2643	50064.jpg	Generated_AI_Category	Doodles	64
2644	50065.jpg	Generated_AI_Category	Doodles	65
2645	50066.jpg	Generated_AI_Category	Doodles	66
2646	50067.jpg	Generated_AI_Category	Doodles	67
2647	50068.jpg	Generated_AI_Category	Doodles	68
2648	50069.jpg	Generated_AI_Category	Doodles	69
2649	50070.jpg	Generated_AI_Category	Doodles	70
2650	50071.jpg	Generated_AI_Category	Doodles	71
2651	50072.jpg	Generated_AI_Category	Doodles	72
2652	50073.jpg	Generated_AI_Category	Doodles	73
2653	50074.jpg	Generated_AI_Category	Doodles	74
2654	50075.jpg	Generated_AI_Category	Doodles	75
2655	50076.jpg	Generated_AI_Category	Doodles	76
2656	50077.jpg	Generated_AI_Category	Doodles	77
2657	50078.jpg	Generated_AI_Category	Doodles	78
2658	50079.jpg	Generated_AI_Category	Doodles	79
2659	50080.jpg	Generated_AI_Category	Doodles	80
2660	50081.jpg	Generated_AI_Category	Doodles	81
2661	50082.jpg	Generated_AI_Category	Doodles	82
2662	50083.jpg	Generated_AI_Category	Doodles	83
2663	50084.jpg	Generated_AI_Category	Doodles	84
2664	50085.jpg	Generated_AI_Category	Doodles	85
2665	50086.jpg	Generated_AI_Category	Doodles	86
2666	50087.jpg	Generated_AI_Category	Doodles	87
2667	50088.jpg	Generated_AI_Category	Doodles	88
2668	50089.jpg	Generated_AI_Category	Doodles	89
2669	50090.jpg	Generated_AI_Category	Doodles	90
2670	50091.jpg	Generated_AI_Category	Doodles	91
2671	50092.jpg	Generated_AI_Category	Doodles	92
2672	50093.jpg	Generated_AI_Category	Doodles	93
2673	50094.jpg	Generated_AI_Category	Doodles	94
2674	50095.jpg	Generated_AI_Category	Doodles	95
2675	50096.jpg	Generated_AI_Category	Doodles	96
2676	50097.jpg	Generated_AI_Category	Doodles	97
2677	50098.jpg	Generated_AI_Category	Doodles	98
2678	50099.jpg	Generated_AI_Category	Doodles	99
2679	50100.jpg	Generated_AI_Category	Doodles	100
2680	50101.jpg	Generated_AI_Category	Doodles	101
2681	50102.jpg	Generated_AI_Category	Doodles	102
2682	50103.jpg	Generated_AI_Category	Doodles	103
2683	50104.jpg	Generated_AI_Category	Doodles	104
2684	50105.jpg	Generated_AI_Category	Doodles	105
2685	50106.jpg	Generated_AI_Category	Doodles	106
2686	50107.jpg	Generated_AI_Category	Doodles	107
2687	50108.jpg	Generated_AI_Category	Doodles	108
2688	50109.jpg	Generated_AI_Category	Doodles	109
2689	50110.jpg	Generated_AI_Category	Doodles	110
2690	50111.jpg	Generated_AI_Category	Doodles	111
2691	50112.jpg	Generated_AI_Category	Doodles	112
2692	50113.jpg	Generated_AI_Category	Doodles	113
2693	50114.jpg	Generated_AI_Category	Doodles	114
2694	50115.jpg	Generated_AI_Category	Doodles	115
2695	50116.jpg	Generated_AI_Category	Doodles	116
2696	50117.jpg	Generated_AI_Category	Doodles	117
2697	50118.jpg	Generated_AI_Category	Doodles	118
2698	50119.jpg	Generated_AI_Category	Doodles	119
2699	50120.jpg	Generated_AI_Category	Doodles	120
2700	50121.jpg	Generated_AI_Category	Doodles	121
2701	50122.jpg	Generated_AI_Category	Doodles	122
2702	50123.jpg	Generated_AI_Category	Doodles	123
2703	50124.jpg	Generated_AI_Category	Doodles	124
2704	50125.jpg	Generated_AI_Category	Doodles	125
2705	50126.jpg	Generated_AI_Category	Doodles	126
2706	50127.jpg	Generated_AI_Category	Doodles	127
2707	50128.jpg	Generated_AI_Category	Doodles	128
2708	50129.jpg	Generated_AI_Category	Doodles	129
2709	50130.jpg	Generated_AI_Category	Doodles	130
2710	50131.jpg	Generated_AI_Category	Doodles	131
2711	50132.jpg	Generated_AI_Category	Doodles	132
2712	50133.jpg	Generated_AI_Category	Doodles	133
2713	50134.jpg	Generated_AI_Category	Doodles	134
2714	50135.jpg	Generated_AI_Category	Doodles	135
2715	50136.jpg	Generated_AI_Category	Doodles	136
2716	50137.jpg	Generated_AI_Category	Doodles	137
2717	50138.jpg	Generated_AI_Category	Doodles	138
2718	50139.jpg	Generated_AI_Category	Doodles	139
2719	50140.jpg	Generated_AI_Category	Doodles	140
2720	50141.jpg	Generated_AI_Category	Doodles	141
2721	50142.jpg	Generated_AI_Category	Doodles	142
2722	50143.jpg	Generated_AI_Category	Doodles	143
2723	50144.jpg	Generated_AI_Category	Doodles	144
2724	50145.jpg	Generated_AI_Category	Doodles	145
2725	50146.jpg	Generated_AI_Category	Doodles	146
2726	50147.jpg	Generated_AI_Category	Doodles	147
2727	50148.jpg	Generated_AI_Category	Doodles	148
2728	50149.jpg	Generated_AI_Category	Doodles	149
2729	50150.jpg	Generated_AI_Category	Doodles	150
2730	50151.jpg	Generated_AI_Category	Doodles	151
2731	50152.jpg	Generated_AI_Category	Doodles	152
2732	50153.jpg	Generated_AI_Category	Doodles	153
2733	50154.jpg	Generated_AI_Category	Doodles	154
2734	50155.jpg	Generated_AI_Category	Doodles	155
2735	50156.jpg	Generated_AI_Category	Doodles	156
2736	50157.jpg	Generated_AI_Category	Doodles	157
2737	50158.jpg	Generated_AI_Category	Doodles	158
2738	50159.jpg	Generated_AI_Category	Doodles	159
2739	50160.jpg	Generated_AI_Category	Doodles	160
2740	50161.jpg	Generated_AI_Category	Doodles	161
2741	50162.jpg	Generated_AI_Category	Doodles	162
2742	50163.jpg	Generated_AI_Category	Doodles	163
2743	50164.jpg	Generated_AI_Category	Doodles	164
2744	50165.jpg	Generated_AI_Category	Doodles	165
2745	50166.jpg	Generated_AI_Category	Doodles	166
2746	50167.jpg	Generated_AI_Category	Doodles	167
2747	50168.jpg	Generated_AI_Category	Doodles	168
2748	50169.jpg	Generated_AI_Category	Doodles	169
2749	50170.jpg	Generated_AI_Category	Doodles	170
2750	50171.jpg	Generated_AI_Category	Doodles	171
2751	50172.jpg	Generated_AI_Category	Doodles	172
2752	50173.jpg	Generated_AI_Category	Doodles	173
2753	50174.jpg	Generated_AI_Category	Doodles	174
2754	50175.jpg	Generated_AI_Category	Doodles	175
2755	50176.jpg	Generated_AI_Category	Doodles	176
2756	50177.jpg	Generated_AI_Category	Doodles	177
2757	50178.jpg	Generated_AI_Category	Doodles	178
2758	50179.jpg	Generated_AI_Category	Doodles	179
2759	50180.jpg	Generated_AI_Category	Doodles	180
2760	50181.jpg	Generated_AI_Category	Doodles	181
2761	50182.jpg	Generated_AI_Category	Doodles	182
2762	50183.jpg	Generated_AI_Category	Doodles	183
2763	50184.jpg	Generated_AI_Category	Doodles	184
2764	50185.jpg	Generated_AI_Category	Doodles	185
2765	50186.jpg	Generated_AI_Category	Doodles	186
2766	50187.jpg	Generated_AI_Category	Doodles	187
2767	50188.jpg	Generated_AI_Category	Doodles	188
2768	50189.jpg	Generated_AI_Category	Doodles	189
2769	50190.jpg	Generated_AI_Category	Doodles	190
2770	50191.jpg	Generated_AI_Category	Doodles	191
2771	50192.jpg	Generated_AI_Category	Doodles	192
2772	50193.jpg	Generated_AI_Category	Doodles	193
2773	50194.jpg	Generated_AI_Category	Doodles	194
2774	50195.jpg	Generated_AI_Category	Doodles	195
2775	50196.jpg	Generated_AI_Category	Doodles	196
2776	50197.jpg	Generated_AI_Category	Doodles	197
2777	50198.jpg	Generated_AI_Category	Doodles	198
2778	50199.jpg	Generated_AI_Category	Doodles	199
2779	50200.jpg	Generated_AI_Category	Doodles	200
2780	50201.jpg	Generated_AI_Category	Doodles	201
2781	50202.jpg	Generated_AI_Category	Doodles	202
2782	50203.jpg	Generated_AI_Category	Doodles	203
2783	50204.jpg	Generated_AI_Category	Doodles	204
2784	50205.jpg	Generated_AI_Category	Doodles	205
2785	50206.jpg	Generated_AI_Category	Doodles	206
2786	50207.jpg	Generated_AI_Category	Doodles	207
2787	50208.jpg	Generated_AI_Category	Doodles	208
2788	50209.jpg	Generated_AI_Category	Doodles	209
2789	50210.jpg	Generated_AI_Category	Doodles	210
2790	50211.jpg	Generated_AI_Category	Doodles	211
2791	50212.jpg	Generated_AI_Category	Doodles	212
2792	50213.jpg	Generated_AI_Category	Doodles	213
2793	50214.jpg	Generated_AI_Category	Doodles	214
2794	50215.jpg	Generated_AI_Category	Doodles	215
2795	50216.jpg	Generated_AI_Category	Doodles	216
2796	50217.jpg	Generated_AI_Category	Doodles	217
2797	50218.jpg	Generated_AI_Category	Doodles	218
2798	50219.jpg	Generated_AI_Category	Doodles	219
2799	50220.jpg	Generated_AI_Category	Doodles	220
2800	50221.jpg	Generated_AI_Category	Doodles	221
2801	50222.jpg	Generated_AI_Category	Doodles	222
2802	50223.jpg	Generated_AI_Category	Doodles	223
2803	50224.jpg	Generated_AI_Category	Doodles	224
2804	50225.jpg	Generated_AI_Category	Doodles	225
2805	50226.jpg	Generated_AI_Category	Doodles	226
2806	50227.jpg	Generated_AI_Category	Doodles	227
2807	50228.jpg	Generated_AI_Category	Doodles	228
2808	50229.jpg	Generated_AI_Category	Doodles	229
2809	50230.jpg	Generated_AI_Category	Doodles	230
2810	50231.jpg	Generated_AI_Category	Doodles	231
2811	50232.jpg	Generated_AI_Category	Doodles	232
2812	50233.jpg	Generated_AI_Category	Doodles	233
2813	50234.jpg	Generated_AI_Category	Doodles	234
2814	50235.jpg	Generated_AI_Category	Doodles	235
2815	50236.jpg	Generated_AI_Category	Doodles	236
2816	50237.jpg	Generated_AI_Category	Doodles	237
2817	50238.jpg	Generated_AI_Category	Doodles	238
2818	50239.jpg	Generated_AI_Category	Doodles	239
2819	50240.jpg	Generated_AI_Category	Doodles	240
2820	50241.jpg	Generated_AI_Category	Doodles	241
2821	50242.jpg	Generated_AI_Category	Doodles	242
2822	50243.jpg	Generated_AI_Category	Doodles	243
2823	50244.jpg	Generated_AI_Category	Doodles	244
2824	50245.jpg	Generated_AI_Category	Doodles	245
2825	50246.jpg	Generated_AI_Category	Doodles	246
2826	50247.jpg	Generated_AI_Category	Doodles	247
2827	50248.jpg	Generated_AI_Category	Doodles	248
2828	50249.jpg	Generated_AI_Category	Doodles	249
2829	50250.jpg	Generated_AI_Category	Doodles	250
2830	50251.jpg	Generated_AI_Category	Doodles	251
2831	50252.jpg	Generated_AI_Category	Doodles	252
2832	50253.jpg	Generated_AI_Category	Doodles	253
2833	50254.jpg	Generated_AI_Category	Doodles	254
2834	50255.jpg	Generated_AI_Category	Doodles	255
2835	50256.jpg	Generated_AI_Category	Doodles	256
2836	50257.jpg	Generated_AI_Category	Doodles	257
2837	50258.jpg	Generated_AI_Category	Doodles	258
2838	50259.jpg	Generated_AI_Category	Doodles	259
2839	50260.jpg	Generated_AI_Category	Doodles	260
2840	50261.jpg	Generated_AI_Category	Doodles	261
2841	50262.jpg	Generated_AI_Category	Doodles	262
2842	50263.jpg	Generated_AI_Category	Doodles	263
2843	50264.jpg	Generated_AI_Category	Doodles	264
2844	50265.jpg	Generated_AI_Category	Doodles	265
2845	50266.jpg	Generated_AI_Category	Doodles	266
2846	50267.jpg	Generated_AI_Category	Doodles	267
2847	50268.jpg	Generated_AI_Category	Doodles	268
2848	50269.jpg	Generated_AI_Category	Doodles	269
2849	50270.jpg	Generated_AI_Category	Doodles	270
2850	50271.jpg	Generated_AI_Category	Doodles	271
2851	50272.jpg	Generated_AI_Category	Doodles	272
2852	50273.jpg	Generated_AI_Category	Doodles	273
2853	50274.jpg	Generated_AI_Category	Doodles	274
2854	50275.jpg	Generated_AI_Category	Doodles	275
2855	50276.jpg	Generated_AI_Category	Doodles	276
2856	50277.jpg	Generated_AI_Category	Doodles	277
2857	50278.jpg	Generated_AI_Category	Doodles	278
2858	50279.jpg	Generated_AI_Category	Doodles	279
2859	50280.jpg	Generated_AI_Category	Doodles	280
2860	50281.jpg	Generated_AI_Category	Doodles	281
2861	50282.jpg	Generated_AI_Category	Doodles	282
2862	50283.jpg	Generated_AI_Category	Doodles	283
2863	50284.jpg	Generated_AI_Category	Doodles	284
2864	50285.jpg	Generated_AI_Category	Doodles	285
2865	50286.jpg	Generated_AI_Category	Doodles	286
2866	50287.jpg	Generated_AI_Category	Doodles	287
2867	50288.jpg	Generated_AI_Category	Doodles	288
2868	50289.jpg	Generated_AI_Category	Doodles	289
2869	50290.jpg	Generated_AI_Category	Doodles	290
2870	50291.jpg	Generated_AI_Category	Doodles	291
2871	50292.jpg	Generated_AI_Category	Doodles	292
2872	50293.jpg	Generated_AI_Category	Doodles	293
2873	50294.jpg	Generated_AI_Category	Doodles	294
2874	50295.jpg	Generated_AI_Category	Doodles	295
2875	50296.jpg	Generated_AI_Category	Doodles	296
2876	50297.jpg	Generated_AI_Category	Doodles	297
2877	50298.jpg	Generated_AI_Category	Doodles	298
2878	50299.jpg	Generated_AI_Category	Doodles	299
2879	50300.jpg	Generated_AI_Category	Doodles	300
2880	50301.jpg	Generated_AI_Category	Doodles	301
2881	50302.jpg	Generated_AI_Category	Doodles	302
2882	50303.jpg	Generated_AI_Category	Doodles	303
2883	50304.jpg	Generated_AI_Category	Doodles	304
2884	50305.jpg	Generated_AI_Category	Doodles	305
2885	50306.jpg	Generated_AI_Category	Doodles	306
2886	50307.jpg	Generated_AI_Category	Doodles	307
2887	50308.jpg	Generated_AI_Category	Doodles	308
2888	50309.jpg	Generated_AI_Category	Doodles	309
2889	50310.jpg	Generated_AI_Category	Doodles	310
2890	50311.jpg	Generated_AI_Category	Doodles	311
2891	50312.jpg	Generated_AI_Category	Doodles	312
2892	50313.jpg	Generated_AI_Category	Doodles	313
2893	50314.jpg	Generated_AI_Category	Doodles	314
2894	50315.jpg	Generated_AI_Category	Doodles	315
2895	50316.jpg	Generated_AI_Category	Doodles	316
2896	50317.jpg	Generated_AI_Category	Doodles	317
2897	50318.jpg	Generated_AI_Category	Doodles	318
2898	50319.jpg	Generated_AI_Category	Doodles	319
2899	50320.jpg	Generated_AI_Category	Doodles	320
2900	50321.jpg	Generated_AI_Category	Doodles	321
2901	50322.jpg	Generated_AI_Category	Doodles	322
2902	50323.jpg	Generated_AI_Category	Doodles	323
2903	50324.jpg	Generated_AI_Category	Doodles	324
2904	50325.jpg	Generated_AI_Category	Doodles	325
2905	50326.jpg	Generated_AI_Category	Doodles	326
2906	50327.jpg	Generated_AI_Category	Doodles	327
2907	50328.jpg	Generated_AI_Category	Doodles	328
2908	50329.jpg	Generated_AI_Category	Doodles	329
2909	50330.jpg	Generated_AI_Category	Doodles	330
2910	50331.jpg	Generated_AI_Category	Doodles	331
2911	50332.jpg	Generated_AI_Category	Doodles	332
2912	50333.jpg	Generated_AI_Category	Doodles	333
2913	50334.jpg	Generated_AI_Category	Doodles	334
2914	50335.jpg	Generated_AI_Category	Doodles	335
2915	50336.jpg	Generated_AI_Category	Doodles	336
2916	50337.jpg	Generated_AI_Category	Doodles	337
2917	50338.jpg	Generated_AI_Category	Doodles	338
2918	50339.jpg	Generated_AI_Category	Doodles	339
2919	50340.jpg	Generated_AI_Category	Doodles	340
2920	50341.jpg	Generated_AI_Category	Doodles	341
2921	50342.jpg	Generated_AI_Category	Doodles	342
2922	50343.jpg	Generated_AI_Category	Doodles	343
2923	50344.jpg	Generated_AI_Category	Doodles	344
2924	50345.jpg	Generated_AI_Category	Doodles	345
2925	50346.jpg	Generated_AI_Category	Doodles	346
2926	50347.jpg	Generated_AI_Category	Doodles	347
2927	50348.jpg	Generated_AI_Category	Doodles	348
2928	50349.jpg	Generated_AI_Category	Doodles	349
2929	50350.jpg	Generated_AI_Category	Doodles	350
2930	50351.jpg	Generated_AI_Category	Doodles	351
2931	50352.jpg	Generated_AI_Category	Doodles	352
2932	50353.jpg	Generated_AI_Category	Doodles	353
2933	50354.jpg	Generated_AI_Category	Doodles	354
2934	50355.jpg	Generated_AI_Category	Doodles	355
2935	50356.jpg	Generated_AI_Category	Doodles	356
2936	50357.jpg	Generated_AI_Category	Doodles	357
2937	50358.jpg	Generated_AI_Category	Doodles	358
2938	50359.jpg	Generated_AI_Category	Doodles	359
2939	50360.jpg	Generated_AI_Category	Doodles	360
2940	50361.jpg	Generated_AI_Category	Doodles	361
2941	50362.jpg	Generated_AI_Category	Doodles	362
2942	50363.jpg	Generated_AI_Category	Doodles	363
2943	50364.jpg	Generated_AI_Category	Doodles	364
2944	50365.jpg	Generated_AI_Category	Doodles	365
2945	50366.jpg	Generated_AI_Category	Doodles	366
2946	50367.jpg	Generated_AI_Category	Doodles	367
2947	50368.jpg	Generated_AI_Category	Doodles	368
2948	50369.jpg	Generated_AI_Category	Doodles	369
2949	50370.jpg	Generated_AI_Category	Doodles	370
2950	50371.jpg	Generated_AI_Category	Doodles	371
2951	50372.jpg	Generated_AI_Category	Doodles	372
2952	50373.jpg	Generated_AI_Category	Doodles	373
2953	50374.jpg	Generated_AI_Category	Doodles	374
2954	50375.jpg	Generated_AI_Category	Doodles	375
2955	50376.jpg	Generated_AI_Category	Doodles	376
2956	50377.jpg	Generated_AI_Category	Doodles	377
2957	50378.jpg	Generated_AI_Category	Doodles	378
2958	50379.jpg	Generated_AI_Category	Doodles	379
2959	50380.jpg	Generated_AI_Category	Doodles	380
2960	50381.jpg	Generated_AI_Category	Doodles	381
2961	50382.jpg	Generated_AI_Category	Doodles	382
2962	50383.jpg	Generated_AI_Category	Doodles	383
2963	50384.jpg	Generated_AI_Category	Doodles	384
2964	50385.jpg	Generated_AI_Category	Doodles	385
2965	50386.jpg	Generated_AI_Category	Doodles	386
2966	50387.jpg	Generated_AI_Category	Doodles	387
2967	50388.jpg	Generated_AI_Category	Doodles	388
2968	50389.jpg	Generated_AI_Category	Doodles	389
2969	50390.jpg	Generated_AI_Category	Doodles	390
2970	50391.jpg	Generated_AI_Category	Doodles	391
2971	50392.jpg	Generated_AI_Category	Doodles	392
2972	50393.jpg	Generated_AI_Category	Doodles	393
2973	50394.jpg	Generated_AI_Category	Doodles	394
2974	50395.jpg	Generated_AI_Category	Doodles	395
2975	50396.jpg	Generated_AI_Category	Doodles	396
2976	50397.jpg	Generated_AI_Category	Doodles	397
2977	50398.jpg	Generated_AI_Category	Doodles	398
2978	50399.jpg	Generated_AI_Category	Doodles	399
2979	50400.jpg	Generated_AI_Category	Doodles	400
2980	50401.jpg	Generated_AI_Category	Doodles	1
2981	50402.jpg	Generated_AI_Category	Doodles	2
2982	50403.jpg	Generated_AI_Category	Doodles	3
2983	50404.jpg	Generated_AI_Category	Doodles	4
2984	50405.jpg	Generated_AI_Category	Doodles	5
2985	50406.jpg	Generated_AI_Category	Doodles	6
2986	50407.jpg	Generated_AI_Category	Doodles	7
2987	50408.jpg	Generated_AI_Category	Doodles	8
2988	50409.jpg	Generated_AI_Category	Doodles	9
2989	50410.jpg	Generated_AI_Category	Doodles	10
2990	50411.jpg	Generated_AI_Category	Doodles	11
2991	50412.jpg	Generated_AI_Category	Doodles	12
2992	50413.jpg	Generated_AI_Category	Doodles	13
2993	50414.jpg	Generated_AI_Category	Doodles	14
2994	50415.jpg	Generated_AI_Category	Doodles	15
2995	50416.jpg	Generated_AI_Category	Doodles	16
2996	50417.jpg	Generated_AI_Category	Doodles	17
2997	50418.jpg	Generated_AI_Category	Doodles	18
2998	50419.jpg	Generated_AI_Category	Doodles	19
2999	50420.jpg	Generated_AI_Category	Doodles	20
3000	50421.jpg	Generated_AI_Category	Doodles	21
3001	50422.jpg	Generated_AI_Category	Doodles	22
3002	50423.jpg	Generated_AI_Category	Doodles	23
3003	50424.jpg	Generated_AI_Category	Doodles	24
3004	50425.jpg	Generated_AI_Category	Doodles	25
3005	50426.jpg	Generated_AI_Category	Doodles	26
3006	50427.jpg	Generated_AI_Category	Doodles	27
3007	50428.jpg	Generated_AI_Category	Doodles	28
3008	50429.jpg	Generated_AI_Category	Doodles	29
3009	50430.jpg	Generated_AI_Category	Doodles	30
3010	50431.jpg	Generated_AI_Category	Doodles	31
3011	50432.jpg	Generated_AI_Category	Doodles	32
3012	50433.jpg	Generated_AI_Category	Doodles	33
3013	50434.jpg	Generated_AI_Category	Doodles	34
3014	50435.jpg	Generated_AI_Category	Doodles	35
3015	50436.jpg	Generated_AI_Category	Doodles	36
3016	50437.jpg	Generated_AI_Category	Doodles	37
3017	50438.jpg	Generated_AI_Category	Doodles	38
3018	50439.jpg	Generated_AI_Category	Doodles	39
3019	50440.jpg	Generated_AI_Category	Doodles	40
3020	50441.jpg	Generated_AI_Category	Doodles	41
3021	50442.jpg	Generated_AI_Category	Doodles	42
3022	50443.jpg	Generated_AI_Category	Doodles	43
3023	50444.jpg	Generated_AI_Category	Doodles	44
3024	50445.jpg	Generated_AI_Category	Doodles	45
3025	50446.jpg	Generated_AI_Category	Doodles	46
3026	50447.jpg	Generated_AI_Category	Doodles	47
3027	50448.jpg	Generated_AI_Category	Doodles	48
3028	50449.jpg	Generated_AI_Category	Doodles	49
3029	50450.jpg	Generated_AI_Category	Doodles	50
3030	50451.jpg	Generated_AI_Category	Doodles	51
3031	50452.jpg	Generated_AI_Category	Doodles	52
3032	50453.jpg	Generated_AI_Category	Doodles	53
3033	50454.jpg	Generated_AI_Category	Doodles	54
3034	50455.jpg	Generated_AI_Category	Doodles	55
3035	50456.jpg	Generated_AI_Category	Doodles	56
3036	50457.jpg	Generated_AI_Category	Doodles	57
3037	50458.jpg	Generated_AI_Category	Doodles	58
3038	50459.jpg	Generated_AI_Category	Doodles	59
3039	50460.jpg	Generated_AI_Category	Doodles	60
3040	50461.jpg	Generated_AI_Category	Doodles	61
3041	50462.jpg	Generated_AI_Category	Doodles	62
3042	50463.jpg	Generated_AI_Category	Doodles	63
3043	50464.jpg	Generated_AI_Category	Doodles	64
3044	50465.jpg	Generated_AI_Category	Doodles	65
3045	50466.jpg	Generated_AI_Category	Doodles	66
3046	50467.jpg	Generated_AI_Category	Doodles	67
3047	50468.jpg	Generated_AI_Category	Doodles	68
3048	50469.jpg	Generated_AI_Category	Doodles	69
3049	50470.jpg	Generated_AI_Category	Doodles	70
3050	50471.jpg	Generated_AI_Category	Doodles	71
3051	50472.jpg	Generated_AI_Category	Doodles	72
3052	50473.jpg	Generated_AI_Category	Doodles	73
3053	50474.jpg	Generated_AI_Category	Doodles	74
3054	50475.jpg	Generated_AI_Category	Doodles	75
3055	50476.jpg	Generated_AI_Category	Doodles	76
3056	50477.jpg	Generated_AI_Category	Doodles	77
3057	50478.jpg	Generated_AI_Category	Doodles	78
3058	50479.jpg	Generated_AI_Category	Doodles	79
3059	50480.jpg	Generated_AI_Category	Doodles	80
3060	50481.jpg	Generated_AI_Category	Doodles	81
3061	50482.jpg	Generated_AI_Category	Doodles	82
3062	50483.jpg	Generated_AI_Category	Doodles	83
3063	50484.jpg	Generated_AI_Category	Doodles	84
3064	50485.jpg	Generated_AI_Category	Doodles	85
3065	50486.jpg	Generated_AI_Category	Doodles	86
3066	50487.jpg	Generated_AI_Category	Doodles	87
3067	50488.jpg	Generated_AI_Category	Doodles	88
3068	50489.jpg	Generated_AI_Category	Doodles	89
3069	50490.jpg	Generated_AI_Category	Doodles	90
3070	50491.jpg	Generated_AI_Category	Doodles	91
3071	50492.jpg	Generated_AI_Category	Doodles	92
3072	50493.jpg	Generated_AI_Category	Doodles	93
3073	50494.jpg	Generated_AI_Category	Doodles	94
3074	50495.jpg	Generated_AI_Category	Doodles	95
3075	50496.jpg	Generated_AI_Category	Doodles	96
3076	50497.jpg	Generated_AI_Category	Doodles	97
3077	50498.jpg	Generated_AI_Category	Doodles	98
3078	50499.jpg	Generated_AI_Category	Doodles	99
3079	50500.jpg	Generated_AI_Category	Doodles	100
3080	50501.jpg	Generated_AI_Category	Doodles	101
3081	50502.jpg	Generated_AI_Category	Doodles	102
3082	50503.jpg	Generated_AI_Category	Doodles	103
3083	50504.jpg	Generated_AI_Category	Doodles	104
3084	50505.jpg	Generated_AI_Category	Doodles	105
3085	50506.jpg	Generated_AI_Category	Doodles	106
3086	50507.jpg	Generated_AI_Category	Doodles	107
3087	50508.jpg	Generated_AI_Category	Doodles	108
3088	50509.jpg	Generated_AI_Category	Doodles	109
3089	50510.jpg	Generated_AI_Category	Doodles	110
3090	50511.jpg	Generated_AI_Category	Doodles	111
3091	50512.jpg	Generated_AI_Category	Doodles	112
3092	50513.jpg	Generated_AI_Category	Doodles	113
3093	50514.jpg	Generated_AI_Category	Doodles	114
3094	50515.jpg	Generated_AI_Category	Doodles	115
3095	50516.jpg	Generated_AI_Category	Doodles	116
3096	50517.jpg	Generated_AI_Category	Doodles	117
3097	50518.jpg	Generated_AI_Category	Doodles	118
3098	50519.jpg	Generated_AI_Category	Doodles	119
3099	50520.jpg	Generated_AI_Category	Doodles	120
3100	50521.jpg	Generated_AI_Category	Doodles	121
3101	50522.jpg	Generated_AI_Category	Doodles	122
3102	50523.jpg	Generated_AI_Category	Doodles	123
3103	50524.jpg	Generated_AI_Category	Doodles	124
3104	50525.jpg	Generated_AI_Category	Doodles	125
3105	50526.jpg	Generated_AI_Category	Doodles	126
3106	50527.jpg	Generated_AI_Category	Doodles	127
3107	50528.jpg	Generated_AI_Category	Doodles	128
3108	50529.jpg	Generated_AI_Category	Doodles	129
3109	50530.jpg	Generated_AI_Category	Doodles	130
3110	50531.jpg	Generated_AI_Category	Doodles	131
3111	50532.jpg	Generated_AI_Category	Doodles	132
3112	50533.jpg	Generated_AI_Category	Doodles	133
3113	50534.jpg	Generated_AI_Category	Doodles	134
3114	50535.jpg	Generated_AI_Category	Doodles	135
3115	50536.jpg	Generated_AI_Category	Doodles	136
3116	50537.jpg	Generated_AI_Category	Doodles	137
3117	50538.jpg	Generated_AI_Category	Doodles	138
3118	50539.jpg	Generated_AI_Category	Doodles	139
3119	50540.jpg	Generated_AI_Category	Doodles	140
3120	50541.jpg	Generated_AI_Category	Doodles	141
3121	50542.jpg	Generated_AI_Category	Doodles	142
3122	50543.jpg	Generated_AI_Category	Doodles	143
3123	50544.jpg	Generated_AI_Category	Doodles	144
3124	50545.jpg	Generated_AI_Category	Doodles	145
3125	50546.jpg	Generated_AI_Category	Doodles	146
3126	50547.jpg	Generated_AI_Category	Doodles	147
3127	50548.jpg	Generated_AI_Category	Doodles	148
3128	50549.jpg	Generated_AI_Category	Doodles	149
3129	50550.jpg	Generated_AI_Category	Doodles	150
3130	50551.jpg	Generated_AI_Category	Doodles	151
3131	50552.jpg	Generated_AI_Category	Doodles	152
3132	50553.jpg	Generated_AI_Category	Doodles	153
3133	50554.jpg	Generated_AI_Category	Doodles	154
3134	50555.jpg	Generated_AI_Category	Doodles	155
3135	50556.jpg	Generated_AI_Category	Doodles	156
3136	50557.jpg	Generated_AI_Category	Doodles	157
3137	50558.jpg	Generated_AI_Category	Doodles	158
3138	50559.jpg	Generated_AI_Category	Doodles	159
3139	50560.jpg	Generated_AI_Category	Doodles	160
3140	50561.jpg	Generated_AI_Category	Doodles	161
3141	50562.jpg	Generated_AI_Category	Doodles	162
3142	50563.jpg	Generated_AI_Category	Doodles	163
3143	50564.jpg	Generated_AI_Category	Doodles	164
3144	50565.jpg	Generated_AI_Category	Doodles	165
3145	50566.jpg	Generated_AI_Category	Doodles	166
3146	50567.jpg	Generated_AI_Category	Doodles	167
3147	50568.jpg	Generated_AI_Category	Doodles	168
3148	50569.jpg	Generated_AI_Category	Doodles	169
3149	50570.jpg	Generated_AI_Category	Doodles	170
3150	50571.jpg	Generated_AI_Category	Doodles	171
3151	50572.jpg	Generated_AI_Category	Doodles	172
3152	50573.jpg	Generated_AI_Category	Doodles	173
3153	50574.jpg	Generated_AI_Category	Doodles	174
3154	50575.jpg	Generated_AI_Category	Doodles	175
3155	50576.jpg	Generated_AI_Category	Doodles	176
3156	50577.jpg	Generated_AI_Category	Doodles	177
3157	50578.jpg	Generated_AI_Category	Doodles	178
3158	50579.jpg	Generated_AI_Category	Doodles	179
3159	50580.jpg	Generated_AI_Category	Doodles	180
3160	50581.jpg	Generated_AI_Category	Doodles	181
3161	50582.jpg	Generated_AI_Category	Doodles	182
3162	50583.jpg	Generated_AI_Category	Doodles	183
3163	50584.jpg	Generated_AI_Category	Doodles	184
3164	50585.jpg	Generated_AI_Category	Doodles	185
3165	50586.jpg	Generated_AI_Category	Doodles	186
3166	50587.jpg	Generated_AI_Category	Doodles	187
3167	50588.jpg	Generated_AI_Category	Doodles	188
3168	50589.jpg	Generated_AI_Category	Doodles	189
3169	50590.jpg	Generated_AI_Category	Doodles	190
3170	50591.jpg	Generated_AI_Category	Doodles	191
3171	50592.jpg	Generated_AI_Category	Doodles	192
3172	50593.jpg	Generated_AI_Category	Doodles	193
3173	50594.jpg	Generated_AI_Category	Doodles	194
3174	50595.jpg	Generated_AI_Category	Doodles	195
3175	50596.jpg	Generated_AI_Category	Doodles	196
3176	50597.jpg	Generated_AI_Category	Doodles	197
3177	50598.jpg	Generated_AI_Category	Doodles	198
3178	50599.jpg	Generated_AI_Category	Doodles	199
3179	50600.jpg	Generated_AI_Category	Doodles	200
3180	50601.jpg	Generated_AI_Category	Doodles	201
3181	50602.jpg	Generated_AI_Category	Doodles	202
3182	50603.jpg	Generated_AI_Category	Doodles	203
3183	50604.jpg	Generated_AI_Category	Doodles	204
3184	50605.jpg	Generated_AI_Category	Doodles	205
3185	50606.jpg	Generated_AI_Category	Doodles	206
3186	50607.jpg	Generated_AI_Category	Doodles	207
3187	50608.jpg	Generated_AI_Category	Doodles	208
3188	50609.jpg	Generated_AI_Category	Doodles	209
3189	50610.jpg	Generated_AI_Category	Doodles	210
3190	50611.jpg	Generated_AI_Category	Doodles	211
3191	50612.jpg	Generated_AI_Category	Doodles	212
3192	50613.jpg	Generated_AI_Category	Doodles	213
3193	50614.jpg	Generated_AI_Category	Doodles	214
3194	50615.jpg	Generated_AI_Category	Doodles	215
3195	50616.jpg	Generated_AI_Category	Doodles	216
3196	50617.jpg	Generated_AI_Category	Doodles	217
3197	50618.jpg	Generated_AI_Category	Doodles	218
3198	50619.jpg	Generated_AI_Category	Doodles	219
3199	50620.jpg	Generated_AI_Category	Doodles	220
3200	50621.jpg	Generated_AI_Category	Doodles	221
3201	50622.jpg	Generated_AI_Category	Doodles	222
3202	50623.jpg	Generated_AI_Category	Doodles	223
3203	50624.jpg	Generated_AI_Category	Doodles	224
3204	50625.jpg	Generated_AI_Category	Doodles	225
3205	50626.jpg	Generated_AI_Category	Doodles	226
3206	50627.jpg	Generated_AI_Category	Doodles	227
3207	50628.jpg	Generated_AI_Category	Doodles	228
3208	50629.jpg	Generated_AI_Category	Doodles	229
3209	50630.jpg	Generated_AI_Category	Doodles	230
3210	50631.jpg	Generated_AI_Category	Doodles	231
3211	50632.jpg	Generated_AI_Category	Doodles	232
3212	50633.jpg	Generated_AI_Category	Doodles	233
3213	50634.jpg	Generated_AI_Category	Doodles	234
3214	50635.jpg	Generated_AI_Category	Doodles	235
3215	50636.jpg	Generated_AI_Category	Doodles	236
3216	50637.jpg	Generated_AI_Category	Doodles	237
3217	50638.jpg	Generated_AI_Category	Doodles	238
3218	50639.jpg	Generated_AI_Category	Doodles	239
3219	50640.jpg	Generated_AI_Category	Doodles	240
3220	50641.jpg	Generated_AI_Category	Doodles	241
3221	50642.jpg	Generated_AI_Category	Doodles	242
3222	50643.jpg	Generated_AI_Category	Doodles	243
3223	50644.jpg	Generated_AI_Category	Doodles	244
3224	50645.jpg	Generated_AI_Category	Doodles	245
3225	50646.jpg	Generated_AI_Category	Doodles	246
3226	50647.jpg	Generated_AI_Category	Doodles	247
3227	50648.jpg	Generated_AI_Category	Doodles	248
3228	50649.jpg	Generated_AI_Category	Doodles	249
3229	50650.jpg	Generated_AI_Category	Doodles	250
3230	50651.jpg	Generated_AI_Category	Doodles	251
3231	50652.jpg	Generated_AI_Category	Doodles	252
3232	50653.jpg	Generated_AI_Category	Doodles	253
3233	50654.jpg	Generated_AI_Category	Doodles	254
3234	50655.jpg	Generated_AI_Category	Doodles	255
3235	50656.jpg	Generated_AI_Category	Doodles	256
3236	50657.jpg	Generated_AI_Category	Doodles	257
3237	50658.jpg	Generated_AI_Category	Doodles	258
3238	50659.jpg	Generated_AI_Category	Doodles	259
3239	50660.jpg	Generated_AI_Category	Doodles	260
3240	50661.jpg	Generated_AI_Category	Doodles	261
3241	50662.jpg	Generated_AI_Category	Doodles	262
3242	50663.jpg	Generated_AI_Category	Doodles	263
3243	50664.jpg	Generated_AI_Category	Doodles	264
3244	50665.jpg	Generated_AI_Category	Doodles	265
3245	50666.jpg	Generated_AI_Category	Doodles	266
3246	50667.jpg	Generated_AI_Category	Doodles	267
3247	50668.jpg	Generated_AI_Category	Doodles	268
3248	50669.jpg	Generated_AI_Category	Doodles	269
3249	50670.jpg	Generated_AI_Category	Doodles	270
3250	50671.jpg	Generated_AI_Category	Doodles	271
3251	50672.jpg	Generated_AI_Category	Doodles	272
3252	50673.jpg	Generated_AI_Category	Doodles	273
3253	50674.jpg	Generated_AI_Category	Doodles	274
3254	50675.jpg	Generated_AI_Category	Doodles	275
3255	50676.jpg	Generated_AI_Category	Doodles	276
3256	50677.jpg	Generated_AI_Category	Doodles	277
3257	50678.jpg	Generated_AI_Category	Doodles	278
3258	50679.jpg	Generated_AI_Category	Doodles	279
3259	50680.jpg	Generated_AI_Category	Doodles	280
3260	50681.jpg	Generated_AI_Category	Doodles	281
3261	50682.jpg	Generated_AI_Category	Doodles	282
3262	50683.jpg	Generated_AI_Category	Doodles	283
3263	50684.jpg	Generated_AI_Category	Doodles	284
3264	50685.jpg	Generated_AI_Category	Doodles	285
3265	50686.jpg	Generated_AI_Category	Doodles	286
3266	50687.jpg	Generated_AI_Category	Doodles	287
3267	50688.jpg	Generated_AI_Category	Doodles	288
3268	50689.jpg	Generated_AI_Category	Doodles	289
3269	50690.jpg	Generated_AI_Category	Doodles	290
3270	50691.jpg	Generated_AI_Category	Doodles	291
3271	50692.jpg	Generated_AI_Category	Doodles	292
3272	50693.jpg	Generated_AI_Category	Doodles	293
3273	50694.jpg	Generated_AI_Category	Doodles	294
3274	50695.jpg	Generated_AI_Category	Doodles	295
3275	50696.jpg	Generated_AI_Category	Doodles	296
3276	50697.jpg	Generated_AI_Category	Doodles	297
3277	50698.jpg	Generated_AI_Category	Doodles	298
3278	50699.jpg	Generated_AI_Category	Doodles	299
3279	50700.jpg	Generated_AI_Category	Doodles	300
3280	50701.jpg	Generated_AI_Category	Doodles	301
3281	50702.jpg	Generated_AI_Category	Doodles	302
3282	50703.jpg	Generated_AI_Category	Doodles	303
3283	50704.jpg	Generated_AI_Category	Doodles	304
3284	50705.jpg	Generated_AI_Category	Doodles	305
3285	50706.jpg	Generated_AI_Category	Doodles	306
3286	50707.jpg	Generated_AI_Category	Doodles	307
3287	50708.jpg	Generated_AI_Category	Doodles	308
3288	50709.jpg	Generated_AI_Category	Doodles	309
3289	50710.jpg	Generated_AI_Category	Doodles	310
3290	50711.jpg	Generated_AI_Category	Doodles	311
3291	50712.jpg	Generated_AI_Category	Doodles	312
3292	50713.jpg	Generated_AI_Category	Doodles	313
3293	50714.jpg	Generated_AI_Category	Doodles	314
3294	50715.jpg	Generated_AI_Category	Doodles	315
3295	50716.jpg	Generated_AI_Category	Doodles	316
3296	50717.jpg	Generated_AI_Category	Doodles	317
3297	50718.jpg	Generated_AI_Category	Doodles	318
3298	50719.jpg	Generated_AI_Category	Doodles	319
3299	50720.jpg	Generated_AI_Category	Doodles	320
3300	50721.jpg	Generated_AI_Category	Doodles	321
3301	50722.jpg	Generated_AI_Category	Doodles	322
3302	50723.jpg	Generated_AI_Category	Doodles	323
3303	50724.jpg	Generated_AI_Category	Doodles	324
3304	50725.jpg	Generated_AI_Category	Doodles	325
3305	50726.jpg	Generated_AI_Category	Doodles	326
3306	50727.jpg	Generated_AI_Category	Doodles	327
3307	50728.jpg	Generated_AI_Category	Doodles	328
3308	50729.jpg	Generated_AI_Category	Doodles	329
3309	50730.jpg	Generated_AI_Category	Doodles	330
3310	50731.jpg	Generated_AI_Category	Doodles	331
3311	50732.jpg	Generated_AI_Category	Doodles	332
3312	50733.jpg	Generated_AI_Category	Doodles	333
3313	50734.jpg	Generated_AI_Category	Doodles	334
3314	50735.jpg	Generated_AI_Category	Doodles	335
3315	50736.jpg	Generated_AI_Category	Doodles	336
3316	50737.jpg	Generated_AI_Category	Doodles	337
3317	50738.jpg	Generated_AI_Category	Doodles	338
3318	50739.jpg	Generated_AI_Category	Doodles	339
3319	50740.jpg	Generated_AI_Category	Doodles	340
3320	50741.jpg	Generated_AI_Category	Doodles	341
3321	50742.jpg	Generated_AI_Category	Doodles	342
3322	50743.jpg	Generated_AI_Category	Doodles	343
3323	50744.jpg	Generated_AI_Category	Doodles	344
3324	50745.jpg	Generated_AI_Category	Doodles	345
3325	50746.jpg	Generated_AI_Category	Doodles	346
3326	50747.jpg	Generated_AI_Category	Doodles	347
3327	50748.jpg	Generated_AI_Category	Doodles	348
3328	50749.jpg	Generated_AI_Category	Doodles	349
3329	50750.jpg	Generated_AI_Category	Doodles	350
3330	50751.jpg	Generated_AI_Category	Doodles	351
3331	50752.jpg	Generated_AI_Category	Doodles	352
3332	50753.jpg	Generated_AI_Category	Doodles	353
3333	50754.jpg	Generated_AI_Category	Doodles	354
3334	50755.jpg	Generated_AI_Category	Doodles	355
3335	50756.jpg	Generated_AI_Category	Doodles	356
3336	50757.jpg	Generated_AI_Category	Doodles	357
3337	50758.jpg	Generated_AI_Category	Doodles	358
3338	50759.jpg	Generated_AI_Category	Doodles	359
3339	50760.jpg	Generated_AI_Category	Doodles	360
3340	50761.jpg	Generated_AI_Category	Doodles	361
3341	50762.jpg	Generated_AI_Category	Doodles	362
3342	50763.jpg	Generated_AI_Category	Doodles	363
3343	50764.jpg	Generated_AI_Category	Doodles	364
3344	50765.jpg	Generated_AI_Category	Doodles	365
3345	50766.jpg	Generated_AI_Category	Doodles	366
3346	50767.jpg	Generated_AI_Category	Doodles	367
3347	50768.jpg	Generated_AI_Category	Doodles	368
3348	50769.jpg	Generated_AI_Category	Doodles	369
3349	50770.jpg	Generated_AI_Category	Doodles	370
3350	50771.jpg	Generated_AI_Category	Doodles	371
3351	50772.jpg	Generated_AI_Category	Doodles	372
3352	50773.jpg	Generated_AI_Category	Doodles	373
3353	50774.jpg	Generated_AI_Category	Doodles	374
3354	50775.jpg	Generated_AI_Category	Doodles	375
3355	50776.jpg	Generated_AI_Category	Doodles	376
3356	50777.jpg	Generated_AI_Category	Doodles	377
3357	50778.jpg	Generated_AI_Category	Doodles	378
3358	50779.jpg	Generated_AI_Category	Doodles	379
3359	50780.jpg	Generated_AI_Category	Doodles	380
3360	50781.jpg	Generated_AI_Category	Doodles	381
3361	50782.jpg	Generated_AI_Category	Doodles	382
3362	50783.jpg	Generated_AI_Category	Doodles	383
3363	50784.jpg	Generated_AI_Category	Doodles	384
3364	50785.jpg	Generated_AI_Category	Doodles	385
3365	50786.jpg	Generated_AI_Category	Doodles	386
3366	50787.jpg	Generated_AI_Category	Doodles	387
3367	50788.jpg	Generated_AI_Category	Doodles	388
3368	50789.jpg	Generated_AI_Category	Doodles	389
3369	50790.jpg	Generated_AI_Category	Doodles	390
3370	50791.jpg	Generated_AI_Category	Doodles	391
3371	50792.jpg	Generated_AI_Category	Doodles	392
3372	50793.jpg	Generated_AI_Category	Doodles	393
3373	50794.jpg	Generated_AI_Category	Doodles	394
3374	50795.jpg	Generated_AI_Category	Doodles	395
3375	50796.jpg	Generated_AI_Category	Doodles	396
3376	50797.jpg	Generated_AI_Category	Doodles	397
3377	50798.jpg	Generated_AI_Category	Doodles	398
3378	50799.jpg	Generated_AI_Category	Doodles	399
3379	50800.jpg	Generated_AI_Category	Doodles	400
