	FileName	Category	Stim_Set	Object
0	00001.jpg	Face	FOB_STI150	-1
1	00002.jpg	Face	FOB_STI150	-1
2	00003.jpg	Face	FOB_STI150	-1
3	00004.jpg	Face	FOB_STI150	-1
4	00005.jpg	Face	FOB_STI150	-1
5	00006.jpg	Face	FOB_STI150	-1
6	00007.jpg	Face	FOB_STI150	-1
7	00008.jpg	Face	FOB_STI150	-1
8	00009.jpg	Face	FOB_STI150	-1
9	00010.jpg	Face	FOB_STI150	-1
10	00011.jpg	Face	FOB_STI150	-1
11	00012.jpg	Face	FOB_STI150	-1
12	00013.jpg	Face	FOB_STI150	-1
13	00014.jpg	Face	FOB_STI150	-1
14	00015.jpg	Face	FOB_STI150	-1
15	00016.jpg	Body	FOB_STI150	-1
16	00017.jpg	Body	FOB_STI150	-1
17	00018.jpg	Body	FOB_STI150	-1
18	00019.jpg	Body	FOB_STI150	-1
19	00020.jpg	Body	FOB_STI150	-1
20	00021.jpg	Body	FOB_STI150	-1
21	00022.jpg	Body	FOB_STI150	-1
22	00023.jpg	Body	FOB_STI150	-1
23	00024.jpg	Body	FOB_STI150	-1
24	00025.jpg	Body	FOB_STI150	-1
25	00026.jpg	Body	FOB_STI150	-1
26	00027.jpg	Body	FOB_STI150	-1
27	00028.jpg	Body	FOB_STI150	-1
28	00029.jpg	Body	FOB_STI150	-1
29	00030.jpg	Body	FOB_STI150	-1
30	00031.jpg	Object	FOB_STI150	-1
31	00032.jpg	Object	FOB_STI150	-1
32	00033.jpg	Object	FOB_STI150	-1
33	00034.jpg	Object	FOB_STI150	-1
34	00035.jpg	Object	FOB_STI150	-1
35	00036.jpg	Object	FOB_STI150	-1
36	00037.jpg	Object	FOB_STI150	-1
37	00038.jpg	Object	FOB_STI150	-1
38	00039.jpg	Object	FOB_STI150	-1
39	00040.jpg	Object	FOB_STI150	-1
40	00041.jpg	Object	FOB_STI150	-1
41	00042.jpg	Object	FOB_STI150	-1
42	00043.jpg	Object	FOB_STI150	-1
43	00044.jpg	Object	FOB_STI150	-1
44	00045.jpg	Object	FOB_STI150	-1
45	00046.jpg	Scene	FOB_STI150	-1
46	00047.jpg	Scene	FOB_STI150	-1
47	00048.jpg	Scene	FOB_STI150	-1
48	00049.jpg	Scene	FOB_STI150	-1
49	00050.jpg	Scene	FOB_STI150	-1
50	00051.jpg	Scene	FOB_STI150	-1
51	00052.jpg	Scene	FOB_STI150	-1
52	00053.jpg	Scene	FOB_STI150	-1
53	00054.jpg	Scene	FOB_STI150	-1
54	00055.jpg	Scene	FOB_STI150	-1
55	00056.jpg	Scene	FOB_STI150	-1
56	00057.jpg	Scene	FOB_STI150	-1
57	00058.jpg	Scene	FOB_STI150	-1
58	00059.jpg	Scene	FOB_STI150	-1
59	00060.jpg	Scene	FOB_STI150	-1
60	00061.jpg	Food	FOB_STI150	-1
61	00062.jpg	Food	FOB_STI150	-1
62	00063.jpg	Food	FOB_STI150	-1
63	00064.jpg	Food	FOB_STI150	-1
64	00065.jpg	Food	FOB_STI150	-1
65	00066.jpg	Food	FOB_STI150	-1
66	00067.jpg	Food	FOB_STI150	-1
67	00068.jpg	Food	FOB_STI150	-1
68	00069.jpg	Food	FOB_STI150	-1
69	00070.jpg	Food	FOB_STI150	-1
70	00071.jpg	Food	FOB_STI150	-1
71	00072.jpg	Food	FOB_STI150	-1
72	00073.jpg	Food	FOB_STI150	-1
73	00074.jpg	Food	FOB_STI150	-1
74	00075.jpg	Food	FOB_STI150	-1
75	00076.jpg	Face_g	FOB_STI150	-1
76	00077.jpg	Face_g	FOB_STI150	-1
77	00078.jpg	Face_g	FOB_STI150	-1
78	00079.jpg	Face_g	FOB_STI150	-1
79	00080.jpg	Face_g	FOB_STI150	-1
80	00081.jpg	Face_g	FOB_STI150	-1
81	00082.jpg	Face_g	FOB_STI150	-1
82	00083.jpg	Face_g	FOB_STI150	-1
83	00084.jpg	Face_g	FOB_STI150	-1
84	00085.jpg	Face_g	FOB_STI150	-1
85	00086.jpg	Face_g	FOB_STI150	-1
86	00087.jpg	Face_g	FOB_STI150	-1
87	00088.jpg	Face_g	FOB_STI150	-1
88	00089.jpg	Face_g	FOB_STI150	-1
89	00090.jpg	Face_g	FOB_STI150	-1
90	00091.jpg	Body_g	FOB_STI150	-1
91	00092.jpg	Body_g	FOB_STI150	-1
92	00093.jpg	Body_g	FOB_STI150	-1
93	00094.jpg	Body_g	FOB_STI150	-1
94	00095.jpg	Body_g	FOB_STI150	-1
95	00096.jpg	Body_g	FOB_STI150	-1
96	00097.jpg	Body_g	FOB_STI150	-1
97	00098.jpg	Body_g	FOB_STI150	-1
98	00099.jpg	Body_g	FOB_STI150	-1
99	00100.jpg	Body_g	FOB_STI150	-1
100	00101.jpg	Body_g	FOB_STI150	-1
101	00102.jpg	Body_g	FOB_STI150	-1
102	00103.jpg	Body_g	FOB_STI150	-1
103	00104.jpg	Body_g	FOB_STI150	-1
104	00105.jpg	Body_g	FOB_STI150	-1
105	00106.jpg	Object_g	FOB_STI150	-1
106	00107.jpg	Object_g	FOB_STI150	-1
107	00108.jpg	Object_g	FOB_STI150	-1
108	00109.jpg	Object_g	FOB_STI150	-1
109	00110.jpg	Object_g	FOB_STI150	-1
110	00111.jpg	Object_g	FOB_STI150	-1
111	00112.jpg	Object_g	FOB_STI150	-1
112	00113.jpg	Object_g	FOB_STI150	-1
113	00114.jpg	Object_g	FOB_STI150	-1
114	00115.jpg	Object_g	FOB_STI150	-1
115	00116.jpg	Object_g	FOB_STI150	-1
116	00117.jpg	Object_g	FOB_STI150	-1
117	00118.jpg	Object_g	FOB_STI150	-1
118	00119.jpg	Object_g	FOB_STI150	-1
119	00120.jpg	Object_g	FOB_STI150	-1
120	00121.jpg	Scene_g	FOB_STI150	-1
121	00122.jpg	Scene_g	FOB_STI150	-1
122	00123.jpg	Scene_g	FOB_STI150	-1
123	00124.jpg	Scene_g	FOB_STI150	-1
124	00125.jpg	Scene_g	FOB_STI150	-1
125	00126.jpg	Scene_g	FOB_STI150	-1
126	00127.jpg	Scene_g	FOB_STI150	-1
127	00128.jpg	Scene_g	FOB_STI150	-1
128	00129.jpg	Scene_g	FOB_STI150	-1
129	00130.jpg	Scene_g	FOB_STI150	-1
130	00131.jpg	Scene_g	FOB_STI150	-1
131	00132.jpg	Scene_g	FOB_STI150	-1
132	00133.jpg	Scene_g	FOB_STI150	-1
133	00134.jpg	Scene_g	FOB_STI150	-1
134	00135.jpg	Scene_g	FOB_STI150	-1
135	00136.jpg	Food_g	FOB_STI150	-1
136	00137.jpg	Food_g	FOB_STI150	-1
137	00138.jpg	Food_g	FOB_STI150	-1
138	00139.jpg	Food_g	FOB_STI150	-1
139	00140.jpg	Food_g	FOB_STI150	-1
140	00141.jpg	Food_g	FOB_STI150	-1
141	00142.jpg	Food_g	FOB_STI150	-1
142	00143.jpg	Food_g	FOB_STI150	-1
143	00144.jpg	Food_g	FOB_STI150	-1
144	00145.jpg	Food_g	FOB_STI150	-1
145	00146.jpg	Food_g	FOB_STI150	-1
146	00147.jpg	Food_g	FOB_STI150	-1
147	00148.jpg	Food_g	FOB_STI150	-1
148	00149.jpg	Food_g	FOB_STI150	-1
149	00150.jpg	Food_g	FOB_STI150	-1
150	00151.jpg	Face	FOB_STI150	-1
151	00152.jpg	Face	FOB_STI150	-1
152	00153.jpg	Face	FOB_STI150	-1
153	00154.jpg	Face	FOB_STI150	-1
154	00155.jpg	Face	FOB_STI150	-1
155	00156.jpg	Face	FOB_STI150	-1
156	00157.jpg	Face	FOB_STI150	-1
157	00158.jpg	Face	FOB_STI150	-1
158	00159.jpg	Face	FOB_STI150	-1
159	00160.jpg	Face	FOB_STI150	-1
160	00161.jpg	Face	FOB_STI150	-1
161	00162.jpg	Face	FOB_STI150	-1
162	00163.jpg	Face	FOB_STI150	-1
163	00164.jpg	Face	FOB_STI150	-1
164	00165.jpg	Face	FOB_STI150	-1
165	00166.jpg	Body	FOB_STI150	-1
166	00167.jpg	Body	FOB_STI150	-1
167	00168.jpg	Body	FOB_STI150	-1
168	00169.jpg	Body	FOB_STI150	-1
169	00170.jpg	Body	FOB_STI150	-1
170	00171.jpg	Body	FOB_STI150	-1
171	00172.jpg	Body	FOB_STI150	-1
172	00173.jpg	Body	FOB_STI150	-1
173	00174.jpg	Body	FOB_STI150	-1
174	00175.jpg	Body	FOB_STI150	-1
175	00176.jpg	Body	FOB_STI150	-1
176	00177.jpg	Body	FOB_STI150	-1
177	00178.jpg	Body	FOB_STI150	-1
178	00179.jpg	Body	FOB_STI150	-1
179	00180.jpg	Body	FOB_STI150	-1
180	00181.jpg	Object	FOB_STI150	-1
181	00182.jpg	Object	FOB_STI150	-1
182	00183.jpg	Object	FOB_STI150	-1
183	00184.jpg	Object	FOB_STI150	-1
184	00185.jpg	Object	FOB_STI150	-1
185	00186.jpg	Object	FOB_STI150	-1
186	00187.jpg	Object	FOB_STI150	-1
187	00188.jpg	Object	FOB_STI150	-1
188	00189.jpg	Object	FOB_STI150	-1
189	00190.jpg	Object	FOB_STI150	-1
190	00191.jpg	Object	FOB_STI150	-1
191	00192.jpg	Object	FOB_STI150	-1
192	00193.jpg	Object	FOB_STI150	-1
193	00194.jpg	Object	FOB_STI150	-1
194	00195.jpg	Object	FOB_STI150	-1
195	00196.jpg	Scene	FOB_STI150	-1
196	00197.jpg	Scene	FOB_STI150	-1
197	00198.jpg	Scene	FOB_STI150	-1
198	00199.jpg	Scene	FOB_STI150	-1
199	00200.jpg	Scene	FOB_STI150	-1
200	00201.jpg	Scene	FOB_STI150	-1
201	00202.jpg	Scene	FOB_STI150	-1
202	00203.jpg	Scene	FOB_STI150	-1
203	00204.jpg	Scene	FOB_STI150	-1
204	00205.jpg	Scene	FOB_STI150	-1
205	00206.jpg	Scene	FOB_STI150	-1
206	00207.jpg	Scene	FOB_STI150	-1
207	00208.jpg	Scene	FOB_STI150	-1
208	00209.jpg	Scene	FOB_STI150	-1
209	00210.jpg	Scene	FOB_STI150	-1
210	00211.jpg	Food	FOB_STI150	-1
211	00212.jpg	Food	FOB_STI150	-1
212	00213.jpg	Food	FOB_STI150	-1
213	00214.jpg	Food	FOB_STI150	-1
214	00215.jpg	Food	FOB_STI150	-1
215	00216.jpg	Food	FOB_STI150	-1
216	00217.jpg	Food	FOB_STI150	-1
217	00218.jpg	Food	FOB_STI150	-1
218	00219.jpg	Food	FOB_STI150	-1
219	00220.jpg	Food	FOB_STI150	-1
220	00221.jpg	Food	FOB_STI150	-1
221	00222.jpg	Food	FOB_STI150	-1
222	00223.jpg	Food	FOB_STI150	-1
223	00224.jpg	Food	FOB_STI150	-1
224	00225.jpg	Food	FOB_STI150	-1
225	00226.jpg	Face_g	FOB_STI150	-1
226	00227.jpg	Face_g	FOB_STI150	-1
227	00228.jpg	Face_g	FOB_STI150	-1
228	00229.jpg	Face_g	FOB_STI150	-1
229	00230.jpg	Face_g	FOB_STI150	-1
230	00231.jpg	Face_g	FOB_STI150	-1
231	00232.jpg	Face_g	FOB_STI150	-1
232	00233.jpg	Face_g	FOB_STI150	-1
233	00234.jpg	Face_g	FOB_STI150	-1
234	00235.jpg	Face_g	FOB_STI150	-1
235	00236.jpg	Face_g	FOB_STI150	-1
236	00237.jpg	Face_g	FOB_STI150	-1
237	00238.jpg	Face_g	FOB_STI150	-1
238	00239.jpg	Face_g	FOB_STI150	-1
239	00240.jpg	Face_g	FOB_STI150	-1
240	00241.jpg	Body_g	FOB_STI150	-1
241	00242.jpg	Body_g	FOB_STI150	-1
242	00243.jpg	Body_g	FOB_STI150	-1
243	00244.jpg	Body_g	FOB_STI150	-1
244	00245.jpg	Body_g	FOB_STI150	-1
245	00246.jpg	Body_g	FOB_STI150	-1
246	00247.jpg	Body_g	FOB_STI150	-1
247	00248.jpg	Body_g	FOB_STI150	-1
248	00249.jpg	Body_g	FOB_STI150	-1
249	00250.jpg	Body_g	FOB_STI150	-1
250	00251.jpg	Body_g	FOB_STI150	-1
251	00252.jpg	Body_g	FOB_STI150	-1
252	00253.jpg	Body_g	FOB_STI150	-1
253	00254.jpg	Body_g	FOB_STI150	-1
254	00255.jpg	Body_g	FOB_STI150	-1
255	00256.jpg	Object_g	FOB_STI150	-1
256	00257.jpg	Object_g	FOB_STI150	-1
257	00258.jpg	Object_g	FOB_STI150	-1
258	00259.jpg	Object_g	FOB_STI150	-1
259	00260.jpg	Object_g	FOB_STI150	-1
260	00261.jpg	Object_g	FOB_STI150	-1
261	00262.jpg	Object_g	FOB_STI150	-1
262	00263.jpg	Object_g	FOB_STI150	-1
263	00264.jpg	Object_g	FOB_STI150	-1
264	00265.jpg	Object_g	FOB_STI150	-1
265	00266.jpg	Object_g	FOB_STI150	-1
266	00267.jpg	Object_g	FOB_STI150	-1
267	00268.jpg	Object_g	FOB_STI150	-1
268	00269.jpg	Object_g	FOB_STI150	-1
269	00270.jpg	Object_g	FOB_STI150	-1
270	00271.jpg	Scene_g	FOB_STI150	-1
271	00272.jpg	Scene_g	FOB_STI150	-1
272	00273.jpg	Scene_g	FOB_STI150	-1
273	00274.jpg	Scene_g	FOB_STI150	-1
274	00275.jpg	Scene_g	FOB_STI150	-1
275	00276.jpg	Scene_g	FOB_STI150	-1
276	00277.jpg	Scene_g	FOB_STI150	-1
277	00278.jpg	Scene_g	FOB_STI150	-1
278	00279.jpg	Scene_g	FOB_STI150	-1
279	00280.jpg	Scene_g	FOB_STI150	-1
280	00281.jpg	Scene_g	FOB_STI150	-1
281	00282.jpg	Scene_g	FOB_STI150	-1
282	00283.jpg	Scene_g	FOB_STI150	-1
283	00284.jpg	Scene_g	FOB_STI150	-1
284	00285.jpg	Scene_g	FOB_STI150	-1
285	00286.jpg	Food_g	FOB_STI150	-1
286	00287.jpg	Food_g	FOB_STI150	-1
287	00288.jpg	Food_g	FOB_STI150	-1
288	00289.jpg	Food_g	FOB_STI150	-1
289	00290.jpg	Food_g	FOB_STI150	-1
290	00291.jpg	Food_g	FOB_STI150	-1
291	00292.jpg	Food_g	FOB_STI150	-1
292	00293.jpg	Food_g	FOB_STI150	-1
293	00294.jpg	Food_g	FOB_STI150	-1
294	00295.jpg	Food_g	FOB_STI150	-1
295	00296.jpg	Food_g	FOB_STI150	-1
296	00297.jpg	Food_g	FOB_STI150	-1
297	00298.jpg	Food_g	FOB_STI150	-1
298	00299.jpg	Food_g	FOB_STI150	-1
299	00300.jpg	Food_g	FOB_STI150	-1
300	10001.jpg	Doodle	Doodles	1
301	10002.jpg	Doodle	Doodles	2
302	10003.jpg	Doodle	Doodles	3
303	10004.jpg	Doodle	Doodles	4
304	10005.jpg	Doodle	Doodles	5
305	10006.jpg	Doodle	Doodles	6
306	10007.jpg	Doodle	Doodles	7
307	10008.jpg	Doodle	Doodles	8
308	10009.jpg	Doodle	Doodles	9
309	10010.jpg	Doodle	Doodles	10
310	10011.jpg	Doodle	Doodles	11
311	10012.jpg	Doodle	Doodles	12
312	10013.jpg	Doodle	Doodles	13
313	10014.jpg	Doodle	Doodles	14
314	10015.jpg	Doodle	Doodles	15
315	10016.jpg	Doodle	Doodles	16
316	10017.jpg	Doodle	Doodles	17
317	10018.jpg	Doodle	Doodles	18
318	10019.jpg	Doodle	Doodles	19
319	10020.jpg	Doodle	Doodles	20
320	10021.jpg	Doodle	Doodles	21
321	10022.jpg	Doodle	Doodles	22
322	10023.jpg	Doodle	Doodles	23
323	10024.jpg	Doodle	Doodles	24
324	10025.jpg	Doodle	Doodles	25
325	10026.jpg	Doodle	Doodles	26
326	10027.jpg	Doodle	Doodles	27
327	10028.jpg	Doodle	Doodles	28
328	10029.jpg	Doodle	Doodles	29
329	10030.jpg	Doodle	Doodles	30
330	10031.jpg	Doodle	Doodles	31
331	10032.jpg	Doodle	Doodles	32
332	10033.jpg	Doodle	Doodles	33
333	10034.jpg	Doodle	Doodles	34
334	10035.jpg	Doodle	Doodles	35
335	10036.jpg	Doodle	Doodles	36
336	10037.jpg	Doodle	Doodles	37
337	10038.jpg	Doodle	Doodles	38
338	10039.jpg	Doodle	Doodles	39
339	10040.jpg	Doodle	Doodles	40
340	10041.jpg	Doodle	Doodles	41
341	10042.jpg	Doodle	Doodles	42
342	10043.jpg	Doodle	Doodles	43
343	10044.jpg	Doodle	Doodles	44
344	10045.jpg	Doodle	Doodles	45
345	10046.jpg	Doodle	Doodles	46
346	10047.jpg	Doodle	Doodles	47
347	10048.jpg	Doodle	Doodles	48
348	10049.jpg	Doodle	Doodles	49
349	10050.jpg	Doodle	Doodles	50
350	10051.jpg	Doodle	Doodles	51
351	10052.jpg	Doodle	Doodles	52
352	10053.jpg	Doodle	Doodles	53
353	10054.jpg	Doodle	Doodles	54
354	10055.jpg	Doodle	Doodles	55
355	10056.jpg	Doodle	Doodles	56
356	10057.jpg	Doodle	Doodles	57
357	10058.jpg	Doodle	Doodles	58
358	10059.jpg	Doodle	Doodles	59
359	10060.jpg	Doodle	Doodles	60
360	10061.jpg	Doodle	Doodles	61
361	10062.jpg	Doodle	Doodles	62
362	10063.jpg	Doodle	Doodles	63
363	10064.jpg	Doodle	Doodles	64
364	10065.jpg	Doodle	Doodles	65
365	10066.jpg	Doodle	Doodles	66
366	10067.jpg	Doodle	Doodles	67
367	10068.jpg	Doodle	Doodles	68
368	10069.jpg	Doodle	Doodles	69
369	10070.jpg	Doodle	Doodles	70
370	10071.jpg	Doodle	Doodles	71
371	10072.jpg	Doodle	Doodles	72
372	10073.jpg	Doodle	Doodles	73
373	10074.jpg	Doodle	Doodles	74
374	10075.jpg	Doodle	Doodles	75
375	10076.jpg	Doodle	Doodles	76
376	10077.jpg	Doodle	Doodles	77
377	10078.jpg	Doodle	Doodles	78
378	10079.jpg	Doodle	Doodles	79
379	10080.jpg	Doodle	Doodles	80
380	10081.jpg	Doodle	Doodles	81
381	10082.jpg	Doodle	Doodles	82
382	10083.jpg	Doodle	Doodles	83
383	10084.jpg	Doodle	Doodles	84
384	10085.jpg	Doodle	Doodles	85
385	10086.jpg	Doodle	Doodles	86
386	10087.jpg	Doodle	Doodles	87
387	10088.jpg	Doodle	Doodles	88
388	10089.jpg	Doodle	Doodles	89
389	10090.jpg	Doodle	Doodles	90
390	10091.jpg	Doodle	Doodles	91
391	10092.jpg	Doodle	Doodles	92
392	10093.jpg	Doodle	Doodles	93
393	10094.jpg	Doodle	Doodles	94
394	10095.jpg	Doodle	Doodles	95
395	10096.jpg	Doodle	Doodles	96
396	10097.jpg	Doodle	Doodles	97
397	10098.jpg	Doodle	Doodles	98
398	10099.jpg	Doodle	Doodles	99
399	10100.jpg	Doodle	Doodles	100
400	10101.jpg	Doodle	Doodles	101
401	10102.jpg	Doodle	Doodles	102
402	10103.jpg	Doodle	Doodles	103
403	10104.jpg	Doodle	Doodles	104
404	10105.jpg	Doodle	Doodles	105
405	10106.jpg	Doodle	Doodles	106
406	10107.jpg	Doodle	Doodles	107
407	10108.jpg	Doodle	Doodles	108
408	10109.jpg	Doodle	Doodles	109
409	10110.jpg	Doodle	Doodles	110
410	10111.jpg	Doodle	Doodles	111
411	10112.jpg	Doodle	Doodles	112
412	10113.jpg	Doodle	Doodles	113
413	10114.jpg	Doodle	Doodles	114
414	10115.jpg	Doodle	Doodles	115
415	10116.jpg	Doodle	Doodles	116
416	10117.jpg	Doodle	Doodles	117
417	10118.jpg	Doodle	Doodles	118
418	10119.jpg	Doodle	Doodles	119
419	10120.jpg	Doodle	Doodles	120
420	10121.jpg	Doodle	Doodles	121
421	10122.jpg	Doodle	Doodles	122
422	10123.jpg	Doodle	Doodles	123
423	10124.jpg	Doodle	Doodles	124
424	10125.jpg	Doodle	Doodles	125
425	10126.jpg	Doodle	Doodles	126
426	10127.jpg	Doodle	Doodles	127
427	10128.jpg	Doodle	Doodles	128
428	10129.jpg	Doodle	Doodles	129
429	10130.jpg	Doodle	Doodles	130
430	10131.jpg	Doodle	Doodles	131
431	10132.jpg	Doodle	Doodles	132
432	10133.jpg	Doodle	Doodles	133
433	10134.jpg	Doodle	Doodles	134
434	10135.jpg	Doodle	Doodles	135
435	10136.jpg	Doodle	Doodles	136
436	10137.jpg	Doodle	Doodles	137
437	10138.jpg	Doodle	Doodles	138
438	10139.jpg	Doodle	Doodles	139
439	10140.jpg	Doodle	Doodles	140
440	10141.jpg	Doodle	Doodles	141
441	10142.jpg	Doodle	Doodles	142
442	10143.jpg	Doodle	Doodles	143
443	10144.jpg	Doodle	Doodles	144
444	10145.jpg	Doodle	Doodles	145
445	10146.jpg	Doodle	Doodles	146
446	10147.jpg	Doodle	Doodles	147
447	10148.jpg	Doodle	Doodles	148
448	10149.jpg	Doodle	Doodles	149
449	10150.jpg	Doodle	Doodles	150
450	10151.jpg	Doodle	Doodles	151
451	10152.jpg	Doodle	Doodles	152
452	10153.jpg	Doodle	Doodles	153
453	10154.jpg	Doodle	Doodles	154
454	10155.jpg	Doodle	Doodles	155
455	10156.jpg	Doodle	Doodles	156
456	10157.jpg	Doodle	Doodles	157
457	10158.jpg	Doodle	Doodles	158
458	10159.jpg	Doodle	Doodles	159
459	10160.jpg	Doodle	Doodles	160
460	10161.jpg	Doodle	Doodles	161
461	10162.jpg	Doodle	Doodles	162
462	10163.jpg	Doodle	Doodles	163
463	10164.jpg	Doodle	Doodles	164
464	10165.jpg	Doodle	Doodles	165
465	10166.jpg	Doodle	Doodles	166
466	10167.jpg	Doodle	Doodles	167
467	10168.jpg	Doodle	Doodles	168
468	10169.jpg	Doodle	Doodles	169
469	10170.jpg	Doodle	Doodles	170
470	10171.jpg	Doodle	Doodles	171
471	10172.jpg	Doodle	Doodles	172
472	10173.jpg	Doodle	Doodles	173
473	10174.jpg	Doodle	Doodles	174
474	10175.jpg	Doodle	Doodles	175
475	10176.jpg	Doodle	Doodles	176
476	10177.jpg	Doodle	Doodles	177
477	10178.jpg	Doodle	Doodles	178
478	10179.jpg	Doodle	Doodles	179
479	10180.jpg	Doodle	Doodles	180
480	10181.jpg	Doodle	Doodles	181
481	10182.jpg	Doodle	Doodles	182
482	10183.jpg	Doodle	Doodles	183
483	10184.jpg	Doodle	Doodles	184
484	10185.jpg	Doodle	Doodles	185
485	10186.jpg	Doodle	Doodles	186
486	10187.jpg	Doodle	Doodles	187
487	10188.jpg	Doodle	Doodles	188
488	10189.jpg	Doodle	Doodles	189
489	10190.jpg	Doodle	Doodles	190
490	10191.jpg	Doodle	Doodles	191
491	10192.jpg	Doodle	Doodles	192
492	10193.jpg	Doodle	Doodles	193
493	10194.jpg	Doodle	Doodles	194
494	10195.jpg	Doodle	Doodles	195
495	10196.jpg	Doodle	Doodles	196
496	10197.jpg	Doodle	Doodles	197
497	10198.jpg	Doodle	Doodles	198
498	10199.jpg	Doodle	Doodles	199
499	10200.jpg	Doodle	Doodles	200
500	10201.jpg	Doodle	Doodles	201
501	10202.jpg	Doodle	Doodles	202
502	10203.jpg	Doodle	Doodles	203
503	10204.jpg	Doodle	Doodles	204
504	10205.jpg	Doodle	Doodles	205
505	10206.jpg	Doodle	Doodles	206
506	10207.jpg	Doodle	Doodles	207
507	10208.jpg	Doodle	Doodles	208
508	10209.jpg	Doodle	Doodles	209
509	10210.jpg	Doodle	Doodles	210
510	10211.jpg	Doodle	Doodles	211
511	10212.jpg	Doodle	Doodles	212
512	10213.jpg	Doodle	Doodles	213
513	10214.jpg	Doodle	Doodles	214
514	10215.jpg	Doodle	Doodles	215
515	10216.jpg	Doodle	Doodles	216
516	10217.jpg	Doodle	Doodles	217
517	10218.jpg	Doodle	Doodles	218
518	10219.jpg	Doodle	Doodles	219
519	10220.jpg	Doodle	Doodles	220
520	10221.jpg	Doodle	Doodles	221
521	10222.jpg	Doodle	Doodles	222
522	10223.jpg	Doodle	Doodles	223
523	10224.jpg	Doodle	Doodles	224
524	10225.jpg	Doodle	Doodles	225
525	10226.jpg	Doodle	Doodles	226
526	10227.jpg	Doodle	Doodles	227
527	10228.jpg	Doodle	Doodles	228
528	10229.jpg	Doodle	Doodles	229
529	10230.jpg	Doodle	Doodles	230
530	10231.jpg	Doodle	Doodles	231
531	10232.jpg	Doodle	Doodles	232
532	10233.jpg	Doodle	Doodles	233
533	10234.jpg	Doodle	Doodles	234
534	10235.jpg	Doodle	Doodles	235
535	10236.jpg	Doodle	Doodles	236
536	10237.jpg	Doodle	Doodles	237
537	10238.jpg	Doodle	Doodles	238
538	10239.jpg	Doodle	Doodles	239
539	10240.jpg	Doodle	Doodles	240
540	10241.jpg	Doodle	Doodles	241
541	10242.jpg	Doodle	Doodles	242
542	10243.jpg	Doodle	Doodles	243
543	10244.jpg	Doodle	Doodles	244
544	10245.jpg	Doodle	Doodles	245
545	10246.jpg	Doodle	Doodles	246
546	10247.jpg	Doodle	Doodles	247
547	10248.jpg	Doodle	Doodles	248
548	10249.jpg	Doodle	Doodles	249
549	10250.jpg	Doodle	Doodles	250
550	10251.jpg	Doodle	Doodles	251
551	10252.jpg	Doodle	Doodles	252
552	10253.jpg	Doodle	Doodles	253
553	10254.jpg	Doodle	Doodles	254
554	10255.jpg	Doodle	Doodles	255
555	10256.jpg	Doodle	Doodles	256
556	10257.jpg	Doodle	Doodles	257
557	10258.jpg	Doodle	Doodles	258
558	10259.jpg	Doodle	Doodles	259
559	10260.jpg	Doodle	Doodles	260
560	10261.jpg	Doodle	Doodles	261
561	10262.jpg	Doodle	Doodles	262
562	10263.jpg	Doodle	Doodles	263
563	10264.jpg	Doodle	Doodles	264
564	10265.jpg	Doodle	Doodles	265
565	10266.jpg	Doodle	Doodles	266
566	10267.jpg	Doodle	Doodles	267
567	10268.jpg	Doodle	Doodles	268
568	10269.jpg	Doodle	Doodles	269
569	10270.jpg	Doodle	Doodles	270
570	10271.jpg	Doodle	Doodles	271
571	10272.jpg	Doodle	Doodles	272
572	10273.jpg	Doodle	Doodles	273
573	10274.jpg	Doodle	Doodles	274
574	10275.jpg	Doodle	Doodles	275
575	10276.jpg	Doodle	Doodles	276
576	10277.jpg	Doodle	Doodles	277
577	10278.jpg	Doodle	Doodles	278
578	10279.jpg	Doodle	Doodles	279
579	10280.jpg	Doodle	Doodles	280
580	10281.jpg	Doodle	Doodles	281
581	10282.jpg	Doodle	Doodles	282
582	10283.jpg	Doodle	Doodles	283
583	10284.jpg	Doodle	Doodles	284
584	10285.jpg	Doodle	Doodles	285
585	10286.jpg	Doodle	Doodles	286
586	10287.jpg	Doodle	Doodles	287
587	10288.jpg	Doodle	Doodles	288
588	10289.jpg	Doodle	Doodles	289
589	10290.jpg	Doodle	Doodles	290
590	10291.jpg	Doodle	Doodles	291
591	10292.jpg	Doodle	Doodles	292
592	10293.jpg	Doodle	Doodles	293
593	10294.jpg	Doodle	Doodles	294
594	10295.jpg	Doodle	Doodles	295
595	10296.jpg	Doodle	Doodles	296
596	10297.jpg	Doodle	Doodles	297
597	10298.jpg	Doodle	Doodles	298
598	10299.jpg	Doodle	Doodles	299
599	10300.jpg	Doodle	Doodles	300
600	10301.jpg	Doodle	Doodles	301
601	10302.jpg	Doodle	Doodles	302
602	10303.jpg	Doodle	Doodles	303
603	10304.jpg	Doodle	Doodles	304
604	10305.jpg	Doodle	Doodles	305
605	10306.jpg	Doodle	Doodles	306
606	10307.jpg	Doodle	Doodles	307
607	10308.jpg	Doodle	Doodles	308
608	10309.jpg	Doodle	Doodles	309
609	10310.jpg	Doodle	Doodles	310
610	10311.jpg	Doodle	Doodles	311
611	10312.jpg	Doodle	Doodles	312
612	10313.jpg	Doodle	Doodles	313
613	10314.jpg	Doodle	Doodles	314
614	10315.jpg	Doodle	Doodles	315
615	10316.jpg	Doodle	Doodles	316
616	10317.jpg	Doodle	Doodles	317
617	10318.jpg	Doodle	Doodles	318
618	10319.jpg	Doodle	Doodles	319
619	10320.jpg	Doodle	Doodles	320
620	10321.jpg	Doodle	Doodles	321
621	10322.jpg	Doodle	Doodles	322
622	10323.jpg	Doodle	Doodles	323
623	10324.jpg	Doodle	Doodles	324
624	10325.jpg	Doodle	Doodles	325
625	10326.jpg	Doodle	Doodles	326
626	10327.jpg	Doodle	Doodles	327
627	10328.jpg	Doodle	Doodles	328
628	10329.jpg	Doodle	Doodles	329
629	10330.jpg	Doodle	Doodles	330
630	10331.jpg	Doodle	Doodles	331
631	10332.jpg	Doodle	Doodles	332
632	10333.jpg	Doodle	Doodles	333
633	10334.jpg	Doodle	Doodles	334
634	10335.jpg	Doodle	Doodles	335
635	10336.jpg	Doodle	Doodles	336
636	10337.jpg	Doodle	Doodles	337
637	10338.jpg	Doodle	Doodles	338
638	10339.jpg	Doodle	Doodles	339
639	10340.jpg	Doodle	Doodles	340
640	10341.jpg	Doodle	Doodles	341
641	10342.jpg	Doodle	Doodles	342
642	10343.jpg	Doodle	Doodles	343
643	10344.jpg	Doodle	Doodles	344
644	10345.jpg	Doodle	Doodles	345
645	10346.jpg	Doodle	Doodles	346
646	10347.jpg	Doodle	Doodles	347
647	10348.jpg	Doodle	Doodles	348
648	10349.jpg	Doodle	Doodles	349
649	10350.jpg	Doodle	Doodles	350
650	10351.jpg	Doodle	Doodles	351
651	10352.jpg	Doodle	Doodles	352
652	10353.jpg	Doodle	Doodles	353
653	10354.jpg	Doodle	Doodles	354
654	10355.jpg	Doodle	Doodles	355
655	10356.jpg	Doodle	Doodles	356
656	10357.jpg	Doodle	Doodles	357
657	10358.jpg	Doodle	Doodles	358
658	10359.jpg	Doodle	Doodles	359
659	10360.jpg	Doodle	Doodles	360
660	10361.jpg	Doodle	Doodles	361
661	10362.jpg	Doodle	Doodles	362
662	10363.jpg	Doodle	Doodles	363
663	10364.jpg	Doodle	Doodles	364
664	10365.jpg	Doodle	Doodles	365
665	10366.jpg	Doodle	Doodles	366
666	10367.jpg	Doodle	Doodles	367
667	10368.jpg	Doodle	Doodles	368
668	10369.jpg	Doodle	Doodles	369
669	10370.jpg	Doodle	Doodles	370
670	10371.jpg	Doodle	Doodles	371
671	10372.jpg	Doodle	Doodles	372
672	10373.jpg	Doodle	Doodles	373
673	10374.jpg	Doodle	Doodles	374
674	10375.jpg	Doodle	Doodles	375
675	10376.jpg	Doodle	Doodles	376
676	10377.jpg	Doodle	Doodles	377
677	10378.jpg	Doodle	Doodles	378
678	10379.jpg	Doodle	Doodles	379
679	10380.jpg	Doodle	Doodles	380
680	10381.jpg	Doodle	Doodles	381
681	10382.jpg	Doodle	Doodles	382
682	10383.jpg	Doodle	Doodles	383
683	10384.jpg	Doodle	Doodles	384
684	10385.jpg	Doodle	Doodles	385
685	10386.jpg	Doodle	Doodles	386
686	10387.jpg	Doodle	Doodles	387
687	10388.jpg	Doodle	Doodles	388
688	10389.jpg	Doodle	Doodles	389
689	10390.jpg	Doodle	Doodles	390
690	10391.jpg	Doodle	Doodles	391
691	10392.jpg	Doodle	Doodles	392
692	10393.jpg	Doodle	Doodles	393
693	10394.jpg	Doodle	Doodles	394
694	10395.jpg	Doodle	Doodles	395
695	10396.jpg	Doodle	Doodles	396
696	10397.jpg	Doodle	Doodles	397
697	10398.jpg	Doodle	Doodles	398
698	10399.jpg	Doodle	Doodles	399
699	10400.jpg	Doodle	Doodles	400
700	20001.jpg	Boulder	Doodles	1
701	20002.jpg	Boulder	Doodles	2
702	20003.jpg	Boulder	Doodles	3
703	20004.jpg	Boulder	Doodles	4
704	20005.jpg	Boulder	Doodles	5
705	20006.jpg	Boulder	Doodles	6
706	20007.jpg	Boulder	Doodles	7
707	20008.jpg	Boulder	Doodles	8
708	20009.jpg	Boulder	Doodles	9
709	20010.jpg	Boulder	Doodles	10
710	20011.jpg	Boulder	Doodles	11
711	20012.jpg	Boulder	Doodles	12
712	20013.jpg	Boulder	Doodles	13
713	20014.jpg	Boulder	Doodles	14
714	20015.jpg	Boulder	Doodles	15
715	20016.jpg	Boulder	Doodles	16
716	20017.jpg	Boulder	Doodles	17
717	20018.jpg	Boulder	Doodles	18
718	20019.jpg	Boulder	Doodles	19
719	20020.jpg	Boulder	Doodles	20
720	20021.jpg	Boulder	Doodles	21
721	20022.jpg	Boulder	Doodles	22
722	20023.jpg	Boulder	Doodles	23
723	20024.jpg	Boulder	Doodles	24
724	20025.jpg	Boulder	Doodles	25
725	20026.jpg	Boulder	Doodles	26
726	20027.jpg	Boulder	Doodles	27
727	20028.jpg	Boulder	Doodles	28
728	20029.jpg	Boulder	Doodles	29
729	20030.jpg	Boulder	Doodles	30
730	20031.jpg	Boulder	Doodles	31
731	20032.jpg	Boulder	Doodles	32
732	20033.jpg	Boulder	Doodles	33
733	20034.jpg	Boulder	Doodles	34
734	20035.jpg	Boulder	Doodles	35
735	20036.jpg	Boulder	Doodles	36
736	20037.jpg	Boulder	Doodles	37
737	20038.jpg	Boulder	Doodles	38
738	20039.jpg	Boulder	Doodles	39
739	20040.jpg	Boulder	Doodles	40
740	20041.jpg	Boulder	Doodles	41
741	20042.jpg	Boulder	Doodles	42
742	20043.jpg	Boulder	Doodles	43
743	20044.jpg	Boulder	Doodles	44
744	20045.jpg	Boulder	Doodles	45
745	20046.jpg	Boulder	Doodles	46
746	20047.jpg	Boulder	Doodles	47
747	20048.jpg	Boulder	Doodles	48
748	20049.jpg	Boulder	Doodles	49
749	20050.jpg	Boulder	Doodles	50
750	20051.jpg	Boulder	Doodles	51
751	20052.jpg	Boulder	Doodles	52
752	20053.jpg	Boulder	Doodles	53
753	20054.jpg	Boulder	Doodles	54
754	20055.jpg	Boulder	Doodles	55
755	20056.jpg	Boulder	Doodles	56
756	20057.jpg	Boulder	Doodles	57
757	20058.jpg	Boulder	Doodles	58
758	20059.jpg	Boulder	Doodles	59
759	20060.jpg	Boulder	Doodles	60
760	20061.jpg	Boulder	Doodles	61
761	20062.jpg	Boulder	Doodles	62
762	20063.jpg	Boulder	Doodles	63
763	20064.jpg	Boulder	Doodles	64
764	20065.jpg	Boulder	Doodles	65
765	20066.jpg	Boulder	Doodles	66
766	20067.jpg	Boulder	Doodles	67
767	20068.jpg	Boulder	Doodles	68
768	20069.jpg	Boulder	Doodles	69
769	20070.jpg	Boulder	Doodles	70
770	20071.jpg	Boulder	Doodles	71
771	20072.jpg	Boulder	Doodles	72
772	20073.jpg	Boulder	Doodles	73
773	20074.jpg	Boulder	Doodles	74
774	20075.jpg	Boulder	Doodles	75
775	20076.jpg	Boulder	Doodles	76
776	20077.jpg	Boulder	Doodles	77
777	20078.jpg	Boulder	Doodles	78
778	20079.jpg	Boulder	Doodles	79
779	20080.jpg	Boulder	Doodles	80
780	20081.jpg	Boulder	Doodles	81
781	20082.jpg	Boulder	Doodles	82
782	20083.jpg	Boulder	Doodles	83
783	20084.jpg	Boulder	Doodles	84
784	20085.jpg	Boulder	Doodles	85
785	20086.jpg	Boulder	Doodles	86
786	20087.jpg	Boulder	Doodles	87
787	20088.jpg	Boulder	Doodles	88
788	20089.jpg	Boulder	Doodles	89
789	20090.jpg	Boulder	Doodles	90
790	20091.jpg	Boulder	Doodles	91
791	20092.jpg	Boulder	Doodles	92
792	20093.jpg	Boulder	Doodles	93
793	20094.jpg	Boulder	Doodles	94
794	20095.jpg	Boulder	Doodles	95
795	20096.jpg	Boulder	Doodles	96
796	20097.jpg	Boulder	Doodles	97
797	20098.jpg	Boulder	Doodles	98
798	20099.jpg	Boulder	Doodles	99
799	20100.jpg	Boulder	Doodles	100
800	20101.jpg	Boulder	Doodles	101
801	20102.jpg	Boulder	Doodles	102
802	20103.jpg	Boulder	Doodles	103
803	20104.jpg	Boulder	Doodles	104
804	20105.jpg	Boulder	Doodles	105
805	20106.jpg	Boulder	Doodles	106
806	20107.jpg	Boulder	Doodles	107
807	20108.jpg	Boulder	Doodles	108
808	20109.jpg	Boulder	Doodles	109
809	20110.jpg	Boulder	Doodles	110
810	20111.jpg	Boulder	Doodles	111
811	20112.jpg	Boulder	Doodles	112
812	20113.jpg	Boulder	Doodles	113
813	20114.jpg	Boulder	Doodles	114
814	20115.jpg	Boulder	Doodles	115
815	20116.jpg	Boulder	Doodles	116
816	20117.jpg	Boulder	Doodles	117
817	20118.jpg	Boulder	Doodles	118
818	20119.jpg	Boulder	Doodles	119
819	20120.jpg	Boulder	Doodles	120
820	20121.jpg	Boulder	Doodles	121
821	20122.jpg	Boulder	Doodles	122
822	20123.jpg	Boulder	Doodles	123
823	20124.jpg	Boulder	Doodles	124
824	20125.jpg	Boulder	Doodles	125
825	20126.jpg	Boulder	Doodles	126
826	20127.jpg	Boulder	Doodles	127
827	20128.jpg	Boulder	Doodles	128
828	20129.jpg	Boulder	Doodles	129
829	20130.jpg	Boulder	Doodles	130
830	20131.jpg	Boulder	Doodles	131
831	20132.jpg	Boulder	Doodles	132
832	20133.jpg	Boulder	Doodles	133
833	20134.jpg	Boulder	Doodles	134
834	20135.jpg	Boulder	Doodles	135
835	20136.jpg	Boulder	Doodles	136
836	20137.jpg	Boulder	Doodles	137
837	20138.jpg	Boulder	Doodles	138
838	20139.jpg	Boulder	Doodles	139
839	20140.jpg	Boulder	Doodles	140
840	20141.jpg	Boulder	Doodles	141
841	20142.jpg	Boulder	Doodles	142
842	20143.jpg	Boulder	Doodles	143
843	20144.jpg	Boulder	Doodles	144
844	20145.jpg	Boulder	Doodles	145
845	20146.jpg	Boulder	Doodles	146
846	20147.jpg	Boulder	Doodles	147
847	20148.jpg	Boulder	Doodles	148
848	20149.jpg	Boulder	Doodles	149
849	20150.jpg	Boulder	Doodles	150
850	20151.jpg	Boulder	Doodles	151
851	20152.jpg	Boulder	Doodles	152
852	20153.jpg	Boulder	Doodles	153
853	20154.jpg	Boulder	Doodles	154
854	20155.jpg	Boulder	Doodles	155
855	20156.jpg	Boulder	Doodles	156
856	20157.jpg	Boulder	Doodles	157
857	20158.jpg	Boulder	Doodles	158
858	20159.jpg	Boulder	Doodles	159
859	20160.jpg	Boulder	Doodles	160
860	20161.jpg	Boulder	Doodles	161
861	20162.jpg	Boulder	Doodles	162
862	20163.jpg	Boulder	Doodles	163
863	20164.jpg	Boulder	Doodles	164
864	20165.jpg	Boulder	Doodles	165
865	20166.jpg	Boulder	Doodles	166
866	20167.jpg	Boulder	Doodles	167
867	20168.jpg	Boulder	Doodles	168
868	20169.jpg	Boulder	Doodles	169
869	20170.jpg	Boulder	Doodles	170
870	20171.jpg	Boulder	Doodles	171
871	20172.jpg	Boulder	Doodles	172
872	20173.jpg	Boulder	Doodles	173
873	20174.jpg	Boulder	Doodles	174
874	20175.jpg	Boulder	Doodles	175
875	20176.jpg	Boulder	Doodles	176
876	20177.jpg	Boulder	Doodles	177
877	20178.jpg	Boulder	Doodles	178
878	20179.jpg	Boulder	Doodles	179
879	20180.jpg	Boulder	Doodles	180
880	20181.jpg	Boulder	Doodles	181
881	20182.jpg	Boulder	Doodles	182
882	20183.jpg	Boulder	Doodles	183
883	20184.jpg	Boulder	Doodles	184
884	20185.jpg	Boulder	Doodles	185
885	20186.jpg	Boulder	Doodles	186
886	20187.jpg	Boulder	Doodles	187
887	20188.jpg	Boulder	Doodles	188
888	20189.jpg	Boulder	Doodles	189
889	20190.jpg	Boulder	Doodles	190
890	20191.jpg	Boulder	Doodles	191
891	20192.jpg	Boulder	Doodles	192
892	20193.jpg	Boulder	Doodles	193
893	20194.jpg	Boulder	Doodles	194
894	20195.jpg	Boulder	Doodles	195
895	20196.jpg	Boulder	Doodles	196
896	20197.jpg	Boulder	Doodles	197
897	20198.jpg	Boulder	Doodles	198
898	20199.jpg	Boulder	Doodles	199
899	20200.jpg	Boulder	Doodles	200
900	20201.jpg	Boulder	Doodles	201
901	20202.jpg	Boulder	Doodles	202
902	20203.jpg	Boulder	Doodles	203
903	20204.jpg	Boulder	Doodles	204
904	20205.jpg	Boulder	Doodles	205
905	20206.jpg	Boulder	Doodles	206
906	20207.jpg	Boulder	Doodles	207
907	20208.jpg	Boulder	Doodles	208
908	20209.jpg	Boulder	Doodles	209
909	20210.jpg	Boulder	Doodles	210
910	20211.jpg	Boulder	Doodles	211
911	20212.jpg	Boulder	Doodles	212
912	20213.jpg	Boulder	Doodles	213
913	20214.jpg	Boulder	Doodles	214
914	20215.jpg	Boulder	Doodles	215
915	20216.jpg	Boulder	Doodles	216
916	20217.jpg	Boulder	Doodles	217
917	20218.jpg	Boulder	Doodles	218
918	20219.jpg	Boulder	Doodles	219
919	20220.jpg	Boulder	Doodles	220
920	20221.jpg	Boulder	Doodles	221
921	20222.jpg	Boulder	Doodles	222
922	20223.jpg	Boulder	Doodles	223
923	20224.jpg	Boulder	Doodles	224
924	20225.jpg	Boulder	Doodles	225
925	20226.jpg	Boulder	Doodles	226
926	20227.jpg	Boulder	Doodles	227
927	20228.jpg	Boulder	Doodles	228
928	20229.jpg	Boulder	Doodles	229
929	20230.jpg	Boulder	Doodles	230
930	20231.jpg	Boulder	Doodles	231
931	20232.jpg	Boulder	Doodles	232
932	20233.jpg	Boulder	Doodles	233
933	20234.jpg	Boulder	Doodles	234
934	20235.jpg	Boulder	Doodles	235
935	20236.jpg	Boulder	Doodles	236
936	20237.jpg	Boulder	Doodles	237
937	20238.jpg	Boulder	Doodles	238
938	20239.jpg	Boulder	Doodles	239
939	20240.jpg	Boulder	Doodles	240
940	20241.jpg	Boulder	Doodles	241
941	20242.jpg	Boulder	Doodles	242
942	20243.jpg	Boulder	Doodles	243
943	20244.jpg	Boulder	Doodles	244
944	20245.jpg	Boulder	Doodles	245
945	20246.jpg	Boulder	Doodles	246
946	20247.jpg	Boulder	Doodles	247
947	20248.jpg	Boulder	Doodles	248
948	20249.jpg	Boulder	Doodles	249
949	20250.jpg	Boulder	Doodles	250
950	20251.jpg	Boulder	Doodles	251
951	20252.jpg	Boulder	Doodles	252
952	20253.jpg	Boulder	Doodles	253
953	20254.jpg	Boulder	Doodles	254
954	20255.jpg	Boulder	Doodles	255
955	20256.jpg	Boulder	Doodles	256
956	20257.jpg	Boulder	Doodles	257
957	20258.jpg	Boulder	Doodles	258
958	20259.jpg	Boulder	Doodles	259
959	20260.jpg	Boulder	Doodles	260
960	20261.jpg	Boulder	Doodles	261
961	20262.jpg	Boulder	Doodles	262
962	20263.jpg	Boulder	Doodles	263
963	20264.jpg	Boulder	Doodles	264
964	20265.jpg	Boulder	Doodles	265
965	20266.jpg	Boulder	Doodles	266
966	20267.jpg	Boulder	Doodles	267
967	20268.jpg	Boulder	Doodles	268
968	20269.jpg	Boulder	Doodles	269
969	20270.jpg	Boulder	Doodles	270
970	20271.jpg	Boulder	Doodles	271
971	20272.jpg	Boulder	Doodles	272
972	20273.jpg	Boulder	Doodles	273
973	20274.jpg	Boulder	Doodles	274
974	20275.jpg	Boulder	Doodles	275
975	20276.jpg	Boulder	Doodles	276
976	20277.jpg	Boulder	Doodles	277
977	20278.jpg	Boulder	Doodles	278
978	20279.jpg	Boulder	Doodles	279
979	20280.jpg	Boulder	Doodles	280
980	20281.jpg	Boulder	Doodles	281
981	20282.jpg	Boulder	Doodles	282
982	20283.jpg	Boulder	Doodles	283
983	20284.jpg	Boulder	Doodles	284
984	20285.jpg	Boulder	Doodles	285
985	20286.jpg	Boulder	Doodles	286
986	20287.jpg	Boulder	Doodles	287
987	20288.jpg	Boulder	Doodles	288
988	20289.jpg	Boulder	Doodles	289
989	20290.jpg	Boulder	Doodles	290
990	20291.jpg	Boulder	Doodles	291
991	20292.jpg	Boulder	Doodles	292
992	20293.jpg	Boulder	Doodles	293
993	20294.jpg	Boulder	Doodles	294
994	20295.jpg	Boulder	Doodles	295
995	20296.jpg	Boulder	Doodles	296
996	20297.jpg	Boulder	Doodles	297
997	20298.jpg	Boulder	Doodles	298
998	20299.jpg	Boulder	Doodles	299
999	20300.jpg	Boulder	Doodles	300
1000	20301.jpg	Boulder	Doodles	301
1001	20302.jpg	Boulder	Doodles	302
1002	20303.jpg	Boulder	Doodles	303
1003	20304.jpg	Boulder	Doodles	304
1004	20305.jpg	Boulder	Doodles	305
1005	20306.jpg	Boulder	Doodles	306
1006	20307.jpg	Boulder	Doodles	307
1007	20308.jpg	Boulder	Doodles	308
1008	20309.jpg	Boulder	Doodles	309
1009	20310.jpg	Boulder	Doodles	310
1010	20311.jpg	Boulder	Doodles	311
1011	20312.jpg	Boulder	Doodles	312
1012	20313.jpg	Boulder	Doodles	313
1013	20314.jpg	Boulder	Doodles	314
1014	20315.jpg	Boulder	Doodles	315
1015	20316.jpg	Boulder	Doodles	316
1016	20317.jpg	Boulder	Doodles	317
1017	20318.jpg	Boulder	Doodles	318
1018	20319.jpg	Boulder	Doodles	319
1019	20320.jpg	Boulder	Doodles	320
1020	20321.jpg	Boulder	Doodles	321
1021	20322.jpg	Boulder	Doodles	322
1022	20323.jpg	Boulder	Doodles	323
1023	20324.jpg	Boulder	Doodles	324
1024	20325.jpg	Boulder	Doodles	325
1025	20326.jpg	Boulder	Doodles	326
1026	20327.jpg	Boulder	Doodles	327
1027	20328.jpg	Boulder	Doodles	328
1028	20329.jpg	Boulder	Doodles	329
1029	20330.jpg	Boulder	Doodles	330
1030	20331.jpg	Boulder	Doodles	331
1031	20332.jpg	Boulder	Doodles	332
1032	20333.jpg	Boulder	Doodles	333
1033	20334.jpg	Boulder	Doodles	334
1034	20335.jpg	Boulder	Doodles	335
1035	20336.jpg	Boulder	Doodles	336
1036	20337.jpg	Boulder	Doodles	337
1037	20338.jpg	Boulder	Doodles	338
1038	20339.jpg	Boulder	Doodles	339
1039	20340.jpg	Boulder	Doodles	340
1040	20341.jpg	Boulder	Doodles	341
1041	20342.jpg	Boulder	Doodles	342
1042	20343.jpg	Boulder	Doodles	343
1043	20344.jpg	Boulder	Doodles	344
1044	20345.jpg	Boulder	Doodles	345
1045	20346.jpg	Boulder	Doodles	346
1046	20347.jpg	Boulder	Doodles	347
1047	20348.jpg	Boulder	Doodles	348
1048	20349.jpg	Boulder	Doodles	349
1049	20350.jpg	Boulder	Doodles	350
1050	20351.jpg	Boulder	Doodles	351
1051	20352.jpg	Boulder	Doodles	352
1052	20353.jpg	Boulder	Doodles	353
1053	20354.jpg	Boulder	Doodles	354
1054	20355.jpg	Boulder	Doodles	355
1055	20356.jpg	Boulder	Doodles	356
1056	20357.jpg	Boulder	Doodles	357
1057	20358.jpg	Boulder	Doodles	358
1058	20359.jpg	Boulder	Doodles	359
1059	20360.jpg	Boulder	Doodles	360
1060	20361.jpg	Boulder	Doodles	361
1061	20362.jpg	Boulder	Doodles	362
1062	20363.jpg	Boulder	Doodles	363
1063	20364.jpg	Boulder	Doodles	364
1064	20365.jpg	Boulder	Doodles	365
1065	20366.jpg	Boulder	Doodles	366
1066	20367.jpg	Boulder	Doodles	367
1067	20368.jpg	Boulder	Doodles	368
1068	20369.jpg	Boulder	Doodles	369
1069	20370.jpg	Boulder	Doodles	370
1070	20371.jpg	Boulder	Doodles	371
1071	20372.jpg	Boulder	Doodles	372
1072	20373.jpg	Boulder	Doodles	373
1073	20374.jpg	Boulder	Doodles	374
1074	20375.jpg	Boulder	Doodles	375
1075	20376.jpg	Boulder	Doodles	376
1076	20377.jpg	Boulder	Doodles	377
1077	20378.jpg	Boulder	Doodles	378
1078	20379.jpg	Boulder	Doodles	379
1079	20380.jpg	Boulder	Doodles	380
1080	20381.jpg	Boulder	Doodles	381
1081	20382.jpg	Boulder	Doodles	382
1082	20383.jpg	Boulder	Doodles	383
1083	20384.jpg	Boulder	Doodles	384
1084	20385.jpg	Boulder	Doodles	385
1085	20386.jpg	Boulder	Doodles	386
1086	20387.jpg	Boulder	Doodles	387
1087	20388.jpg	Boulder	Doodles	388
1088	20389.jpg	Boulder	Doodles	389
1089	20390.jpg	Boulder	Doodles	390
1090	20391.jpg	Boulder	Doodles	391
1091	20392.jpg	Boulder	Doodles	392
1092	20393.jpg	Boulder	Doodles	393
1093	20394.jpg	Boulder	Doodles	394
1094	20395.jpg	Boulder	Doodles	395
1095	20396.jpg	Boulder	Doodles	396
1096	20397.jpg	Boulder	Doodles	397
1097	20398.jpg	Boulder	Doodles	398
1098	20399.jpg	Boulder	Doodles	399
1099	20400.jpg	Boulder	Doodles	400
1100	30001.jpg	Silct	Doodles	1
1101	30002.jpg	Silct	Doodles	2
1102	30003.jpg	Silct	Doodles	3
1103	30004.jpg	Silct	Doodles	4
1104	30005.jpg	Silct	Doodles	5
1105	30006.jpg	Silct	Doodles	6
1106	30007.jpg	Silct	Doodles	7
1107	30008.jpg	Silct	Doodles	8
1108	30009.jpg	Silct	Doodles	9
1109	30010.jpg	Silct	Doodles	10
1110	30011.jpg	Silct	Doodles	11
1111	30012.jpg	Silct	Doodles	12
1112	30013.jpg	Silct	Doodles	13
1113	30014.jpg	Silct	Doodles	14
1114	30015.jpg	Silct	Doodles	15
1115	30016.jpg	Silct	Doodles	16
1116	30017.jpg	Silct	Doodles	17
1117	30018.jpg	Silct	Doodles	18
1118	30019.jpg	Silct	Doodles	19
1119	30020.jpg	Silct	Doodles	20
1120	30021.jpg	Silct	Doodles	21
1121	30022.jpg	Silct	Doodles	22
1122	30023.jpg	Silct	Doodles	23
1123	30024.jpg	Silct	Doodles	24
1124	30025.jpg	Silct	Doodles	25
1125	30026.jpg	Silct	Doodles	26
1126	30027.jpg	Silct	Doodles	27
1127	30028.jpg	Silct	Doodles	28
1128	30029.jpg	Silct	Doodles	29
1129	30030.jpg	Silct	Doodles	30
1130	30031.jpg	Silct	Doodles	31
1131	30032.jpg	Silct	Doodles	32
1132	30033.jpg	Silct	Doodles	33
1133	30034.jpg	Silct	Doodles	34
1134	30035.jpg	Silct	Doodles	35
1135	30036.jpg	Silct	Doodles	36
1136	30037.jpg	Silct	Doodles	37
1137	30038.jpg	Silct	Doodles	38
1138	30039.jpg	Silct	Doodles	39
1139	30040.jpg	Silct	Doodles	40
1140	30041.jpg	Silct	Doodles	41
1141	30042.jpg	Silct	Doodles	42
1142	30043.jpg	Silct	Doodles	43
1143	30044.jpg	Silct	Doodles	44
1144	30045.jpg	Silct	Doodles	45
1145	30046.jpg	Silct	Doodles	46
1146	30047.jpg	Silct	Doodles	47
1147	30048.jpg	Silct	Doodles	48
1148	30049.jpg	Silct	Doodles	49
1149	30050.jpg	Silct	Doodles	50
1150	30051.jpg	Silct	Doodles	51
1151	30052.jpg	Silct	Doodles	52
1152	30053.jpg	Silct	Doodles	53
1153	30054.jpg	Silct	Doodles	54
1154	30055.jpg	Silct	Doodles	55
1155	30056.jpg	Silct	Doodles	56
1156	30057.jpg	Silct	Doodles	57
1157	30058.jpg	Silct	Doodles	58
1158	30059.jpg	Silct	Doodles	59
1159	30060.jpg	Silct	Doodles	60
1160	30061.jpg	Silct	Doodles	61
1161	30062.jpg	Silct	Doodles	62
1162	30063.jpg	Silct	Doodles	63
1163	30064.jpg	Silct	Doodles	64
1164	30065.jpg	Silct	Doodles	65
1165	30066.jpg	Silct	Doodles	66
1166	30067.jpg	Silct	Doodles	67
1167	30068.jpg	Silct	Doodles	68
1168	30069.jpg	Silct	Doodles	69
1169	30070.jpg	Silct	Doodles	70
1170	30071.jpg	Silct	Doodles	71
1171	30072.jpg	Silct	Doodles	72
1172	30073.jpg	Silct	Doodles	73
1173	30074.jpg	Silct	Doodles	74
1174	30075.jpg	Silct	Doodles	75
1175	30076.jpg	Silct	Doodles	76
1176	30077.jpg	Silct	Doodles	77
1177	30078.jpg	Silct	Doodles	78
1178	30079.jpg	Silct	Doodles	79
1179	30080.jpg	Silct	Doodles	80
1180	30081.jpg	Silct	Doodles	81
1181	30082.jpg	Silct	Doodles	82
1182	30083.jpg	Silct	Doodles	83
1183	30084.jpg	Silct	Doodles	84
1184	30085.jpg	Silct	Doodles	85
1185	30086.jpg	Silct	Doodles	86
1186	30087.jpg	Silct	Doodles	87
1187	30088.jpg	Silct	Doodles	88
1188	30089.jpg	Silct	Doodles	89
1189	30090.jpg	Silct	Doodles	90
1190	30091.jpg	Silct	Doodles	91
1191	30092.jpg	Silct	Doodles	92
1192	30093.jpg	Silct	Doodles	93
1193	30094.jpg	Silct	Doodles	94
1194	30095.jpg	Silct	Doodles	95
1195	30096.jpg	Silct	Doodles	96
1196	30097.jpg	Silct	Doodles	97
1197	30098.jpg	Silct	Doodles	98
1198	30099.jpg	Silct	Doodles	99
1199	30100.jpg	Silct	Doodles	100
1200	30101.jpg	Silct	Doodles	101
1201	30102.jpg	Silct	Doodles	102
1202	30103.jpg	Silct	Doodles	103
1203	30104.jpg	Silct	Doodles	104
1204	30105.jpg	Silct	Doodles	105
1205	30106.jpg	Silct	Doodles	106
1206	30107.jpg	Silct	Doodles	107
1207	30108.jpg	Silct	Doodles	108
1208	30109.jpg	Silct	Doodles	109
1209	30110.jpg	Silct	Doodles	110
1210	30111.jpg	Silct	Doodles	111
1211	30112.jpg	Silct	Doodles	112
1212	30113.jpg	Silct	Doodles	113
1213	30114.jpg	Silct	Doodles	114
1214	30115.jpg	Silct	Doodles	115
1215	30116.jpg	Silct	Doodles	116
1216	30117.jpg	Silct	Doodles	117
1217	30118.jpg	Silct	Doodles	118
1218	30119.jpg	Silct	Doodles	119
1219	30120.jpg	Silct	Doodles	120
1220	30121.jpg	Silct	Doodles	121
1221	30122.jpg	Silct	Doodles	122
1222	30123.jpg	Silct	Doodles	123
1223	30124.jpg	Silct	Doodles	124
1224	30125.jpg	Silct	Doodles	125
1225	30126.jpg	Silct	Doodles	126
1226	30127.jpg	Silct	Doodles	127
1227	30128.jpg	Silct	Doodles	128
1228	30129.jpg	Silct	Doodles	129
1229	30130.jpg	Silct	Doodles	130
1230	30131.jpg	Silct	Doodles	131
1231	30132.jpg	Silct	Doodles	132
1232	30133.jpg	Silct	Doodles	133
1233	30134.jpg	Silct	Doodles	134
1234	30135.jpg	Silct	Doodles	135
1235	30136.jpg	Silct	Doodles	136
1236	30137.jpg	Silct	Doodles	137
1237	30138.jpg	Silct	Doodles	138
1238	30139.jpg	Silct	Doodles	139
1239	30140.jpg	Silct	Doodles	140
1240	30141.jpg	Silct	Doodles	141
1241	30142.jpg	Silct	Doodles	142
1242	30143.jpg	Silct	Doodles	143
1243	30144.jpg	Silct	Doodles	144
1244	30145.jpg	Silct	Doodles	145
1245	30146.jpg	Silct	Doodles	146
1246	30147.jpg	Silct	Doodles	147
1247	30148.jpg	Silct	Doodles	148
1248	30149.jpg	Silct	Doodles	149
1249	30150.jpg	Silct	Doodles	150
1250	30151.jpg	Silct	Doodles	151
1251	30152.jpg	Silct	Doodles	152
1252	30153.jpg	Silct	Doodles	153
1253	30154.jpg	Silct	Doodles	154
1254	30155.jpg	Silct	Doodles	155
1255	30156.jpg	Silct	Doodles	156
1256	30157.jpg	Silct	Doodles	157
1257	30158.jpg	Silct	Doodles	158
1258	30159.jpg	Silct	Doodles	159
1259	30160.jpg	Silct	Doodles	160
1260	30161.jpg	Silct	Doodles	161
1261	30162.jpg	Silct	Doodles	162
1262	30163.jpg	Silct	Doodles	163
1263	30164.jpg	Silct	Doodles	164
1264	30165.jpg	Silct	Doodles	165
1265	30166.jpg	Silct	Doodles	166
1266	30167.jpg	Silct	Doodles	167
1267	30168.jpg	Silct	Doodles	168
1268	30169.jpg	Silct	Doodles	169
1269	30170.jpg	Silct	Doodles	170
1270	30171.jpg	Silct	Doodles	171
1271	30172.jpg	Silct	Doodles	172
1272	30173.jpg	Silct	Doodles	173
1273	30174.jpg	Silct	Doodles	174
1274	30175.jpg	Silct	Doodles	175
1275	30176.jpg	Silct	Doodles	176
1276	30177.jpg	Silct	Doodles	177
1277	30178.jpg	Silct	Doodles	178
1278	30179.jpg	Silct	Doodles	179
1279	30180.jpg	Silct	Doodles	180
1280	30181.jpg	Silct	Doodles	181
1281	30182.jpg	Silct	Doodles	182
1282	30183.jpg	Silct	Doodles	183
1283	30184.jpg	Silct	Doodles	184
1284	30185.jpg	Silct	Doodles	185
1285	30186.jpg	Silct	Doodles	186
1286	30187.jpg	Silct	Doodles	187
1287	30188.jpg	Silct	Doodles	188
1288	30189.jpg	Silct	Doodles	189
1289	30190.jpg	Silct	Doodles	190
1290	30191.jpg	Silct	Doodles	191
1291	30192.jpg	Silct	Doodles	192
1292	30193.jpg	Silct	Doodles	193
1293	30194.jpg	Silct	Doodles	194
1294	30195.jpg	Silct	Doodles	195
1295	30196.jpg	Silct	Doodles	196
1296	30197.jpg	Silct	Doodles	197
1297	30198.jpg	Silct	Doodles	198
1298	30199.jpg	Silct	Doodles	199
1299	30200.jpg	Silct	Doodles	200
1300	30201.jpg	Silct	Doodles	201
1301	30202.jpg	Silct	Doodles	202
1302	30203.jpg	Silct	Doodles	203
1303	30204.jpg	Silct	Doodles	204
1304	30205.jpg	Silct	Doodles	205
1305	30206.jpg	Silct	Doodles	206
1306	30207.jpg	Silct	Doodles	207
1307	30208.jpg	Silct	Doodles	208
1308	30209.jpg	Silct	Doodles	209
1309	30210.jpg	Silct	Doodles	210
1310	30211.jpg	Silct	Doodles	211
1311	30212.jpg	Silct	Doodles	212
1312	30213.jpg	Silct	Doodles	213
1313	30214.jpg	Silct	Doodles	214
1314	30215.jpg	Silct	Doodles	215
1315	30216.jpg	Silct	Doodles	216
1316	30217.jpg	Silct	Doodles	217
1317	30218.jpg	Silct	Doodles	218
1318	30219.jpg	Silct	Doodles	219
1319	30220.jpg	Silct	Doodles	220
1320	30221.jpg	Silct	Doodles	221
1321	30222.jpg	Silct	Doodles	222
1322	30223.jpg	Silct	Doodles	223
1323	30224.jpg	Silct	Doodles	224
1324	30225.jpg	Silct	Doodles	225
1325	30226.jpg	Silct	Doodles	226
1326	30227.jpg	Silct	Doodles	227
1327	30228.jpg	Silct	Doodles	228
1328	30229.jpg	Silct	Doodles	229
1329	30230.jpg	Silct	Doodles	230
1330	30231.jpg	Silct	Doodles	231
1331	30232.jpg	Silct	Doodles	232
1332	30233.jpg	Silct	Doodles	233
1333	30234.jpg	Silct	Doodles	234
1334	30235.jpg	Silct	Doodles	235
1335	30236.jpg	Silct	Doodles	236
1336	30237.jpg	Silct	Doodles	237
1337	30238.jpg	Silct	Doodles	238
1338	30239.jpg	Silct	Doodles	239
1339	30240.jpg	Silct	Doodles	240
1340	30241.jpg	Silct	Doodles	241
1341	30242.jpg	Silct	Doodles	242
1342	30243.jpg	Silct	Doodles	243
1343	30244.jpg	Silct	Doodles	244
1344	30245.jpg	Silct	Doodles	245
1345	30246.jpg	Silct	Doodles	246
1346	30247.jpg	Silct	Doodles	247
1347	30248.jpg	Silct	Doodles	248
1348	30249.jpg	Silct	Doodles	249
1349	30250.jpg	Silct	Doodles	250
1350	30251.jpg	Silct	Doodles	251
1351	30252.jpg	Silct	Doodles	252
1352	30253.jpg	Silct	Doodles	253
1353	30254.jpg	Silct	Doodles	254
1354	30255.jpg	Silct	Doodles	255
1355	30256.jpg	Silct	Doodles	256
1356	30257.jpg	Silct	Doodles	257
1357	30258.jpg	Silct	Doodles	258
1358	30259.jpg	Silct	Doodles	259
1359	30260.jpg	Silct	Doodles	260
1360	30261.jpg	Silct	Doodles	261
1361	30262.jpg	Silct	Doodles	262
1362	30263.jpg	Silct	Doodles	263
1363	30264.jpg	Silct	Doodles	264
1364	30265.jpg	Silct	Doodles	265
1365	30266.jpg	Silct	Doodles	266
1366	30267.jpg	Silct	Doodles	267
1367	30268.jpg	Silct	Doodles	268
1368	30269.jpg	Silct	Doodles	269
1369	30270.jpg	Silct	Doodles	270
1370	30271.jpg	Silct	Doodles	271
1371	30272.jpg	Silct	Doodles	272
1372	30273.jpg	Silct	Doodles	273
1373	30274.jpg	Silct	Doodles	274
1374	30275.jpg	Silct	Doodles	275
1375	30276.jpg	Silct	Doodles	276
1376	30277.jpg	Silct	Doodles	277
1377	30278.jpg	Silct	Doodles	278
1378	30279.jpg	Silct	Doodles	279
1379	30280.jpg	Silct	Doodles	280
1380	30281.jpg	Silct	Doodles	281
1381	30282.jpg	Silct	Doodles	282
1382	30283.jpg	Silct	Doodles	283
1383	30284.jpg	Silct	Doodles	284
1384	30285.jpg	Silct	Doodles	285
1385	30286.jpg	Silct	Doodles	286
1386	30287.jpg	Silct	Doodles	287
1387	30288.jpg	Silct	Doodles	288
1388	30289.jpg	Silct	Doodles	289
1389	30290.jpg	Silct	Doodles	290
1390	30291.jpg	Silct	Doodles	291
1391	30292.jpg	Silct	Doodles	292
1392	30293.jpg	Silct	Doodles	293
1393	30294.jpg	Silct	Doodles	294
1394	30295.jpg	Silct	Doodles	295
1395	30296.jpg	Silct	Doodles	296
1396	30297.jpg	Silct	Doodles	297
1397	30298.jpg	Silct	Doodles	298
1398	30299.jpg	Silct	Doodles	299
1399	30300.jpg	Silct	Doodles	300
1400	30301.jpg	Silct	Doodles	301
1401	30302.jpg	Silct	Doodles	302
1402	30303.jpg	Silct	Doodles	303
1403	30304.jpg	Silct	Doodles	304
1404	30305.jpg	Silct	Doodles	305
1405	30306.jpg	Silct	Doodles	306
1406	30307.jpg	Silct	Doodles	307
1407	30308.jpg	Silct	Doodles	308
1408	30309.jpg	Silct	Doodles	309
1409	30310.jpg	Silct	Doodles	310
1410	30311.jpg	Silct	Doodles	311
1411	30312.jpg	Silct	Doodles	312
1412	30313.jpg	Silct	Doodles	313
1413	30314.jpg	Silct	Doodles	314
1414	30315.jpg	Silct	Doodles	315
1415	30316.jpg	Silct	Doodles	316
1416	30317.jpg	Silct	Doodles	317
1417	30318.jpg	Silct	Doodles	318
1418	30319.jpg	Silct	Doodles	319
1419	30320.jpg	Silct	Doodles	320
1420	30321.jpg	Silct	Doodles	321
1421	30322.jpg	Silct	Doodles	322
1422	30323.jpg	Silct	Doodles	323
1423	30324.jpg	Silct	Doodles	324
1424	30325.jpg	Silct	Doodles	325
1425	30326.jpg	Silct	Doodles	326
1426	30327.jpg	Silct	Doodles	327
1427	30328.jpg	Silct	Doodles	328
1428	30329.jpg	Silct	Doodles	329
1429	30330.jpg	Silct	Doodles	330
1430	30331.jpg	Silct	Doodles	331
1431	30332.jpg	Silct	Doodles	332
1432	30333.jpg	Silct	Doodles	333
1433	30334.jpg	Silct	Doodles	334
1434	30335.jpg	Silct	Doodles	335
1435	30336.jpg	Silct	Doodles	336
1436	30337.jpg	Silct	Doodles	337
1437	30338.jpg	Silct	Doodles	338
1438	30339.jpg	Silct	Doodles	339
1439	30340.jpg	Silct	Doodles	340
1440	30341.jpg	Silct	Doodles	341
1441	30342.jpg	Silct	Doodles	342
1442	30343.jpg	Silct	Doodles	343
1443	30344.jpg	Silct	Doodles	344
1444	30345.jpg	Silct	Doodles	345
1445	30346.jpg	Silct	Doodles	346
1446	30347.jpg	Silct	Doodles	347
1447	30348.jpg	Silct	Doodles	348
1448	30349.jpg	Silct	Doodles	349
1449	30350.jpg	Silct	Doodles	350
1450	30351.jpg	Silct	Doodles	351
1451	30352.jpg	Silct	Doodles	352
1452	30353.jpg	Silct	Doodles	353
1453	30354.jpg	Silct	Doodles	354
1454	30355.jpg	Silct	Doodles	355
1455	30356.jpg	Silct	Doodles	356
1456	30357.jpg	Silct	Doodles	357
1457	30358.jpg	Silct	Doodles	358
1458	30359.jpg	Silct	Doodles	359
1459	30360.jpg	Silct	Doodles	360
1460	30361.jpg	Silct	Doodles	361
1461	30362.jpg	Silct	Doodles	362
1462	30363.jpg	Silct	Doodles	363
1463	30364.jpg	Silct	Doodles	364
1464	30365.jpg	Silct	Doodles	365
1465	30366.jpg	Silct	Doodles	366
1466	30367.jpg	Silct	Doodles	367
1467	30368.jpg	Silct	Doodles	368
1468	30369.jpg	Silct	Doodles	369
1469	30370.jpg	Silct	Doodles	370
1470	30371.jpg	Silct	Doodles	371
1471	30372.jpg	Silct	Doodles	372
1472	30373.jpg	Silct	Doodles	373
1473	30374.jpg	Silct	Doodles	374
1474	30375.jpg	Silct	Doodles	375
1475	30376.jpg	Silct	Doodles	376
1476	30377.jpg	Silct	Doodles	377
1477	30378.jpg	Silct	Doodles	378
1478	30379.jpg	Silct	Doodles	379
1479	30380.jpg	Silct	Doodles	380
1480	30381.jpg	Silct	Doodles	381
1481	30382.jpg	Silct	Doodles	382
1482	30383.jpg	Silct	Doodles	383
1483	30384.jpg	Silct	Doodles	384
1484	30385.jpg	Silct	Doodles	385
1485	30386.jpg	Silct	Doodles	386
1486	30387.jpg	Silct	Doodles	387
1487	30388.jpg	Silct	Doodles	388
1488	30389.jpg	Silct	Doodles	389
1489	30390.jpg	Silct	Doodles	390
1490	30391.jpg	Silct	Doodles	391
1491	30392.jpg	Silct	Doodles	392
1492	30393.jpg	Silct	Doodles	393
1493	30394.jpg	Silct	Doodles	394
1494	30395.jpg	Silct	Doodles	395
1495	30396.jpg	Silct	Doodles	396
1496	30397.jpg	Silct	Doodles	397
1497	30398.jpg	Silct	Doodles	398
1498	30399.jpg	Silct	Doodles	399
1499	30400.jpg	Silct	Doodles	400
1500	40001.jpg	Shape_Reserved_AI	Doodles	1
1501	40002.jpg	Shape_Reserved_AI	Doodles	2
1502	40003.jpg	Shape_Reserved_AI	Doodles	3
1503	40004.jpg	Shape_Reserved_AI	Doodles	4
1504	40005.jpg	Shape_Reserved_AI	Doodles	5
1505	40006.jpg	Shape_Reserved_AI	Doodles	6
1506	40007.jpg	Shape_Reserved_AI	Doodles	7
1507	40008.jpg	Shape_Reserved_AI	Doodles	8
1508	40009.jpg	Shape_Reserved_AI	Doodles	9
1509	40010.jpg	Shape_Reserved_AI	Doodles	10
1510	40011.jpg	Shape_Reserved_AI	Doodles	11
1511	40012.jpg	Shape_Reserved_AI	Doodles	12
1512	40013.jpg	Shape_Reserved_AI	Doodles	13
1513	40014.jpg	Shape_Reserved_AI	Doodles	14
1514	40015.jpg	Shape_Reserved_AI	Doodles	15
1515	40016.jpg	Shape_Reserved_AI	Doodles	16
1516	40017.jpg	Shape_Reserved_AI	Doodles	17
1517	40018.jpg	Shape_Reserved_AI	Doodles	18
1518	40019.jpg	Shape_Reserved_AI	Doodles	19
1519	40020.jpg	Shape_Reserved_AI	Doodles	20
1520	40021.jpg	Shape_Reserved_AI	Doodles	21
1521	40022.jpg	Shape_Reserved_AI	Doodles	22
1522	40023.jpg	Shape_Reserved_AI	Doodles	23
1523	40024.jpg	Shape_Reserved_AI	Doodles	24
1524	40025.jpg	Shape_Reserved_AI	Doodles	25
1525	40026.jpg	Shape_Reserved_AI	Doodles	26
1526	40027.jpg	Shape_Reserved_AI	Doodles	27
1527	40028.jpg	Shape_Reserved_AI	Doodles	28
1528	40029.jpg	Shape_Reserved_AI	Doodles	29
1529	40030.jpg	Shape_Reserved_AI	Doodles	30
1530	40031.jpg	Shape_Reserved_AI	Doodles	31
1531	40032.jpg	Shape_Reserved_AI	Doodles	32
1532	40033.jpg	Shape_Reserved_AI	Doodles	33
1533	40034.jpg	Shape_Reserved_AI	Doodles	34
1534	40035.jpg	Shape_Reserved_AI	Doodles	35
1535	40036.jpg	Shape_Reserved_AI	Doodles	36
1536	40037.jpg	Shape_Reserved_AI	Doodles	37
1537	40038.jpg	Shape_Reserved_AI	Doodles	38
1538	40039.jpg	Shape_Reserved_AI	Doodles	39
1539	40040.jpg	Shape_Reserved_AI	Doodles	40
1540	40041.jpg	Shape_Reserved_AI	Doodles	41
1541	40042.jpg	Shape_Reserved_AI	Doodles	42
1542	40043.jpg	Shape_Reserved_AI	Doodles	43
1543	40044.jpg	Shape_Reserved_AI	Doodles	44
1544	40045.jpg	Shape_Reserved_AI	Doodles	45
1545	40046.jpg	Shape_Reserved_AI	Doodles	46
1546	40047.jpg	Shape_Reserved_AI	Doodles	47
1547	40048.jpg	Shape_Reserved_AI	Doodles	48
1548	40049.jpg	Shape_Reserved_AI	Doodles	49
1549	40050.jpg	Shape_Reserved_AI	Doodles	50
1550	40051.jpg	Shape_Reserved_AI	Doodles	51
1551	40052.jpg	Shape_Reserved_AI	Doodles	52
1552	40053.jpg	Shape_Reserved_AI	Doodles	53
1553	40054.jpg	Shape_Reserved_AI	Doodles	54
1554	40055.jpg	Shape_Reserved_AI	Doodles	55
1555	40056.jpg	Shape_Reserved_AI	Doodles	56
1556	40057.jpg	Shape_Reserved_AI	Doodles	57
1557	40058.jpg	Shape_Reserved_AI	Doodles	58
1558	40059.jpg	Shape_Reserved_AI	Doodles	59
1559	40060.jpg	Shape_Reserved_AI	Doodles	60
1560	40061.jpg	Shape_Reserved_AI	Doodles	61
1561	40062.jpg	Shape_Reserved_AI	Doodles	62
1562	40063.jpg	Shape_Reserved_AI	Doodles	63
1563	40064.jpg	Shape_Reserved_AI	Doodles	64
1564	40065.jpg	Shape_Reserved_AI	Doodles	65
1565	40066.jpg	Shape_Reserved_AI	Doodles	66
1566	40067.jpg	Shape_Reserved_AI	Doodles	67
1567	40068.jpg	Shape_Reserved_AI	Doodles	68
1568	40069.jpg	Shape_Reserved_AI	Doodles	69
1569	40070.jpg	Shape_Reserved_AI	Doodles	70
1570	40071.jpg	Shape_Reserved_AI	Doodles	71
1571	40072.jpg	Shape_Reserved_AI	Doodles	72
1572	40073.jpg	Shape_Reserved_AI	Doodles	73
1573	40074.jpg	Shape_Reserved_AI	Doodles	74
1574	40075.jpg	Shape_Reserved_AI	Doodles	75
1575	40076.jpg	Shape_Reserved_AI	Doodles	76
1576	40077.jpg	Shape_Reserved_AI	Doodles	77
1577	40078.jpg	Shape_Reserved_AI	Doodles	78
1578	40079.jpg	Shape_Reserved_AI	Doodles	79
1579	40080.jpg	Shape_Reserved_AI	Doodles	80
1580	40081.jpg	Shape_Reserved_AI	Doodles	81
1581	40082.jpg	Shape_Reserved_AI	Doodles	82
1582	40083.jpg	Shape_Reserved_AI	Doodles	83
1583	40084.jpg	Shape_Reserved_AI	Doodles	84
1584	40085.jpg	Shape_Reserved_AI	Doodles	85
1585	40086.jpg	Shape_Reserved_AI	Doodles	86
1586	40087.jpg	Shape_Reserved_AI	Doodles	87
1587	40088.jpg	Shape_Reserved_AI	Doodles	88
1588	40089.jpg	Shape_Reserved_AI	Doodles	89
1589	40090.jpg	Shape_Reserved_AI	Doodles	90
1590	40091.jpg	Shape_Reserved_AI	Doodles	91
1591	40092.jpg	Shape_Reserved_AI	Doodles	92
1592	40093.jpg	Shape_Reserved_AI	Doodles	93
1593	40094.jpg	Shape_Reserved_AI	Doodles	94
1594	40095.jpg	Shape_Reserved_AI	Doodles	95
1595	40096.jpg	Shape_Reserved_AI	Doodles	96
1596	40097.jpg	Shape_Reserved_AI	Doodles	97
1597	40098.jpg	Shape_Reserved_AI	Doodles	98
1598	40099.jpg	Shape_Reserved_AI	Doodles	99
1599	40100.jpg	Shape_Reserved_AI	Doodles	100
1600	40101.jpg	Shape_Reserved_AI	Doodles	101
1601	40102.jpg	Shape_Reserved_AI	Doodles	102
1602	40103.jpg	Shape_Reserved_AI	Doodles	103
1603	40104.jpg	Shape_Reserved_AI	Doodles	104
1604	40105.jpg	Shape_Reserved_AI	Doodles	105
1605	40106.jpg	Shape_Reserved_AI	Doodles	106
1606	40107.jpg	Shape_Reserved_AI	Doodles	107
1607	40108.jpg	Shape_Reserved_AI	Doodles	108
1608	40109.jpg	Shape_Reserved_AI	Doodles	109
1609	40110.jpg	Shape_Reserved_AI	Doodles	110
1610	40111.jpg	Shape_Reserved_AI	Doodles	111
1611	40112.jpg	Shape_Reserved_AI	Doodles	112
1612	40113.jpg	Shape_Reserved_AI	Doodles	113
1613	40114.jpg	Shape_Reserved_AI	Doodles	114
1614	40115.jpg	Shape_Reserved_AI	Doodles	115
1615	40116.jpg	Shape_Reserved_AI	Doodles	116
1616	40117.jpg	Shape_Reserved_AI	Doodles	117
1617	40118.jpg	Shape_Reserved_AI	Doodles	118
1618	40119.jpg	Shape_Reserved_AI	Doodles	119
1619	40120.jpg	Shape_Reserved_AI	Doodles	120
1620	40121.jpg	Shape_Reserved_AI	Doodles	121
1621	40122.jpg	Shape_Reserved_AI	Doodles	122
1622	40123.jpg	Shape_Reserved_AI	Doodles	123
1623	40124.jpg	Shape_Reserved_AI	Doodles	124
1624	40125.jpg	Shape_Reserved_AI	Doodles	125
1625	40126.jpg	Shape_Reserved_AI	Doodles	126
1626	40127.jpg	Shape_Reserved_AI	Doodles	127
1627	40128.jpg	Shape_Reserved_AI	Doodles	128
1628	40129.jpg	Shape_Reserved_AI	Doodles	129
1629	40130.jpg	Shape_Reserved_AI	Doodles	130
1630	40131.jpg	Shape_Reserved_AI	Doodles	131
1631	40132.jpg	Shape_Reserved_AI	Doodles	132
1632	40133.jpg	Shape_Reserved_AI	Doodles	133
1633	40134.jpg	Shape_Reserved_AI	Doodles	134
1634	40135.jpg	Shape_Reserved_AI	Doodles	135
1635	40136.jpg	Shape_Reserved_AI	Doodles	136
1636	40137.jpg	Shape_Reserved_AI	Doodles	137
1637	40138.jpg	Shape_Reserved_AI	Doodles	138
1638	40139.jpg	Shape_Reserved_AI	Doodles	139
1639	40140.jpg	Shape_Reserved_AI	Doodles	140
1640	40141.jpg	Shape_Reserved_AI	Doodles	141
1641	40142.jpg	Shape_Reserved_AI	Doodles	142
1642	40143.jpg	Shape_Reserved_AI	Doodles	143
1643	40144.jpg	Shape_Reserved_AI	Doodles	144
1644	40145.jpg	Shape_Reserved_AI	Doodles	145
1645	40146.jpg	Shape_Reserved_AI	Doodles	146
1646	40147.jpg	Shape_Reserved_AI	Doodles	147
1647	40148.jpg	Shape_Reserved_AI	Doodles	148
1648	40149.jpg	Shape_Reserved_AI	Doodles	149
1649	40150.jpg	Shape_Reserved_AI	Doodles	150
1650	40151.jpg	Shape_Reserved_AI	Doodles	151
1651	40152.jpg	Shape_Reserved_AI	Doodles	152
1652	40153.jpg	Shape_Reserved_AI	Doodles	153
1653	40154.jpg	Shape_Reserved_AI	Doodles	154
1654	40155.jpg	Shape_Reserved_AI	Doodles	155
1655	40156.jpg	Shape_Reserved_AI	Doodles	156
1656	40157.jpg	Shape_Reserved_AI	Doodles	157
1657	40158.jpg	Shape_Reserved_AI	Doodles	158
1658	40159.jpg	Shape_Reserved_AI	Doodles	159
1659	40160.jpg	Shape_Reserved_AI	Doodles	160
1660	40161.jpg	Shape_Reserved_AI	Doodles	161
1661	40162.jpg	Shape_Reserved_AI	Doodles	162
1662	40163.jpg	Shape_Reserved_AI	Doodles	163
1663	40164.jpg	Shape_Reserved_AI	Doodles	164
1664	40165.jpg	Shape_Reserved_AI	Doodles	165
1665	40166.jpg	Shape_Reserved_AI	Doodles	166
1666	40167.jpg	Shape_Reserved_AI	Doodles	167
1667	40168.jpg	Shape_Reserved_AI	Doodles	168
1668	40169.jpg	Shape_Reserved_AI	Doodles	169
1669	40170.jpg	Shape_Reserved_AI	Doodles	170
1670	40171.jpg	Shape_Reserved_AI	Doodles	171
1671	40172.jpg	Shape_Reserved_AI	Doodles	172
1672	40173.jpg	Shape_Reserved_AI	Doodles	173
1673	40174.jpg	Shape_Reserved_AI	Doodles	174
1674	40175.jpg	Shape_Reserved_AI	Doodles	175
1675	40176.jpg	Shape_Reserved_AI	Doodles	176
1676	40177.jpg	Shape_Reserved_AI	Doodles	177
1677	40178.jpg	Shape_Reserved_AI	Doodles	178
1678	40179.jpg	Shape_Reserved_AI	Doodles	179
1679	40180.jpg	Shape_Reserved_AI	Doodles	180
1680	40181.jpg	Shape_Reserved_AI	Doodles	181
1681	40182.jpg	Shape_Reserved_AI	Doodles	182
1682	40183.jpg	Shape_Reserved_AI	Doodles	183
1683	40184.jpg	Shape_Reserved_AI	Doodles	184
1684	40185.jpg	Shape_Reserved_AI	Doodles	185
1685	40186.jpg	Shape_Reserved_AI	Doodles	186
1686	40187.jpg	Shape_Reserved_AI	Doodles	187
1687	40188.jpg	Shape_Reserved_AI	Doodles	188
1688	40189.jpg	Shape_Reserved_AI	Doodles	189
1689	40190.jpg	Shape_Reserved_AI	Doodles	190
1690	40191.jpg	Shape_Reserved_AI	Doodles	191
1691	40192.jpg	Shape_Reserved_AI	Doodles	192
1692	40193.jpg	Shape_Reserved_AI	Doodles	193
1693	40194.jpg	Shape_Reserved_AI	Doodles	194
1694	40195.jpg	Shape_Reserved_AI	Doodles	195
1695	40196.jpg	Shape_Reserved_AI	Doodles	196
1696	40197.jpg	Shape_Reserved_AI	Doodles	197
1697	40198.jpg	Shape_Reserved_AI	Doodles	198
1698	40199.jpg	Shape_Reserved_AI	Doodles	199
1699	40200.jpg	Shape_Reserved_AI	Doodles	200
1700	40201.jpg	Shape_Reserved_AI	Doodles	201
1701	40202.jpg	Shape_Reserved_AI	Doodles	202
1702	40203.jpg	Shape_Reserved_AI	Doodles	203
1703	40204.jpg	Shape_Reserved_AI	Doodles	204
1704	40205.jpg	Shape_Reserved_AI	Doodles	205
1705	40206.jpg	Shape_Reserved_AI	Doodles	206
1706	40207.jpg	Shape_Reserved_AI	Doodles	207
1707	40208.jpg	Shape_Reserved_AI	Doodles	208
1708	40209.jpg	Shape_Reserved_AI	Doodles	209
1709	40210.jpg	Shape_Reserved_AI	Doodles	210
1710	40211.jpg	Shape_Reserved_AI	Doodles	211
1711	40212.jpg	Shape_Reserved_AI	Doodles	212
1712	40213.jpg	Shape_Reserved_AI	Doodles	213
1713	40214.jpg	Shape_Reserved_AI	Doodles	214
1714	40215.jpg	Shape_Reserved_AI	Doodles	215
1715	40216.jpg	Shape_Reserved_AI	Doodles	216
1716	40217.jpg	Shape_Reserved_AI	Doodles	217
1717	40218.jpg	Shape_Reserved_AI	Doodles	218
1718	40219.jpg	Shape_Reserved_AI	Doodles	219
1719	40220.jpg	Shape_Reserved_AI	Doodles	220
1720	40221.jpg	Shape_Reserved_AI	Doodles	221
1721	40222.jpg	Shape_Reserved_AI	Doodles	222
1722	40223.jpg	Shape_Reserved_AI	Doodles	223
1723	40224.jpg	Shape_Reserved_AI	Doodles	224
1724	40225.jpg	Shape_Reserved_AI	Doodles	225
1725	40226.jpg	Shape_Reserved_AI	Doodles	226
1726	40227.jpg	Shape_Reserved_AI	Doodles	227
1727	40228.jpg	Shape_Reserved_AI	Doodles	228
1728	40229.jpg	Shape_Reserved_AI	Doodles	229
1729	40230.jpg	Shape_Reserved_AI	Doodles	230
1730	40231.jpg	Shape_Reserved_AI	Doodles	231
1731	40232.jpg	Shape_Reserved_AI	Doodles	232
1732	40233.jpg	Shape_Reserved_AI	Doodles	233
1733	40234.jpg	Shape_Reserved_AI	Doodles	234
1734	40235.jpg	Shape_Reserved_AI	Doodles	235
1735	40236.jpg	Shape_Reserved_AI	Doodles	236
1736	40237.jpg	Shape_Reserved_AI	Doodles	237
1737	40238.jpg	Shape_Reserved_AI	Doodles	238
1738	40239.jpg	Shape_Reserved_AI	Doodles	239
1739	40240.jpg	Shape_Reserved_AI	Doodles	240
1740	40241.jpg	Shape_Reserved_AI	Doodles	241
1741	40242.jpg	Shape_Reserved_AI	Doodles	242
1742	40243.jpg	Shape_Reserved_AI	Doodles	243
1743	40244.jpg	Shape_Reserved_AI	Doodles	244
1744	40245.jpg	Shape_Reserved_AI	Doodles	245
1745	40246.jpg	Shape_Reserved_AI	Doodles	246
1746	40247.jpg	Shape_Reserved_AI	Doodles	247
1747	40248.jpg	Shape_Reserved_AI	Doodles	248
1748	40249.jpg	Shape_Reserved_AI	Doodles	249
1749	40250.jpg	Shape_Reserved_AI	Doodles	250
1750	40251.jpg	Shape_Reserved_AI	Doodles	251
1751	40252.jpg	Shape_Reserved_AI	Doodles	252
1752	40253.jpg	Shape_Reserved_AI	Doodles	253
1753	40254.jpg	Shape_Reserved_AI	Doodles	254
1754	40255.jpg	Shape_Reserved_AI	Doodles	255
1755	40256.jpg	Shape_Reserved_AI	Doodles	256
1756	40257.jpg	Shape_Reserved_AI	Doodles	257
1757	40258.jpg	Shape_Reserved_AI	Doodles	258
1758	40259.jpg	Shape_Reserved_AI	Doodles	259
1759	40260.jpg	Shape_Reserved_AI	Doodles	260
1760	40261.jpg	Shape_Reserved_AI	Doodles	261
1761	40262.jpg	Shape_Reserved_AI	Doodles	262
1762	40263.jpg	Shape_Reserved_AI	Doodles	263
1763	40264.jpg	Shape_Reserved_AI	Doodles	264
1764	40265.jpg	Shape_Reserved_AI	Doodles	265
1765	40266.jpg	Shape_Reserved_AI	Doodles	266
1766	40267.jpg	Shape_Reserved_AI	Doodles	267
1767	40268.jpg	Shape_Reserved_AI	Doodles	268
1768	40269.jpg	Shape_Reserved_AI	Doodles	269
1769	40270.jpg	Shape_Reserved_AI	Doodles	270
1770	40271.jpg	Shape_Reserved_AI	Doodles	271
1771	40272.jpg	Shape_Reserved_AI	Doodles	272
1772	40273.jpg	Shape_Reserved_AI	Doodles	273
1773	40274.jpg	Shape_Reserved_AI	Doodles	274
1774	40275.jpg	Shape_Reserved_AI	Doodles	275
1775	40276.jpg	Shape_Reserved_AI	Doodles	276
1776	40277.jpg	Shape_Reserved_AI	Doodles	277
1777	40278.jpg	Shape_Reserved_AI	Doodles	278
1778	40279.jpg	Shape_Reserved_AI	Doodles	279
1779	40280.jpg	Shape_Reserved_AI	Doodles	280
1780	40281.jpg	Shape_Reserved_AI	Doodles	281
1781	40282.jpg	Shape_Reserved_AI	Doodles	282
1782	40283.jpg	Shape_Reserved_AI	Doodles	283
1783	40284.jpg	Shape_Reserved_AI	Doodles	284
1784	40285.jpg	Shape_Reserved_AI	Doodles	285
1785	40286.jpg	Shape_Reserved_AI	Doodles	286
1786	40287.jpg	Shape_Reserved_AI	Doodles	287
1787	40288.jpg	Shape_Reserved_AI	Doodles	288
1788	40289.jpg	Shape_Reserved_AI	Doodles	289
1789	40290.jpg	Shape_Reserved_AI	Doodles	290
1790	40291.jpg	Shape_Reserved_AI	Doodles	291
1791	40292.jpg	Shape_Reserved_AI	Doodles	292
1792	40293.jpg	Shape_Reserved_AI	Doodles	293
1793	40294.jpg	Shape_Reserved_AI	Doodles	294
1794	40295.jpg	Shape_Reserved_AI	Doodles	295
1795	40296.jpg	Shape_Reserved_AI	Doodles	296
1796	40297.jpg	Shape_Reserved_AI	Doodles	297
1797	40298.jpg	Shape_Reserved_AI	Doodles	298
1798	40299.jpg	Shape_Reserved_AI	Doodles	299
1799	40300.jpg	Shape_Reserved_AI	Doodles	300
1800	40301.jpg	Shape_Reserved_AI	Doodles	301
1801	40302.jpg	Shape_Reserved_AI	Doodles	302
1802	40303.jpg	Shape_Reserved_AI	Doodles	303
1803	40304.jpg	Shape_Reserved_AI	Doodles	304
1804	40305.jpg	Shape_Reserved_AI	Doodles	305
1805	40306.jpg	Shape_Reserved_AI	Doodles	306
1806	40307.jpg	Shape_Reserved_AI	Doodles	307
1807	40308.jpg	Shape_Reserved_AI	Doodles	308
1808	40309.jpg	Shape_Reserved_AI	Doodles	309
1809	40310.jpg	Shape_Reserved_AI	Doodles	310
1810	40311.jpg	Shape_Reserved_AI	Doodles	311
1811	40312.jpg	Shape_Reserved_AI	Doodles	312
1812	40313.jpg	Shape_Reserved_AI	Doodles	313
1813	40314.jpg	Shape_Reserved_AI	Doodles	314
1814	40315.jpg	Shape_Reserved_AI	Doodles	315
1815	40316.jpg	Shape_Reserved_AI	Doodles	316
1816	40317.jpg	Shape_Reserved_AI	Doodles	317
1817	40318.jpg	Shape_Reserved_AI	Doodles	318
1818	40319.jpg	Shape_Reserved_AI	Doodles	319
1819	40320.jpg	Shape_Reserved_AI	Doodles	320
1820	40321.jpg	Shape_Reserved_AI	Doodles	321
1821	40322.jpg	Shape_Reserved_AI	Doodles	322
1822	40323.jpg	Shape_Reserved_AI	Doodles	323
1823	40324.jpg	Shape_Reserved_AI	Doodles	324
1824	40325.jpg	Shape_Reserved_AI	Doodles	325
1825	40326.jpg	Shape_Reserved_AI	Doodles	326
1826	40327.jpg	Shape_Reserved_AI	Doodles	327
1827	40328.jpg	Shape_Reserved_AI	Doodles	328
1828	40329.jpg	Shape_Reserved_AI	Doodles	329
1829	40330.jpg	Shape_Reserved_AI	Doodles	330
1830	40331.jpg	Shape_Reserved_AI	Doodles	331
1831	40332.jpg	Shape_Reserved_AI	Doodles	332
1832	40333.jpg	Shape_Reserved_AI	Doodles	333
1833	40334.jpg	Shape_Reserved_AI	Doodles	334
1834	40335.jpg	Shape_Reserved_AI	Doodles	335
1835	40336.jpg	Shape_Reserved_AI	Doodles	336
1836	40337.jpg	Shape_Reserved_AI	Doodles	337
1837	40338.jpg	Shape_Reserved_AI	Doodles	338
1838	40339.jpg	Shape_Reserved_AI	Doodles	339
1839	40340.jpg	Shape_Reserved_AI	Doodles	340
1840	40341.jpg	Shape_Reserved_AI	Doodles	341
1841	40342.jpg	Shape_Reserved_AI	Doodles	342
1842	40343.jpg	Shape_Reserved_AI	Doodles	343
1843	40344.jpg	Shape_Reserved_AI	Doodles	344
1844	40345.jpg	Shape_Reserved_AI	Doodles	345
1845	40346.jpg	Shape_Reserved_AI	Doodles	346
1846	40347.jpg	Shape_Reserved_AI	Doodles	347
1847	40348.jpg	Shape_Reserved_AI	Doodles	348
1848	40349.jpg	Shape_Reserved_AI	Doodles	349
1849	40350.jpg	Shape_Reserved_AI	Doodles	350
1850	40351.jpg	Shape_Reserved_AI	Doodles	351
1851	40352.jpg	Shape_Reserved_AI	Doodles	352
1852	40353.jpg	Shape_Reserved_AI	Doodles	353
1853	40354.jpg	Shape_Reserved_AI	Doodles	354
1854	40355.jpg	Shape_Reserved_AI	Doodles	355
1855	40356.jpg	Shape_Reserved_AI	Doodles	356
1856	40357.jpg	Shape_Reserved_AI	Doodles	357
1857	40358.jpg	Shape_Reserved_AI	Doodles	358
1858	40359.jpg	Shape_Reserved_AI	Doodles	359
1859	40360.jpg	Shape_Reserved_AI	Doodles	360
1860	40361.jpg	Shape_Reserved_AI	Doodles	361
1861	40362.jpg	Shape_Reserved_AI	Doodles	362
1862	40363.jpg	Shape_Reserved_AI	Doodles	363
1863	40364.jpg	Shape_Reserved_AI	Doodles	364
1864	40365.jpg	Shape_Reserved_AI	Doodles	365
1865	40366.jpg	Shape_Reserved_AI	Doodles	366
1866	40367.jpg	Shape_Reserved_AI	Doodles	367
1867	40368.jpg	Shape_Reserved_AI	Doodles	368
1868	40369.jpg	Shape_Reserved_AI	Doodles	369
1869	40370.jpg	Shape_Reserved_AI	Doodles	370
1870	40371.jpg	Shape_Reserved_AI	Doodles	371
1871	40372.jpg	Shape_Reserved_AI	Doodles	372
1872	40373.jpg	Shape_Reserved_AI	Doodles	373
1873	40374.jpg	Shape_Reserved_AI	Doodles	374
1874	40375.jpg	Shape_Reserved_AI	Doodles	375
1875	40376.jpg	Shape_Reserved_AI	Doodles	376
1876	40377.jpg	Shape_Reserved_AI	Doodles	377
1877	40378.jpg	Shape_Reserved_AI	Doodles	378
1878	40379.jpg	Shape_Reserved_AI	Doodles	379
1879	40380.jpg	Shape_Reserved_AI	Doodles	380
1880	40381.jpg	Shape_Reserved_AI	Doodles	381
1881	40382.jpg	Shape_Reserved_AI	Doodles	382
1882	40383.jpg	Shape_Reserved_AI	Doodles	383
1883	40384.jpg	Shape_Reserved_AI	Doodles	384
1884	40385.jpg	Shape_Reserved_AI	Doodles	385
1885	40386.jpg	Shape_Reserved_AI	Doodles	386
1886	40387.jpg	Shape_Reserved_AI	Doodles	387
1887	40388.jpg	Shape_Reserved_AI	Doodles	388
1888	40389.jpg	Shape_Reserved_AI	Doodles	389
1889	40390.jpg	Shape_Reserved_AI	Doodles	390
1890	40391.jpg	Shape_Reserved_AI	Doodles	391
1891	40392.jpg	Shape_Reserved_AI	Doodles	392
1892	40393.jpg	Shape_Reserved_AI	Doodles	393
1893	40394.jpg	Shape_Reserved_AI	Doodles	394
1894	40395.jpg	Shape_Reserved_AI	Doodles	395
1895	40396.jpg	Shape_Reserved_AI	Doodles	396
1896	40397.jpg	Shape_Reserved_AI	Doodles	397
1897	40398.jpg	Shape_Reserved_AI	Doodles	398
1898	40399.jpg	Shape_Reserved_AI	Doodles	399
1899	40400.jpg	Shape_Reserved_AI	Doodles	400
1900	40401.jpg	Shape_Reserved_AI	Doodles	1
1901	40402.jpg	Shape_Reserved_AI	Doodles	2
1902	40403.jpg	Shape_Reserved_AI	Doodles	3
1903	40404.jpg	Shape_Reserved_AI	Doodles	4
1904	40405.jpg	Shape_Reserved_AI	Doodles	5
1905	40406.jpg	Shape_Reserved_AI	Doodles	6
1906	40407.jpg	Shape_Reserved_AI	Doodles	7
1907	40408.jpg	Shape_Reserved_AI	Doodles	8
1908	40409.jpg	Shape_Reserved_AI	Doodles	9
1909	40410.jpg	Shape_Reserved_AI	Doodles	10
1910	40411.jpg	Shape_Reserved_AI	Doodles	11
1911	40412.jpg	Shape_Reserved_AI	Doodles	12
1912	40413.jpg	Shape_Reserved_AI	Doodles	13
1913	40414.jpg	Shape_Reserved_AI	Doodles	14
1914	40415.jpg	Shape_Reserved_AI	Doodles	15
1915	40416.jpg	Shape_Reserved_AI	Doodles	16
1916	40417.jpg	Shape_Reserved_AI	Doodles	17
1917	40418.jpg	Shape_Reserved_AI	Doodles	18
1918	40419.jpg	Shape_Reserved_AI	Doodles	19
1919	40420.jpg	Shape_Reserved_AI	Doodles	20
1920	40421.jpg	Shape_Reserved_AI	Doodles	21
1921	40422.jpg	Shape_Reserved_AI	Doodles	22
1922	40423.jpg	Shape_Reserved_AI	Doodles	23
1923	40424.jpg	Shape_Reserved_AI	Doodles	24
1924	40425.jpg	Shape_Reserved_AI	Doodles	25
1925	40426.jpg	Shape_Reserved_AI	Doodles	26
1926	40427.jpg	Shape_Reserved_AI	Doodles	27
1927	40428.jpg	Shape_Reserved_AI	Doodles	28
1928	40429.jpg	Shape_Reserved_AI	Doodles	29
1929	40430.jpg	Shape_Reserved_AI	Doodles	30
1930	40431.jpg	Shape_Reserved_AI	Doodles	31
1931	40432.jpg	Shape_Reserved_AI	Doodles	32
1932	40433.jpg	Shape_Reserved_AI	Doodles	33
1933	40434.jpg	Shape_Reserved_AI	Doodles	34
1934	40435.jpg	Shape_Reserved_AI	Doodles	35
1935	40436.jpg	Shape_Reserved_AI	Doodles	36
1936	40437.jpg	Shape_Reserved_AI	Doodles	37
1937	40438.jpg	Shape_Reserved_AI	Doodles	38
1938	40439.jpg	Shape_Reserved_AI	Doodles	39
1939	40440.jpg	Shape_Reserved_AI	Doodles	40
1940	40441.jpg	Shape_Reserved_AI	Doodles	41
1941	40442.jpg	Shape_Reserved_AI	Doodles	42
1942	40443.jpg	Shape_Reserved_AI	Doodles	43
1943	40444.jpg	Shape_Reserved_AI	Doodles	44
1944	40445.jpg	Shape_Reserved_AI	Doodles	45
1945	40446.jpg	Shape_Reserved_AI	Doodles	46
1946	40447.jpg	Shape_Reserved_AI	Doodles	47
1947	40448.jpg	Shape_Reserved_AI	Doodles	48
1948	40449.jpg	Shape_Reserved_AI	Doodles	49
1949	40450.jpg	Shape_Reserved_AI	Doodles	50
1950	40451.jpg	Shape_Reserved_AI	Doodles	51
1951	40452.jpg	Shape_Reserved_AI	Doodles	52
1952	40453.jpg	Shape_Reserved_AI	Doodles	53
1953	40454.jpg	Shape_Reserved_AI	Doodles	54
1954	40455.jpg	Shape_Reserved_AI	Doodles	55
1955	40456.jpg	Shape_Reserved_AI	Doodles	56
1956	40457.jpg	Shape_Reserved_AI	Doodles	57
1957	40458.jpg	Shape_Reserved_AI	Doodles	58
1958	40459.jpg	Shape_Reserved_AI	Doodles	59
1959	40460.jpg	Shape_Reserved_AI	Doodles	60
1960	40461.jpg	Shape_Reserved_AI	Doodles	61
1961	40462.jpg	Shape_Reserved_AI	Doodles	62
1962	40463.jpg	Shape_Reserved_AI	Doodles	63
1963	40464.jpg	Shape_Reserved_AI	Doodles	64
1964	40465.jpg	Shape_Reserved_AI	Doodles	65
1965	40466.jpg	Shape_Reserved_AI	Doodles	66
1966	40467.jpg	Shape_Reserved_AI	Doodles	67
1967	40468.jpg	Shape_Reserved_AI	Doodles	68
1968	40469.jpg	Shape_Reserved_AI	Doodles	69
1969	40470.jpg	Shape_Reserved_AI	Doodles	70
1970	40471.jpg	Shape_Reserved_AI	Doodles	71
1971	40472.jpg	Shape_Reserved_AI	Doodles	72
1972	40473.jpg	Shape_Reserved_AI	Doodles	73
1973	40474.jpg	Shape_Reserved_AI	Doodles	74
1974	40475.jpg	Shape_Reserved_AI	Doodles	75
1975	40476.jpg	Shape_Reserved_AI	Doodles	76
1976	40477.jpg	Shape_Reserved_AI	Doodles	77
1977	40478.jpg	Shape_Reserved_AI	Doodles	78
1978	40479.jpg	Shape_Reserved_AI	Doodles	79
1979	40480.jpg	Shape_Reserved_AI	Doodles	80
1980	40481.jpg	Shape_Reserved_AI	Doodles	81
1981	40482.jpg	Shape_Reserved_AI	Doodles	82
1982	40483.jpg	Shape_Reserved_AI	Doodles	83
1983	40484.jpg	Shape_Reserved_AI	Doodles	84
1984	40485.jpg	Shape_Reserved_AI	Doodles	85
1985	40486.jpg	Shape_Reserved_AI	Doodles	86
1986	40487.jpg	Shape_Reserved_AI	Doodles	87
1987	40488.jpg	Shape_Reserved_AI	Doodles	88
1988	40489.jpg	Shape_Reserved_AI	Doodles	89
1989	40490.jpg	Shape_Reserved_AI	Doodles	90
1990	40491.jpg	Shape_Reserved_AI	Doodles	91
1991	40492.jpg	Shape_Reserved_AI	Doodles	92
1992	40493.jpg	Shape_Reserved_AI	Doodles	93
1993	40494.jpg	Shape_Reserved_AI	Doodles	94
1994	40495.jpg	Shape_Reserved_AI	Doodles	95
1995	40496.jpg	Shape_Reserved_AI	Doodles	96
1996	40497.jpg	Shape_Reserved_AI	Doodles	97
1997	40498.jpg	Shape_Reserved_AI	Doodles	98
1998	40499.jpg	Shape_Reserved_AI	Doodles	99
1999	40500.jpg	Shape_Reserved_AI	Doodles	100
2000	40501.jpg	Shape_Reserved_AI	Doodles	101
2001	40502.jpg	Shape_Reserved_AI	Doodles	102
2002	40503.jpg	Shape_Reserved_AI	Doodles	103
2003	40504.jpg	Shape_Reserved_AI	Doodles	104
2004	40505.jpg	Shape_Reserved_AI	Doodles	105
2005	40506.jpg	Shape_Reserved_AI	Doodles	106
2006	40507.jpg	Shape_Reserved_AI	Doodles	107
2007	40508.jpg	Shape_Reserved_AI	Doodles	108
2008	40509.jpg	Shape_Reserved_AI	Doodles	109
2009	40510.jpg	Shape_Reserved_AI	Doodles	110
2010	40511.jpg	Shape_Reserved_AI	Doodles	111
2011	40512.jpg	Shape_Reserved_AI	Doodles	112
2012	40513.jpg	Shape_Reserved_AI	Doodles	113
2013	40514.jpg	Shape_Reserved_AI	Doodles	114
2014	40515.jpg	Shape_Reserved_AI	Doodles	115
2015	40516.jpg	Shape_Reserved_AI	Doodles	116
2016	40517.jpg	Shape_Reserved_AI	Doodles	117
2017	40518.jpg	Shape_Reserved_AI	Doodles	118
2018	40519.jpg	Shape_Reserved_AI	Doodles	119
2019	40520.jpg	Shape_Reserved_AI	Doodles	120
2020	40521.jpg	Shape_Reserved_AI	Doodles	121
2021	40522.jpg	Shape_Reserved_AI	Doodles	122
2022	40523.jpg	Shape_Reserved_AI	Doodles	123
2023	40524.jpg	Shape_Reserved_AI	Doodles	124
2024	40525.jpg	Shape_Reserved_AI	Doodles	125
2025	40526.jpg	Shape_Reserved_AI	Doodles	126
2026	40527.jpg	Shape_Reserved_AI	Doodles	127
2027	40528.jpg	Shape_Reserved_AI	Doodles	128
2028	40529.jpg	Shape_Reserved_AI	Doodles	129
2029	40530.jpg	Shape_Reserved_AI	Doodles	130
2030	40531.jpg	Shape_Reserved_AI	Doodles	131
2031	40532.jpg	Shape_Reserved_AI	Doodles	132
2032	40533.jpg	Shape_Reserved_AI	Doodles	133
2033	40534.jpg	Shape_Reserved_AI	Doodles	134
2034	40535.jpg	Shape_Reserved_AI	Doodles	135
2035	40536.jpg	Shape_Reserved_AI	Doodles	136
2036	40537.jpg	Shape_Reserved_AI	Doodles	137
2037	40538.jpg	Shape_Reserved_AI	Doodles	138
2038	40539.jpg	Shape_Reserved_AI	Doodles	139
2039	40540.jpg	Shape_Reserved_AI	Doodles	140
2040	40541.jpg	Shape_Reserved_AI	Doodles	141
2041	40542.jpg	Shape_Reserved_AI	Doodles	142
2042	40543.jpg	Shape_Reserved_AI	Doodles	143
2043	40544.jpg	Shape_Reserved_AI	Doodles	144
2044	40545.jpg	Shape_Reserved_AI	Doodles	145
2045	40546.jpg	Shape_Reserved_AI	Doodles	146
2046	40547.jpg	Shape_Reserved_AI	Doodles	147
2047	40548.jpg	Shape_Reserved_AI	Doodles	148
2048	40549.jpg	Shape_Reserved_AI	Doodles	149
2049	40550.jpg	Shape_Reserved_AI	Doodles	150
2050	40551.jpg	Shape_Reserved_AI	Doodles	151
2051	40552.jpg	Shape_Reserved_AI	Doodles	152
2052	40553.jpg	Shape_Reserved_AI	Doodles	153
2053	40554.jpg	Shape_Reserved_AI	Doodles	154
2054	40555.jpg	Shape_Reserved_AI	Doodles	155
2055	40556.jpg	Shape_Reserved_AI	Doodles	156
2056	40557.jpg	Shape_Reserved_AI	Doodles	157
2057	40558.jpg	Shape_Reserved_AI	Doodles	158
2058	40559.jpg	Shape_Reserved_AI	Doodles	159
2059	40560.jpg	Shape_Reserved_AI	Doodles	160
2060	40561.jpg	Shape_Reserved_AI	Doodles	161
2061	40562.jpg	Shape_Reserved_AI	Doodles	162
2062	40563.jpg	Shape_Reserved_AI	Doodles	163
2063	40564.jpg	Shape_Reserved_AI	Doodles	164
2064	40565.jpg	Shape_Reserved_AI	Doodles	165
2065	40566.jpg	Shape_Reserved_AI	Doodles	166
2066	40567.jpg	Shape_Reserved_AI	Doodles	167
2067	40568.jpg	Shape_Reserved_AI	Doodles	168
2068	40569.jpg	Shape_Reserved_AI	Doodles	169
2069	40570.jpg	Shape_Reserved_AI	Doodles	170
2070	40571.jpg	Shape_Reserved_AI	Doodles	171
2071	40572.jpg	Shape_Reserved_AI	Doodles	172
2072	40573.jpg	Shape_Reserved_AI	Doodles	173
2073	40574.jpg	Shape_Reserved_AI	Doodles	174
2074	40575.jpg	Shape_Reserved_AI	Doodles	175
2075	40576.jpg	Shape_Reserved_AI	Doodles	176
2076	40577.jpg	Shape_Reserved_AI	Doodles	177
2077	40578.jpg	Shape_Reserved_AI	Doodles	178
2078	40579.jpg	Shape_Reserved_AI	Doodles	179
2079	40580.jpg	Shape_Reserved_AI	Doodles	180
2080	40581.jpg	Shape_Reserved_AI	Doodles	181
2081	40582.jpg	Shape_Reserved_AI	Doodles	182
2082	40583.jpg	Shape_Reserved_AI	Doodles	183
2083	40584.jpg	Shape_Reserved_AI	Doodles	184
2084	40585.jpg	Shape_Reserved_AI	Doodles	185
2085	40586.jpg	Shape_Reserved_AI	Doodles	186
2086	40587.jpg	Shape_Reserved_AI	Doodles	187
2087	40588.jpg	Shape_Reserved_AI	Doodles	188
2088	40589.jpg	Shape_Reserved_AI	Doodles	189
2089	40590.jpg	Shape_Reserved_AI	Doodles	190
2090	40591.jpg	Shape_Reserved_AI	Doodles	191
2091	40592.jpg	Shape_Reserved_AI	Doodles	192
2092	40593.jpg	Shape_Reserved_AI	Doodles	193
2093	40594.jpg	Shape_Reserved_AI	Doodles	194
2094	40595.jpg	Shape_Reserved_AI	Doodles	195
2095	40596.jpg	Shape_Reserved_AI	Doodles	196
2096	40597.jpg	Shape_Reserved_AI	Doodles	197
2097	40598.jpg	Shape_Reserved_AI	Doodles	198
2098	40599.jpg	Shape_Reserved_AI	Doodles	199
2099	40600.jpg	Shape_Reserved_AI	Doodles	200
2100	40601.jpg	Shape_Reserved_AI	Doodles	201
2101	40602.jpg	Shape_Reserved_AI	Doodles	202
2102	40603.jpg	Shape_Reserved_AI	Doodles	203
2103	40604.jpg	Shape_Reserved_AI	Doodles	204
2104	40605.jpg	Shape_Reserved_AI	Doodles	205
2105	40606.jpg	Shape_Reserved_AI	Doodles	206
2106	40607.jpg	Shape_Reserved_AI	Doodles	207
2107	40608.jpg	Shape_Reserved_AI	Doodles	208
2108	40609.jpg	Shape_Reserved_AI	Doodles	209
2109	40610.jpg	Shape_Reserved_AI	Doodles	210
2110	40611.jpg	Shape_Reserved_AI	Doodles	211
2111	40612.jpg	Shape_Reserved_AI	Doodles	212
2112	40613.jpg	Shape_Reserved_AI	Doodles	213
2113	40614.jpg	Shape_Reserved_AI	Doodles	214
2114	40615.jpg	Shape_Reserved_AI	Doodles	215
2115	40616.jpg	Shape_Reserved_AI	Doodles	216
2116	40617.jpg	Shape_Reserved_AI	Doodles	217
2117	40618.jpg	Shape_Reserved_AI	Doodles	218
2118	40619.jpg	Shape_Reserved_AI	Doodles	219
2119	40620.jpg	Shape_Reserved_AI	Doodles	220
2120	40621.jpg	Shape_Reserved_AI	Doodles	221
2121	40622.jpg	Shape_Reserved_AI	Doodles	222
2122	40623.jpg	Shape_Reserved_AI	Doodles	223
2123	40624.jpg	Shape_Reserved_AI	Doodles	224
2124	40625.jpg	Shape_Reserved_AI	Doodles	225
2125	40626.jpg	Shape_Reserved_AI	Doodles	226
2126	40627.jpg	Shape_Reserved_AI	Doodles	227
2127	40628.jpg	Shape_Reserved_AI	Doodles	228
2128	40629.jpg	Shape_Reserved_AI	Doodles	229
2129	40630.jpg	Shape_Reserved_AI	Doodles	230
2130	40631.jpg	Shape_Reserved_AI	Doodles	231
2131	40632.jpg	Shape_Reserved_AI	Doodles	232
2132	40633.jpg	Shape_Reserved_AI	Doodles	233
2133	40634.jpg	Shape_Reserved_AI	Doodles	234
2134	40635.jpg	Shape_Reserved_AI	Doodles	235
2135	40636.jpg	Shape_Reserved_AI	Doodles	236
2136	40637.jpg	Shape_Reserved_AI	Doodles	237
2137	40638.jpg	Shape_Reserved_AI	Doodles	238
2138	40639.jpg	Shape_Reserved_AI	Doodles	239
2139	40640.jpg	Shape_Reserved_AI	Doodles	240
2140	40641.jpg	Shape_Reserved_AI	Doodles	241
2141	40642.jpg	Shape_Reserved_AI	Doodles	242
2142	40643.jpg	Shape_Reserved_AI	Doodles	243
2143	40644.jpg	Shape_Reserved_AI	Doodles	244
2144	40645.jpg	Shape_Reserved_AI	Doodles	245
2145	40646.jpg	Shape_Reserved_AI	Doodles	246
2146	40647.jpg	Shape_Reserved_AI	Doodles	247
2147	40648.jpg	Shape_Reserved_AI	Doodles	248
2148	40649.jpg	Shape_Reserved_AI	Doodles	249
2149	40650.jpg	Shape_Reserved_AI	Doodles	250
2150	40651.jpg	Shape_Reserved_AI	Doodles	251
2151	40652.jpg	Shape_Reserved_AI	Doodles	252
2152	40653.jpg	Shape_Reserved_AI	Doodles	253
2153	40654.jpg	Shape_Reserved_AI	Doodles	254
2154	40655.jpg	Shape_Reserved_AI	Doodles	255
2155	40656.jpg	Shape_Reserved_AI	Doodles	256
2156	40657.jpg	Shape_Reserved_AI	Doodles	257
2157	40658.jpg	Shape_Reserved_AI	Doodles	258
2158	40659.jpg	Shape_Reserved_AI	Doodles	259
2159	40660.jpg	Shape_Reserved_AI	Doodles	260
2160	40661.jpg	Shape_Reserved_AI	Doodles	261
2161	40662.jpg	Shape_Reserved_AI	Doodles	262
2162	40663.jpg	Shape_Reserved_AI	Doodles	263
2163	40664.jpg	Shape_Reserved_AI	Doodles	264
2164	40665.jpg	Shape_Reserved_AI	Doodles	265
2165	40666.jpg	Shape_Reserved_AI	Doodles	266
2166	40667.jpg	Shape_Reserved_AI	Doodles	267
2167	40668.jpg	Shape_Reserved_AI	Doodles	268
2168	40669.jpg	Shape_Reserved_AI	Doodles	269
2169	40670.jpg	Shape_Reserved_AI	Doodles	270
2170	40671.jpg	Shape_Reserved_AI	Doodles	271
2171	40672.jpg	Shape_Reserved_AI	Doodles	272
2172	40673.jpg	Shape_Reserved_AI	Doodles	273
2173	40674.jpg	Shape_Reserved_AI	Doodles	274
2174	40675.jpg	Shape_Reserved_AI	Doodles	275
2175	40676.jpg	Shape_Reserved_AI	Doodles	276
2176	40677.jpg	Shape_Reserved_AI	Doodles	277
2177	40678.jpg	Shape_Reserved_AI	Doodles	278
2178	40679.jpg	Shape_Reserved_AI	Doodles	279
2179	40680.jpg	Shape_Reserved_AI	Doodles	280
2180	40681.jpg	Shape_Reserved_AI	Doodles	281
2181	40682.jpg	Shape_Reserved_AI	Doodles	282
2182	40683.jpg	Shape_Reserved_AI	Doodles	283
2183	40684.jpg	Shape_Reserved_AI	Doodles	284
2184	40685.jpg	Shape_Reserved_AI	Doodles	285
2185	40686.jpg	Shape_Reserved_AI	Doodles	286
2186	40687.jpg	Shape_Reserved_AI	Doodles	287
2187	40688.jpg	Shape_Reserved_AI	Doodles	288
2188	40689.jpg	Shape_Reserved_AI	Doodles	289
2189	40690.jpg	Shape_Reserved_AI	Doodles	290
2190	40691.jpg	Shape_Reserved_AI	Doodles	291
2191	40692.jpg	Shape_Reserved_AI	Doodles	292
2192	40693.jpg	Shape_Reserved_AI	Doodles	293
2193	40694.jpg	Shape_Reserved_AI	Doodles	294
2194	40695.jpg	Shape_Reserved_AI	Doodles	295
2195	40696.jpg	Shape_Reserved_AI	Doodles	296
2196	40697.jpg	Shape_Reserved_AI	Doodles	297
2197	40698.jpg	Shape_Reserved_AI	Doodles	298
2198	40699.jpg	Shape_Reserved_AI	Doodles	299
2199	40700.jpg	Shape_Reserved_AI	Doodles	300
2200	40701.jpg	Shape_Reserved_AI	Doodles	301
2201	40702.jpg	Shape_Reserved_AI	Doodles	302
2202	40703.jpg	Shape_Reserved_AI	Doodles	303
2203	40704.jpg	Shape_Reserved_AI	Doodles	304
2204	40705.jpg	Shape_Reserved_AI	Doodles	305
2205	40706.jpg	Shape_Reserved_AI	Doodles	306
2206	40707.jpg	Shape_Reserved_AI	Doodles	307
2207	40708.jpg	Shape_Reserved_AI	Doodles	308
2208	40709.jpg	Shape_Reserved_AI	Doodles	309
2209	40710.jpg	Shape_Reserved_AI	Doodles	310
2210	40711.jpg	Shape_Reserved_AI	Doodles	311
2211	40712.jpg	Shape_Reserved_AI	Doodles	312
2212	40713.jpg	Shape_Reserved_AI	Doodles	313
2213	40714.jpg	Shape_Reserved_AI	Doodles	314
2214	40715.jpg	Shape_Reserved_AI	Doodles	315
2215	40716.jpg	Shape_Reserved_AI	Doodles	316
2216	40717.jpg	Shape_Reserved_AI	Doodles	317
2217	40718.jpg	Shape_Reserved_AI	Doodles	318
2218	40719.jpg	Shape_Reserved_AI	Doodles	319
2219	40720.jpg	Shape_Reserved_AI	Doodles	320
2220	40721.jpg	Shape_Reserved_AI	Doodles	321
2221	40722.jpg	Shape_Reserved_AI	Doodles	322
2222	40723.jpg	Shape_Reserved_AI	Doodles	323
2223	40724.jpg	Shape_Reserved_AI	Doodles	324
2224	40725.jpg	Shape_Reserved_AI	Doodles	325
2225	40726.jpg	Shape_Reserved_AI	Doodles	326
2226	40727.jpg	Shape_Reserved_AI	Doodles	327
2227	40728.jpg	Shape_Reserved_AI	Doodles	328
2228	40729.jpg	Shape_Reserved_AI	Doodles	329
2229	40730.jpg	Shape_Reserved_AI	Doodles	330
2230	40731.jpg	Shape_Reserved_AI	Doodles	331
2231	40732.jpg	Shape_Reserved_AI	Doodles	332
2232	40733.jpg	Shape_Reserved_AI	Doodles	333
2233	40734.jpg	Shape_Reserved_AI	Doodles	334
2234	40735.jpg	Shape_Reserved_AI	Doodles	335
2235	40736.jpg	Shape_Reserved_AI	Doodles	336
2236	40737.jpg	Shape_Reserved_AI	Doodles	337
2237	40738.jpg	Shape_Reserved_AI	Doodles	338
2238	40739.jpg	Shape_Reserved_AI	Doodles	339
2239	40740.jpg	Shape_Reserved_AI	Doodles	340
2240	40741.jpg	Shape_Reserved_AI	Doodles	341
2241	40742.jpg	Shape_Reserved_AI	Doodles	342
2242	40743.jpg	Shape_Reserved_AI	Doodles	343
2243	40744.jpg	Shape_Reserved_AI	Doodles	344
2244	40745.jpg	Shape_Reserved_AI	Doodles	345
2245	40746.jpg	Shape_Reserved_AI	Doodles	346
2246	40747.jpg	Shape_Reserved_AI	Doodles	347
2247	40748.jpg	Shape_Reserved_AI	Doodles	348
2248	40749.jpg	Shape_Reserved_AI	Doodles	349
2249	40750.jpg	Shape_Reserved_AI	Doodles	350
2250	40751.jpg	Shape_Reserved_AI	Doodles	351
2251	40752.jpg	Shape_Reserved_AI	Doodles	352
2252	40753.jpg	Shape_Reserved_AI	Doodles	353
2253	40754.jpg	Shape_Reserved_AI	Doodles	354
2254	40755.jpg	Shape_Reserved_AI	Doodles	355
2255	40756.jpg	Shape_Reserved_AI	Doodles	356
2256	40757.jpg	Shape_Reserved_AI	Doodles	357
2257	40758.jpg	Shape_Reserved_AI	Doodles	358
2258	40759.jpg	Shape_Reserved_AI	Doodles	359
2259	40760.jpg	Shape_Reserved_AI	Doodles	360
2260	40761.jpg	Shape_Reserved_AI	Doodles	361
2261	40762.jpg	Shape_Reserved_AI	Doodles	362
2262	40763.jpg	Shape_Reserved_AI	Doodles	363
2263	40764.jpg	Shape_Reserved_AI	Doodles	364
2264	40765.jpg	Shape_Reserved_AI	Doodles	365
2265	40766.jpg	Shape_Reserved_AI	Doodles	366
2266	40767.jpg	Shape_Reserved_AI	Doodles	367
2267	40768.jpg	Shape_Reserved_AI	Doodles	368
2268	40769.jpg	Shape_Reserved_AI	Doodles	369
2269	40770.jpg	Shape_Reserved_AI	Doodles	370
2270	40771.jpg	Shape_Reserved_AI	Doodles	371
2271	40772.jpg	Shape_Reserved_AI	Doodles	372
2272	40773.jpg	Shape_Reserved_AI	Doodles	373
2273	40774.jpg	Shape_Reserved_AI	Doodles	374
2274	40775.jpg	Shape_Reserved_AI	Doodles	375
2275	40776.jpg	Shape_Reserved_AI	Doodles	376
2276	40777.jpg	Shape_Reserved_AI	Doodles	377
2277	40778.jpg	Shape_Reserved_AI	Doodles	378
2278	40779.jpg	Shape_Reserved_AI	Doodles	379
2279	40780.jpg	Shape_Reserved_AI	Doodles	380
2280	40781.jpg	Shape_Reserved_AI	Doodles	381
2281	40782.jpg	Shape_Reserved_AI	Doodles	382
2282	40783.jpg	Shape_Reserved_AI	Doodles	383
2283	40784.jpg	Shape_Reserved_AI	Doodles	384
2284	40785.jpg	Shape_Reserved_AI	Doodles	385
2285	40786.jpg	Shape_Reserved_AI	Doodles	386
2286	40787.jpg	Shape_Reserved_AI	Doodles	387
2287	40788.jpg	Shape_Reserved_AI	Doodles	388
2288	40789.jpg	Shape_Reserved_AI	Doodles	389
2289	40790.jpg	Shape_Reserved_AI	Doodles	390
2290	40791.jpg	Shape_Reserved_AI	Doodles	391
2291	40792.jpg	Shape_Reserved_AI	Doodles	392
2292	40793.jpg	Shape_Reserved_AI	Doodles	393
2293	40794.jpg	Shape_Reserved_AI	Doodles	394
2294	40795.jpg	Shape_Reserved_AI	Doodles	395
2295	40796.jpg	Shape_Reserved_AI	Doodles	396
2296	40797.jpg	Shape_Reserved_AI	Doodles	397
2297	40798.jpg	Shape_Reserved_AI	Doodles	398
2298	40799.jpg	Shape_Reserved_AI	Doodles	399
2299	40800.jpg	Shape_Reserved_AI	Doodles	400
2300	40801.jpg	Shape_Reserved_AI	Doodles	1
2301	40802.jpg	Shape_Reserved_AI	Doodles	2
2302	40803.jpg	Shape_Reserved_AI	Doodles	3
2303	40804.jpg	Shape_Reserved_AI	Doodles	4
2304	40805.jpg	Shape_Reserved_AI	Doodles	5
2305	40806.jpg	Shape_Reserved_AI	Doodles	6
2306	40807.jpg	Shape_Reserved_AI	Doodles	7
2307	40808.jpg	Shape_Reserved_AI	Doodles	8
2308	40809.jpg	Shape_Reserved_AI	Doodles	9
2309	40810.jpg	Shape_Reserved_AI	Doodles	10
2310	40811.jpg	Shape_Reserved_AI	Doodles	11
2311	40812.jpg	Shape_Reserved_AI	Doodles	12
2312	40813.jpg	Shape_Reserved_AI	Doodles	13
2313	40814.jpg	Shape_Reserved_AI	Doodles	14
2314	40815.jpg	Shape_Reserved_AI	Doodles	15
2315	40816.jpg	Shape_Reserved_AI	Doodles	16
2316	40817.jpg	Shape_Reserved_AI	Doodles	17
2317	40818.jpg	Shape_Reserved_AI	Doodles	18
2318	40819.jpg	Shape_Reserved_AI	Doodles	19
2319	40820.jpg	Shape_Reserved_AI	Doodles	20
2320	40821.jpg	Shape_Reserved_AI	Doodles	21
2321	40822.jpg	Shape_Reserved_AI	Doodles	22
2322	40823.jpg	Shape_Reserved_AI	Doodles	23
2323	40824.jpg	Shape_Reserved_AI	Doodles	24
2324	40825.jpg	Shape_Reserved_AI	Doodles	25
2325	40826.jpg	Shape_Reserved_AI	Doodles	26
2326	40827.jpg	Shape_Reserved_AI	Doodles	27
2327	40828.jpg	Shape_Reserved_AI	Doodles	28
2328	40829.jpg	Shape_Reserved_AI	Doodles	29
2329	40830.jpg	Shape_Reserved_AI	Doodles	30
2330	40831.jpg	Shape_Reserved_AI	Doodles	31
2331	40832.jpg	Shape_Reserved_AI	Doodles	32
2332	40833.jpg	Shape_Reserved_AI	Doodles	33
2333	40834.jpg	Shape_Reserved_AI	Doodles	34
2334	40835.jpg	Shape_Reserved_AI	Doodles	35
2335	40836.jpg	Shape_Reserved_AI	Doodles	36
2336	40837.jpg	Shape_Reserved_AI	Doodles	37
2337	40838.jpg	Shape_Reserved_AI	Doodles	38
2338	40839.jpg	Shape_Reserved_AI	Doodles	39
2339	40840.jpg	Shape_Reserved_AI	Doodles	40
2340	40841.jpg	Shape_Reserved_AI	Doodles	41
2341	40842.jpg	Shape_Reserved_AI	Doodles	42
2342	40843.jpg	Shape_Reserved_AI	Doodles	43
2343	40844.jpg	Shape_Reserved_AI	Doodles	44
2344	40845.jpg	Shape_Reserved_AI	Doodles	45
2345	40846.jpg	Shape_Reserved_AI	Doodles	46
2346	40847.jpg	Shape_Reserved_AI	Doodles	47
2347	40848.jpg	Shape_Reserved_AI	Doodles	48
2348	40849.jpg	Shape_Reserved_AI	Doodles	49
2349	40850.jpg	Shape_Reserved_AI	Doodles	50
2350	40851.jpg	Shape_Reserved_AI	Doodles	51
2351	40852.jpg	Shape_Reserved_AI	Doodles	52
2352	40853.jpg	Shape_Reserved_AI	Doodles	53
2353	40854.jpg	Shape_Reserved_AI	Doodles	54
2354	40855.jpg	Shape_Reserved_AI	Doodles	55
2355	40856.jpg	Shape_Reserved_AI	Doodles	56
2356	40857.jpg	Shape_Reserved_AI	Doodles	57
2357	40858.jpg	Shape_Reserved_AI	Doodles	58
2358	40859.jpg	Shape_Reserved_AI	Doodles	59
2359	40860.jpg	Shape_Reserved_AI	Doodles	60
2360	40861.jpg	Shape_Reserved_AI	Doodles	61
2361	40862.jpg	Shape_Reserved_AI	Doodles	62
2362	40863.jpg	Shape_Reserved_AI	Doodles	63
2363	40864.jpg	Shape_Reserved_AI	Doodles	64
2364	40865.jpg	Shape_Reserved_AI	Doodles	65
2365	40866.jpg	Shape_Reserved_AI	Doodles	66
2366	40867.jpg	Shape_Reserved_AI	Doodles	67
2367	40868.jpg	Shape_Reserved_AI	Doodles	68
2368	40869.jpg	Shape_Reserved_AI	Doodles	69
2369	40870.jpg	Shape_Reserved_AI	Doodles	70
2370	40871.jpg	Shape_Reserved_AI	Doodles	71
2371	40872.jpg	Shape_Reserved_AI	Doodles	72
2372	40873.jpg	Shape_Reserved_AI	Doodles	73
2373	40874.jpg	Shape_Reserved_AI	Doodles	74
2374	40875.jpg	Shape_Reserved_AI	Doodles	75
2375	40876.jpg	Shape_Reserved_AI	Doodles	76
2376	40877.jpg	Shape_Reserved_AI	Doodles	77
2377	40878.jpg	Shape_Reserved_AI	Doodles	78
2378	40879.jpg	Shape_Reserved_AI	Doodles	79
2379	40880.jpg	Shape_Reserved_AI	Doodles	80
2380	40881.jpg	Shape_Reserved_AI	Doodles	81
2381	40882.jpg	Shape_Reserved_AI	Doodles	82
2382	40883.jpg	Shape_Reserved_AI	Doodles	83
2383	40884.jpg	Shape_Reserved_AI	Doodles	84
2384	40885.jpg	Shape_Reserved_AI	Doodles	85
2385	40886.jpg	Shape_Reserved_AI	Doodles	86
2386	40887.jpg	Shape_Reserved_AI	Doodles	87
2387	40888.jpg	Shape_Reserved_AI	Doodles	88
2388	40889.jpg	Shape_Reserved_AI	Doodles	89
2389	40890.jpg	Shape_Reserved_AI	Doodles	90
2390	40891.jpg	Shape_Reserved_AI	Doodles	91
2391	40892.jpg	Shape_Reserved_AI	Doodles	92
2392	40893.jpg	Shape_Reserved_AI	Doodles	93
2393	40894.jpg	Shape_Reserved_AI	Doodles	94
2394	40895.jpg	Shape_Reserved_AI	Doodles	95
2395	40896.jpg	Shape_Reserved_AI	Doodles	96
2396	40897.jpg	Shape_Reserved_AI	Doodles	97
2397	40898.jpg	Shape_Reserved_AI	Doodles	98
2398	40899.jpg	Shape_Reserved_AI	Doodles	99
2399	40900.jpg	Shape_Reserved_AI	Doodles	100
2400	40901.jpg	Shape_Reserved_AI	Doodles	101
2401	40902.jpg	Shape_Reserved_AI	Doodles	102
2402	40903.jpg	Shape_Reserved_AI	Doodles	103
2403	40904.jpg	Shape_Reserved_AI	Doodles	104
2404	40905.jpg	Shape_Reserved_AI	Doodles	105
2405	40906.jpg	Shape_Reserved_AI	Doodles	106
2406	40907.jpg	Shape_Reserved_AI	Doodles	107
2407	40908.jpg	Shape_Reserved_AI	Doodles	108
2408	40909.jpg	Shape_Reserved_AI	Doodles	109
2409	40910.jpg	Shape_Reserved_AI	Doodles	110
2410	40911.jpg	Shape_Reserved_AI	Doodles	111
2411	40912.jpg	Shape_Reserved_AI	Doodles	112
2412	40913.jpg	Shape_Reserved_AI	Doodles	113
2413	40914.jpg	Shape_Reserved_AI	Doodles	114
2414	40915.jpg	Shape_Reserved_AI	Doodles	115
2415	40916.jpg	Shape_Reserved_AI	Doodles	116
2416	40917.jpg	Shape_Reserved_AI	Doodles	117
2417	40918.jpg	Shape_Reserved_AI	Doodles	118
2418	40919.jpg	Shape_Reserved_AI	Doodles	119
2419	40920.jpg	Shape_Reserved_AI	Doodles	120
2420	40921.jpg	Shape_Reserved_AI	Doodles	121
2421	40922.jpg	Shape_Reserved_AI	Doodles	122
2422	40923.jpg	Shape_Reserved_AI	Doodles	123
2423	40924.jpg	Shape_Reserved_AI	Doodles	124
2424	40925.jpg	Shape_Reserved_AI	Doodles	125
2425	40926.jpg	Shape_Reserved_AI	Doodles	126
2426	40927.jpg	Shape_Reserved_AI	Doodles	127
2427	40928.jpg	Shape_Reserved_AI	Doodles	128
2428	40929.jpg	Shape_Reserved_AI	Doodles	129
2429	40930.jpg	Shape_Reserved_AI	Doodles	130
2430	40931.jpg	Shape_Reserved_AI	Doodles	131
2431	40932.jpg	Shape_Reserved_AI	Doodles	132
2432	40933.jpg	Shape_Reserved_AI	Doodles	133
2433	40934.jpg	Shape_Reserved_AI	Doodles	134
2434	40935.jpg	Shape_Reserved_AI	Doodles	135
2435	40936.jpg	Shape_Reserved_AI	Doodles	136
2436	40937.jpg	Shape_Reserved_AI	Doodles	137
2437	40938.jpg	Shape_Reserved_AI	Doodles	138
2438	40939.jpg	Shape_Reserved_AI	Doodles	139
2439	40940.jpg	Shape_Reserved_AI	Doodles	140
2440	40941.jpg	Shape_Reserved_AI	Doodles	141
2441	40942.jpg	Shape_Reserved_AI	Doodles	142
2442	40943.jpg	Shape_Reserved_AI	Doodles	143
2443	40944.jpg	Shape_Reserved_AI	Doodles	144
2444	40945.jpg	Shape_Reserved_AI	Doodles	145
2445	40946.jpg	Shape_Reserved_AI	Doodles	146
2446	40947.jpg	Shape_Reserved_AI	Doodles	147
2447	40948.jpg	Shape_Reserved_AI	Doodles	148
2448	40949.jpg	Shape_Reserved_AI	Doodles	149
2449	40950.jpg	Shape_Reserved_AI	Doodles	150
2450	40951.jpg	Shape_Reserved_AI	Doodles	151
2451	40952.jpg	Shape_Reserved_AI	Doodles	152
2452	40953.jpg	Shape_Reserved_AI	Doodles	153
2453	40954.jpg	Shape_Reserved_AI	Doodles	154
2454	40955.jpg	Shape_Reserved_AI	Doodles	155
2455	40956.jpg	Shape_Reserved_AI	Doodles	156
2456	40957.jpg	Shape_Reserved_AI	Doodles	157
2457	40958.jpg	Shape_Reserved_AI	Doodles	158
2458	40959.jpg	Shape_Reserved_AI	Doodles	159
2459	40960.jpg	Shape_Reserved_AI	Doodles	160
2460	40961.jpg	Shape_Reserved_AI	Doodles	161
2461	40962.jpg	Shape_Reserved_AI	Doodles	162
2462	40963.jpg	Shape_Reserved_AI	Doodles	163
2463	40964.jpg	Shape_Reserved_AI	Doodles	164
2464	40965.jpg	Shape_Reserved_AI	Doodles	165
2465	40966.jpg	Shape_Reserved_AI	Doodles	166
2466	40967.jpg	Shape_Reserved_AI	Doodles	167
2467	40968.jpg	Shape_Reserved_AI	Doodles	168
2468	40969.jpg	Shape_Reserved_AI	Doodles	169
2469	40970.jpg	Shape_Reserved_AI	Doodles	170
2470	40971.jpg	Shape_Reserved_AI	Doodles	171
2471	40972.jpg	Shape_Reserved_AI	Doodles	172
2472	40973.jpg	Shape_Reserved_AI	Doodles	173
2473	40974.jpg	Shape_Reserved_AI	Doodles	174
2474	40975.jpg	Shape_Reserved_AI	Doodles	175
2475	40976.jpg	Shape_Reserved_AI	Doodles	176
2476	40977.jpg	Shape_Reserved_AI	Doodles	177
2477	40978.jpg	Shape_Reserved_AI	Doodles	178
2478	40979.jpg	Shape_Reserved_AI	Doodles	179
2479	40980.jpg	Shape_Reserved_AI	Doodles	180
2480	40981.jpg	Shape_Reserved_AI	Doodles	181
2481	40982.jpg	Shape_Reserved_AI	Doodles	182
2482	40983.jpg	Shape_Reserved_AI	Doodles	183
2483	40984.jpg	Shape_Reserved_AI	Doodles	184
2484	40985.jpg	Shape_Reserved_AI	Doodles	185
2485	40986.jpg	Shape_Reserved_AI	Doodles	186
2486	40987.jpg	Shape_Reserved_AI	Doodles	187
2487	40988.jpg	Shape_Reserved_AI	Doodles	188
2488	40989.jpg	Shape_Reserved_AI	Doodles	189
2489	40990.jpg	Shape_Reserved_AI	Doodles	190
2490	40991.jpg	Shape_Reserved_AI	Doodles	191
2491	40992.jpg	Shape_Reserved_AI	Doodles	192
2492	40993.jpg	Shape_Reserved_AI	Doodles	193
2493	40994.jpg	Shape_Reserved_AI	Doodles	194
2494	40995.jpg	Shape_Reserved_AI	Doodles	195
2495	40996.jpg	Shape_Reserved_AI	Doodles	196
2496	40997.jpg	Shape_Reserved_AI	Doodles	197
2497	40998.jpg	Shape_Reserved_AI	Doodles	198
2498	40999.jpg	Shape_Reserved_AI	Doodles	199
2499	41000.jpg	Shape_Reserved_AI	Doodles	200
2500	41001.jpg	Shape_Reserved_AI	Doodles	201
2501	41002.jpg	Shape_Reserved_AI	Doodles	202
2502	41003.jpg	Shape_Reserved_AI	Doodles	203
2503	41004.jpg	Shape_Reserved_AI	Doodles	204
2504	41005.jpg	Shape_Reserved_AI	Doodles	205
2505	41006.jpg	Shape_Reserved_AI	Doodles	206
2506	41007.jpg	Shape_Reserved_AI	Doodles	207
2507	41008.jpg	Shape_Reserved_AI	Doodles	208
2508	41009.jpg	Shape_Reserved_AI	Doodles	209
2509	41010.jpg	Shape_Reserved_AI	Doodles	210
2510	41011.jpg	Shape_Reserved_AI	Doodles	211
2511	41012.jpg	Shape_Reserved_AI	Doodles	212
2512	41013.jpg	Shape_Reserved_AI	Doodles	213
2513	41014.jpg	Shape_Reserved_AI	Doodles	214
2514	41015.jpg	Shape_Reserved_AI	Doodles	215
2515	41016.jpg	Shape_Reserved_AI	Doodles	216
2516	41017.jpg	Shape_Reserved_AI	Doodles	217
2517	41018.jpg	Shape_Reserved_AI	Doodles	218
2518	41019.jpg	Shape_Reserved_AI	Doodles	219
2519	41020.jpg	Shape_Reserved_AI	Doodles	220
2520	41021.jpg	Shape_Reserved_AI	Doodles	221
2521	41022.jpg	Shape_Reserved_AI	Doodles	222
2522	41023.jpg	Shape_Reserved_AI	Doodles	223
2523	41024.jpg	Shape_Reserved_AI	Doodles	224
2524	41025.jpg	Shape_Reserved_AI	Doodles	225
2525	41026.jpg	Shape_Reserved_AI	Doodles	226
2526	41027.jpg	Shape_Reserved_AI	Doodles	227
2527	41028.jpg	Shape_Reserved_AI	Doodles	228
2528	41029.jpg	Shape_Reserved_AI	Doodles	229
2529	41030.jpg	Shape_Reserved_AI	Doodles	230
2530	41031.jpg	Shape_Reserved_AI	Doodles	231
2531	41032.jpg	Shape_Reserved_AI	Doodles	232
2532	41033.jpg	Shape_Reserved_AI	Doodles	233
2533	41034.jpg	Shape_Reserved_AI	Doodles	234
2534	41035.jpg	Shape_Reserved_AI	Doodles	235
2535	41036.jpg	Shape_Reserved_AI	Doodles	236
2536	41037.jpg	Shape_Reserved_AI	Doodles	237
2537	41038.jpg	Shape_Reserved_AI	Doodles	238
2538	41039.jpg	Shape_Reserved_AI	Doodles	239
2539	41040.jpg	Shape_Reserved_AI	Doodles	240
2540	41041.jpg	Shape_Reserved_AI	Doodles	241
2541	41042.jpg	Shape_Reserved_AI	Doodles	242
2542	41043.jpg	Shape_Reserved_AI	Doodles	243
2543	41044.jpg	Shape_Reserved_AI	Doodles	244
2544	41045.jpg	Shape_Reserved_AI	Doodles	245
2545	41046.jpg	Shape_Reserved_AI	Doodles	246
2546	41047.jpg	Shape_Reserved_AI	Doodles	247
2547	41048.jpg	Shape_Reserved_AI	Doodles	248
2548	41049.jpg	Shape_Reserved_AI	Doodles	249
2549	41050.jpg	Shape_Reserved_AI	Doodles	250
2550	41051.jpg	Shape_Reserved_AI	Doodles	251
2551	41052.jpg	Shape_Reserved_AI	Doodles	252
2552	41053.jpg	Shape_Reserved_AI	Doodles	253
2553	41054.jpg	Shape_Reserved_AI	Doodles	254
2554	41055.jpg	Shape_Reserved_AI	Doodles	255
2555	41056.jpg	Shape_Reserved_AI	Doodles	256
2556	41057.jpg	Shape_Reserved_AI	Doodles	257
2557	41058.jpg	Shape_Reserved_AI	Doodles	258
2558	41059.jpg	Shape_Reserved_AI	Doodles	259
2559	41060.jpg	Shape_Reserved_AI	Doodles	260
2560	41061.jpg	Shape_Reserved_AI	Doodles	261
2561	41062.jpg	Shape_Reserved_AI	Doodles	262
2562	41063.jpg	Shape_Reserved_AI	Doodles	263
2563	41064.jpg	Shape_Reserved_AI	Doodles	264
2564	41065.jpg	Shape_Reserved_AI	Doodles	265
2565	41066.jpg	Shape_Reserved_AI	Doodles	266
2566	41067.jpg	Shape_Reserved_AI	Doodles	267
2567	41068.jpg	Shape_Reserved_AI	Doodles	268
2568	41069.jpg	Shape_Reserved_AI	Doodles	269
2569	41070.jpg	Shape_Reserved_AI	Doodles	270
2570	41071.jpg	Shape_Reserved_AI	Doodles	271
2571	41072.jpg	Shape_Reserved_AI	Doodles	272
2572	41073.jpg	Shape_Reserved_AI	Doodles	273
2573	41074.jpg	Shape_Reserved_AI	Doodles	274
2574	41075.jpg	Shape_Reserved_AI	Doodles	275
2575	41076.jpg	Shape_Reserved_AI	Doodles	276
2576	41077.jpg	Shape_Reserved_AI	Doodles	277
2577	41078.jpg	Shape_Reserved_AI	Doodles	278
2578	41079.jpg	Shape_Reserved_AI	Doodles	279
2579	41080.jpg	Shape_Reserved_AI	Doodles	280
2580	41081.jpg	Shape_Reserved_AI	Doodles	281
2581	41082.jpg	Shape_Reserved_AI	Doodles	282
2582	41083.jpg	Shape_Reserved_AI	Doodles	283
2583	41084.jpg	Shape_Reserved_AI	Doodles	284
2584	41085.jpg	Shape_Reserved_AI	Doodles	285
2585	41086.jpg	Shape_Reserved_AI	Doodles	286
2586	41087.jpg	Shape_Reserved_AI	Doodles	287
2587	41088.jpg	Shape_Reserved_AI	Doodles	288
2588	41089.jpg	Shape_Reserved_AI	Doodles	289
2589	41090.jpg	Shape_Reserved_AI	Doodles	290
2590	41091.jpg	Shape_Reserved_AI	Doodles	291
2591	41092.jpg	Shape_Reserved_AI	Doodles	292
2592	41093.jpg	Shape_Reserved_AI	Doodles	293
2593	41094.jpg	Shape_Reserved_AI	Doodles	294
2594	41095.jpg	Shape_Reserved_AI	Doodles	295
2595	41096.jpg	Shape_Reserved_AI	Doodles	296
2596	41097.jpg	Shape_Reserved_AI	Doodles	297
2597	41098.jpg	Shape_Reserved_AI	Doodles	298
2598	41099.jpg	Shape_Reserved_AI	Doodles	299
2599	41100.jpg	Shape_Reserved_AI	Doodles	300
2600	41101.jpg	Shape_Reserved_AI	Doodles	301
2601	41102.jpg	Shape_Reserved_AI	Doodles	302
2602	41103.jpg	Shape_Reserved_AI	Doodles	303
2603	41104.jpg	Shape_Reserved_AI	Doodles	304
2604	41105.jpg	Shape_Reserved_AI	Doodles	305
2605	41106.jpg	Shape_Reserved_AI	Doodles	306
2606	41107.jpg	Shape_Reserved_AI	Doodles	307
2607	41108.jpg	Shape_Reserved_AI	Doodles	308
2608	41109.jpg	Shape_Reserved_AI	Doodles	309
2609	41110.jpg	Shape_Reserved_AI	Doodles	310
2610	41111.jpg	Shape_Reserved_AI	Doodles	311
2611	41112.jpg	Shape_Reserved_AI	Doodles	312
2612	41113.jpg	Shape_Reserved_AI	Doodles	313
2613	41114.jpg	Shape_Reserved_AI	Doodles	314
2614	41115.jpg	Shape_Reserved_AI	Doodles	315
2615	41116.jpg	Shape_Reserved_AI	Doodles	316
2616	41117.jpg	Shape_Reserved_AI	Doodles	317
2617	41118.jpg	Shape_Reserved_AI	Doodles	318
2618	41119.jpg	Shape_Reserved_AI	Doodles	319
2619	41120.jpg	Shape_Reserved_AI	Doodles	320
2620	41121.jpg	Shape_Reserved_AI	Doodles	321
2621	41122.jpg	Shape_Reserved_AI	Doodles	322
2622	41123.jpg	Shape_Reserved_AI	Doodles	323
2623	41124.jpg	Shape_Reserved_AI	Doodles	324
2624	41125.jpg	Shape_Reserved_AI	Doodles	325
2625	41126.jpg	Shape_Reserved_AI	Doodles	326
2626	41127.jpg	Shape_Reserved_AI	Doodles	327
2627	41128.jpg	Shape_Reserved_AI	Doodles	328
2628	41129.jpg	Shape_Reserved_AI	Doodles	329
2629	41130.jpg	Shape_Reserved_AI	Doodles	330
2630	41131.jpg	Shape_Reserved_AI	Doodles	331
2631	41132.jpg	Shape_Reserved_AI	Doodles	332
2632	41133.jpg	Shape_Reserved_AI	Doodles	333
2633	41134.jpg	Shape_Reserved_AI	Doodles	334
2634	41135.jpg	Shape_Reserved_AI	Doodles	335
2635	41136.jpg	Shape_Reserved_AI	Doodles	336
2636	41137.jpg	Shape_Reserved_AI	Doodles	337
2637	41138.jpg	Shape_Reserved_AI	Doodles	338
2638	41139.jpg	Shape_Reserved_AI	Doodles	339
2639	41140.jpg	Shape_Reserved_AI	Doodles	340
2640	41141.jpg	Shape_Reserved_AI	Doodles	341
2641	41142.jpg	Shape_Reserved_AI	Doodles	342
2642	41143.jpg	Shape_Reserved_AI	Doodles	343
2643	41144.jpg	Shape_Reserved_AI	Doodles	344
2644	41145.jpg	Shape_Reserved_AI	Doodles	345
2645	41146.jpg	Shape_Reserved_AI	Doodles	346
2646	41147.jpg	Shape_Reserved_AI	Doodles	347
2647	41148.jpg	Shape_Reserved_AI	Doodles	348
2648	41149.jpg	Shape_Reserved_AI	Doodles	349
2649	41150.jpg	Shape_Reserved_AI	Doodles	350
2650	41151.jpg	Shape_Reserved_AI	Doodles	351
2651	41152.jpg	Shape_Reserved_AI	Doodles	352
2652	41153.jpg	Shape_Reserved_AI	Doodles	353
2653	41154.jpg	Shape_Reserved_AI	Doodles	354
2654	41155.jpg	Shape_Reserved_AI	Doodles	355
2655	41156.jpg	Shape_Reserved_AI	Doodles	356
2656	41157.jpg	Shape_Reserved_AI	Doodles	357
2657	41158.jpg	Shape_Reserved_AI	Doodles	358
2658	41159.jpg	Shape_Reserved_AI	Doodles	359
2659	41160.jpg	Shape_Reserved_AI	Doodles	360
2660	41161.jpg	Shape_Reserved_AI	Doodles	361
2661	41162.jpg	Shape_Reserved_AI	Doodles	362
2662	41163.jpg	Shape_Reserved_AI	Doodles	363
2663	41164.jpg	Shape_Reserved_AI	Doodles	364
2664	41165.jpg	Shape_Reserved_AI	Doodles	365
2665	41166.jpg	Shape_Reserved_AI	Doodles	366
2666	41167.jpg	Shape_Reserved_AI	Doodles	367
2667	41168.jpg	Shape_Reserved_AI	Doodles	368
2668	41169.jpg	Shape_Reserved_AI	Doodles	369
2669	41170.jpg	Shape_Reserved_AI	Doodles	370
2670	41171.jpg	Shape_Reserved_AI	Doodles	371
2671	41172.jpg	Shape_Reserved_AI	Doodles	372
2672	41173.jpg	Shape_Reserved_AI	Doodles	373
2673	41174.jpg	Shape_Reserved_AI	Doodles	374
2674	41175.jpg	Shape_Reserved_AI	Doodles	375
2675	41176.jpg	Shape_Reserved_AI	Doodles	376
2676	41177.jpg	Shape_Reserved_AI	Doodles	377
2677	41178.jpg	Shape_Reserved_AI	Doodles	378
2678	41179.jpg	Shape_Reserved_AI	Doodles	379
2679	41180.jpg	Shape_Reserved_AI	Doodles	380
2680	41181.jpg	Shape_Reserved_AI	Doodles	381
2681	41182.jpg	Shape_Reserved_AI	Doodles	382
2682	41183.jpg	Shape_Reserved_AI	Doodles	383
2683	41184.jpg	Shape_Reserved_AI	Doodles	384
2684	41185.jpg	Shape_Reserved_AI	Doodles	385
2685	41186.jpg	Shape_Reserved_AI	Doodles	386
2686	41187.jpg	Shape_Reserved_AI	Doodles	387
2687	41188.jpg	Shape_Reserved_AI	Doodles	388
2688	41189.jpg	Shape_Reserved_AI	Doodles	389
2689	41190.jpg	Shape_Reserved_AI	Doodles	390
2690	41191.jpg	Shape_Reserved_AI	Doodles	391
2691	41192.jpg	Shape_Reserved_AI	Doodles	392
2692	41193.jpg	Shape_Reserved_AI	Doodles	393
2693	41194.jpg	Shape_Reserved_AI	Doodles	394
2694	41195.jpg	Shape_Reserved_AI	Doodles	395
2695	41196.jpg	Shape_Reserved_AI	Doodles	396
2696	41197.jpg	Shape_Reserved_AI	Doodles	397
2697	41198.jpg	Shape_Reserved_AI	Doodles	398
2698	41199.jpg	Shape_Reserved_AI	Doodles	399
2699	41200.jpg	Shape_Reserved_AI	Doodles	400
2700	50001.jpg	Generated_AI_Category	Doodles	1
2701	50002.jpg	Generated_AI_Category	Doodles	2
2702	50003.jpg	Generated_AI_Category	Doodles	3
2703	50004.jpg	Generated_AI_Category	Doodles	4
2704	50005.jpg	Generated_AI_Category	Doodles	5
2705	50006.jpg	Generated_AI_Category	Doodles	6
2706	50007.jpg	Generated_AI_Category	Doodles	7
2707	50008.jpg	Generated_AI_Category	Doodles	8
2708	50009.jpg	Generated_AI_Category	Doodles	9
2709	50010.jpg	Generated_AI_Category	Doodles	10
2710	50011.jpg	Generated_AI_Category	Doodles	11
2711	50012.jpg	Generated_AI_Category	Doodles	12
2712	50013.jpg	Generated_AI_Category	Doodles	13
2713	50014.jpg	Generated_AI_Category	Doodles	14
2714	50015.jpg	Generated_AI_Category	Doodles	15
2715	50016.jpg	Generated_AI_Category	Doodles	16
2716	50017.jpg	Generated_AI_Category	Doodles	17
2717	50018.jpg	Generated_AI_Category	Doodles	18
2718	50019.jpg	Generated_AI_Category	Doodles	19
2719	50020.jpg	Generated_AI_Category	Doodles	20
2720	50021.jpg	Generated_AI_Category	Doodles	21
2721	50022.jpg	Generated_AI_Category	Doodles	22
2722	50023.jpg	Generated_AI_Category	Doodles	23
2723	50024.jpg	Generated_AI_Category	Doodles	24
2724	50025.jpg	Generated_AI_Category	Doodles	25
2725	50026.jpg	Generated_AI_Category	Doodles	26
2726	50027.jpg	Generated_AI_Category	Doodles	27
2727	50028.jpg	Generated_AI_Category	Doodles	28
2728	50029.jpg	Generated_AI_Category	Doodles	29
2729	50030.jpg	Generated_AI_Category	Doodles	30
2730	50031.jpg	Generated_AI_Category	Doodles	31
2731	50032.jpg	Generated_AI_Category	Doodles	32
2732	50033.jpg	Generated_AI_Category	Doodles	33
2733	50034.jpg	Generated_AI_Category	Doodles	34
2734	50035.jpg	Generated_AI_Category	Doodles	35
2735	50036.jpg	Generated_AI_Category	Doodles	36
2736	50037.jpg	Generated_AI_Category	Doodles	37
2737	50038.jpg	Generated_AI_Category	Doodles	38
2738	50039.jpg	Generated_AI_Category	Doodles	39
2739	50040.jpg	Generated_AI_Category	Doodles	40
2740	50041.jpg	Generated_AI_Category	Doodles	41
2741	50042.jpg	Generated_AI_Category	Doodles	42
2742	50043.jpg	Generated_AI_Category	Doodles	43
2743	50044.jpg	Generated_AI_Category	Doodles	44
2744	50045.jpg	Generated_AI_Category	Doodles	45
2745	50046.jpg	Generated_AI_Category	Doodles	46
2746	50047.jpg	Generated_AI_Category	Doodles	47
2747	50048.jpg	Generated_AI_Category	Doodles	48
2748	50049.jpg	Generated_AI_Category	Doodles	49
2749	50050.jpg	Generated_AI_Category	Doodles	50
2750	50051.jpg	Generated_AI_Category	Doodles	51
2751	50052.jpg	Generated_AI_Category	Doodles	52
2752	50053.jpg	Generated_AI_Category	Doodles	53
2753	50054.jpg	Generated_AI_Category	Doodles	54
2754	50055.jpg	Generated_AI_Category	Doodles	55
2755	50056.jpg	Generated_AI_Category	Doodles	56
2756	50057.jpg	Generated_AI_Category	Doodles	57
2757	50058.jpg	Generated_AI_Category	Doodles	58
2758	50059.jpg	Generated_AI_Category	Doodles	59
2759	50060.jpg	Generated_AI_Category	Doodles	60
2760	50061.jpg	Generated_AI_Category	Doodles	61
2761	50062.jpg	Generated_AI_Category	Doodles	62
2762	50063.jpg	Generated_AI_Category	Doodles	63
2763	50064.jpg	Generated_AI_Category	Doodles	64
2764	50065.jpg	Generated_AI_Category	Doodles	65
2765	50066.jpg	Generated_AI_Category	Doodles	66
2766	50067.jpg	Generated_AI_Category	Doodles	67
2767	50068.jpg	Generated_AI_Category	Doodles	68
2768	50069.jpg	Generated_AI_Category	Doodles	69
2769	50070.jpg	Generated_AI_Category	Doodles	70
2770	50071.jpg	Generated_AI_Category	Doodles	71
2771	50072.jpg	Generated_AI_Category	Doodles	72
2772	50073.jpg	Generated_AI_Category	Doodles	73
2773	50074.jpg	Generated_AI_Category	Doodles	74
2774	50075.jpg	Generated_AI_Category	Doodles	75
2775	50076.jpg	Generated_AI_Category	Doodles	76
2776	50077.jpg	Generated_AI_Category	Doodles	77
2777	50078.jpg	Generated_AI_Category	Doodles	78
2778	50079.jpg	Generated_AI_Category	Doodles	79
2779	50080.jpg	Generated_AI_Category	Doodles	80
2780	50081.jpg	Generated_AI_Category	Doodles	81
2781	50082.jpg	Generated_AI_Category	Doodles	82
2782	50083.jpg	Generated_AI_Category	Doodles	83
2783	50084.jpg	Generated_AI_Category	Doodles	84
2784	50085.jpg	Generated_AI_Category	Doodles	85
2785	50086.jpg	Generated_AI_Category	Doodles	86
2786	50087.jpg	Generated_AI_Category	Doodles	87
2787	50088.jpg	Generated_AI_Category	Doodles	88
2788	50089.jpg	Generated_AI_Category	Doodles	89
2789	50090.jpg	Generated_AI_Category	Doodles	90
2790	50091.jpg	Generated_AI_Category	Doodles	91
2791	50092.jpg	Generated_AI_Category	Doodles	92
2792	50093.jpg	Generated_AI_Category	Doodles	93
2793	50094.jpg	Generated_AI_Category	Doodles	94
2794	50095.jpg	Generated_AI_Category	Doodles	95
2795	50096.jpg	Generated_AI_Category	Doodles	96
2796	50097.jpg	Generated_AI_Category	Doodles	97
2797	50098.jpg	Generated_AI_Category	Doodles	98
2798	50099.jpg	Generated_AI_Category	Doodles	99
2799	50100.jpg	Generated_AI_Category	Doodles	100
2800	50101.jpg	Generated_AI_Category	Doodles	101
2801	50102.jpg	Generated_AI_Category	Doodles	102
2802	50103.jpg	Generated_AI_Category	Doodles	103
2803	50104.jpg	Generated_AI_Category	Doodles	104
2804	50105.jpg	Generated_AI_Category	Doodles	105
2805	50106.jpg	Generated_AI_Category	Doodles	106
2806	50107.jpg	Generated_AI_Category	Doodles	107
2807	50108.jpg	Generated_AI_Category	Doodles	108
2808	50109.jpg	Generated_AI_Category	Doodles	109
2809	50110.jpg	Generated_AI_Category	Doodles	110
2810	50111.jpg	Generated_AI_Category	Doodles	111
2811	50112.jpg	Generated_AI_Category	Doodles	112
2812	50113.jpg	Generated_AI_Category	Doodles	113
2813	50114.jpg	Generated_AI_Category	Doodles	114
2814	50115.jpg	Generated_AI_Category	Doodles	115
2815	50116.jpg	Generated_AI_Category	Doodles	116
2816	50117.jpg	Generated_AI_Category	Doodles	117
2817	50118.jpg	Generated_AI_Category	Doodles	118
2818	50119.jpg	Generated_AI_Category	Doodles	119
2819	50120.jpg	Generated_AI_Category	Doodles	120
2820	50121.jpg	Generated_AI_Category	Doodles	121
2821	50122.jpg	Generated_AI_Category	Doodles	122
2822	50123.jpg	Generated_AI_Category	Doodles	123
2823	50124.jpg	Generated_AI_Category	Doodles	124
2824	50125.jpg	Generated_AI_Category	Doodles	125
2825	50126.jpg	Generated_AI_Category	Doodles	126
2826	50127.jpg	Generated_AI_Category	Doodles	127
2827	50128.jpg	Generated_AI_Category	Doodles	128
2828	50129.jpg	Generated_AI_Category	Doodles	129
2829	50130.jpg	Generated_AI_Category	Doodles	130
2830	50131.jpg	Generated_AI_Category	Doodles	131
2831	50132.jpg	Generated_AI_Category	Doodles	132
2832	50133.jpg	Generated_AI_Category	Doodles	133
2833	50134.jpg	Generated_AI_Category	Doodles	134
2834	50135.jpg	Generated_AI_Category	Doodles	135
2835	50136.jpg	Generated_AI_Category	Doodles	136
2836	50137.jpg	Generated_AI_Category	Doodles	137
2837	50138.jpg	Generated_AI_Category	Doodles	138
2838	50139.jpg	Generated_AI_Category	Doodles	139
2839	50140.jpg	Generated_AI_Category	Doodles	140
2840	50141.jpg	Generated_AI_Category	Doodles	141
2841	50142.jpg	Generated_AI_Category	Doodles	142
2842	50143.jpg	Generated_AI_Category	Doodles	143
2843	50144.jpg	Generated_AI_Category	Doodles	144
2844	50145.jpg	Generated_AI_Category	Doodles	145
2845	50146.jpg	Generated_AI_Category	Doodles	146
2846	50147.jpg	Generated_AI_Category	Doodles	147
2847	50148.jpg	Generated_AI_Category	Doodles	148
2848	50149.jpg	Generated_AI_Category	Doodles	149
2849	50150.jpg	Generated_AI_Category	Doodles	150
2850	50151.jpg	Generated_AI_Category	Doodles	151
2851	50152.jpg	Generated_AI_Category	Doodles	152
2852	50153.jpg	Generated_AI_Category	Doodles	153
2853	50154.jpg	Generated_AI_Category	Doodles	154
2854	50155.jpg	Generated_AI_Category	Doodles	155
2855	50156.jpg	Generated_AI_Category	Doodles	156
2856	50157.jpg	Generated_AI_Category	Doodles	157
2857	50158.jpg	Generated_AI_Category	Doodles	158
2858	50159.jpg	Generated_AI_Category	Doodles	159
2859	50160.jpg	Generated_AI_Category	Doodles	160
2860	50161.jpg	Generated_AI_Category	Doodles	161
2861	50162.jpg	Generated_AI_Category	Doodles	162
2862	50163.jpg	Generated_AI_Category	Doodles	163
2863	50164.jpg	Generated_AI_Category	Doodles	164
2864	50165.jpg	Generated_AI_Category	Doodles	165
2865	50166.jpg	Generated_AI_Category	Doodles	166
2866	50167.jpg	Generated_AI_Category	Doodles	167
2867	50168.jpg	Generated_AI_Category	Doodles	168
2868	50169.jpg	Generated_AI_Category	Doodles	169
2869	50170.jpg	Generated_AI_Category	Doodles	170
2870	50171.jpg	Generated_AI_Category	Doodles	171
2871	50172.jpg	Generated_AI_Category	Doodles	172
2872	50173.jpg	Generated_AI_Category	Doodles	173
2873	50174.jpg	Generated_AI_Category	Doodles	174
2874	50175.jpg	Generated_AI_Category	Doodles	175
2875	50176.jpg	Generated_AI_Category	Doodles	176
2876	50177.jpg	Generated_AI_Category	Doodles	177
2877	50178.jpg	Generated_AI_Category	Doodles	178
2878	50179.jpg	Generated_AI_Category	Doodles	179
2879	50180.jpg	Generated_AI_Category	Doodles	180
2880	50181.jpg	Generated_AI_Category	Doodles	181
2881	50182.jpg	Generated_AI_Category	Doodles	182
2882	50183.jpg	Generated_AI_Category	Doodles	183
2883	50184.jpg	Generated_AI_Category	Doodles	184
2884	50185.jpg	Generated_AI_Category	Doodles	185
2885	50186.jpg	Generated_AI_Category	Doodles	186
2886	50187.jpg	Generated_AI_Category	Doodles	187
2887	50188.jpg	Generated_AI_Category	Doodles	188
2888	50189.jpg	Generated_AI_Category	Doodles	189
2889	50190.jpg	Generated_AI_Category	Doodles	190
2890	50191.jpg	Generated_AI_Category	Doodles	191
2891	50192.jpg	Generated_AI_Category	Doodles	192
2892	50193.jpg	Generated_AI_Category	Doodles	193
2893	50194.jpg	Generated_AI_Category	Doodles	194
2894	50195.jpg	Generated_AI_Category	Doodles	195
2895	50196.jpg	Generated_AI_Category	Doodles	196
2896	50197.jpg	Generated_AI_Category	Doodles	197
2897	50198.jpg	Generated_AI_Category	Doodles	198
2898	50199.jpg	Generated_AI_Category	Doodles	199
2899	50200.jpg	Generated_AI_Category	Doodles	200
2900	50201.jpg	Generated_AI_Category	Doodles	201
2901	50202.jpg	Generated_AI_Category	Doodles	202
2902	50203.jpg	Generated_AI_Category	Doodles	203
2903	50204.jpg	Generated_AI_Category	Doodles	204
2904	50205.jpg	Generated_AI_Category	Doodles	205
2905	50206.jpg	Generated_AI_Category	Doodles	206
2906	50207.jpg	Generated_AI_Category	Doodles	207
2907	50208.jpg	Generated_AI_Category	Doodles	208
2908	50209.jpg	Generated_AI_Category	Doodles	209
2909	50210.jpg	Generated_AI_Category	Doodles	210
2910	50211.jpg	Generated_AI_Category	Doodles	211
2911	50212.jpg	Generated_AI_Category	Doodles	212
2912	50213.jpg	Generated_AI_Category	Doodles	213
2913	50214.jpg	Generated_AI_Category	Doodles	214
2914	50215.jpg	Generated_AI_Category	Doodles	215
2915	50216.jpg	Generated_AI_Category	Doodles	216
2916	50217.jpg	Generated_AI_Category	Doodles	217
2917	50218.jpg	Generated_AI_Category	Doodles	218
2918	50219.jpg	Generated_AI_Category	Doodles	219
2919	50220.jpg	Generated_AI_Category	Doodles	220
2920	50221.jpg	Generated_AI_Category	Doodles	221
2921	50222.jpg	Generated_AI_Category	Doodles	222
2922	50223.jpg	Generated_AI_Category	Doodles	223
2923	50224.jpg	Generated_AI_Category	Doodles	224
2924	50225.jpg	Generated_AI_Category	Doodles	225
2925	50226.jpg	Generated_AI_Category	Doodles	226
2926	50227.jpg	Generated_AI_Category	Doodles	227
2927	50228.jpg	Generated_AI_Category	Doodles	228
2928	50229.jpg	Generated_AI_Category	Doodles	229
2929	50230.jpg	Generated_AI_Category	Doodles	230
2930	50231.jpg	Generated_AI_Category	Doodles	231
2931	50232.jpg	Generated_AI_Category	Doodles	232
2932	50233.jpg	Generated_AI_Category	Doodles	233
2933	50234.jpg	Generated_AI_Category	Doodles	234
2934	50235.jpg	Generated_AI_Category	Doodles	235
2935	50236.jpg	Generated_AI_Category	Doodles	236
2936	50237.jpg	Generated_AI_Category	Doodles	237
2937	50238.jpg	Generated_AI_Category	Doodles	238
2938	50239.jpg	Generated_AI_Category	Doodles	239
2939	50240.jpg	Generated_AI_Category	Doodles	240
2940	50241.jpg	Generated_AI_Category	Doodles	241
2941	50242.jpg	Generated_AI_Category	Doodles	242
2942	50243.jpg	Generated_AI_Category	Doodles	243
2943	50244.jpg	Generated_AI_Category	Doodles	244
2944	50245.jpg	Generated_AI_Category	Doodles	245
2945	50246.jpg	Generated_AI_Category	Doodles	246
2946	50247.jpg	Generated_AI_Category	Doodles	247
2947	50248.jpg	Generated_AI_Category	Doodles	248
2948	50249.jpg	Generated_AI_Category	Doodles	249
2949	50250.jpg	Generated_AI_Category	Doodles	250
2950	50251.jpg	Generated_AI_Category	Doodles	251
2951	50252.jpg	Generated_AI_Category	Doodles	252
2952	50253.jpg	Generated_AI_Category	Doodles	253
2953	50254.jpg	Generated_AI_Category	Doodles	254
2954	50255.jpg	Generated_AI_Category	Doodles	255
2955	50256.jpg	Generated_AI_Category	Doodles	256
2956	50257.jpg	Generated_AI_Category	Doodles	257
2957	50258.jpg	Generated_AI_Category	Doodles	258
2958	50259.jpg	Generated_AI_Category	Doodles	259
2959	50260.jpg	Generated_AI_Category	Doodles	260
2960	50261.jpg	Generated_AI_Category	Doodles	261
2961	50262.jpg	Generated_AI_Category	Doodles	262
2962	50263.jpg	Generated_AI_Category	Doodles	263
2963	50264.jpg	Generated_AI_Category	Doodles	264
2964	50265.jpg	Generated_AI_Category	Doodles	265
2965	50266.jpg	Generated_AI_Category	Doodles	266
2966	50267.jpg	Generated_AI_Category	Doodles	267
2967	50268.jpg	Generated_AI_Category	Doodles	268
2968	50269.jpg	Generated_AI_Category	Doodles	269
2969	50270.jpg	Generated_AI_Category	Doodles	270
2970	50271.jpg	Generated_AI_Category	Doodles	271
2971	50272.jpg	Generated_AI_Category	Doodles	272
2972	50273.jpg	Generated_AI_Category	Doodles	273
2973	50274.jpg	Generated_AI_Category	Doodles	274
2974	50275.jpg	Generated_AI_Category	Doodles	275
2975	50276.jpg	Generated_AI_Category	Doodles	276
2976	50277.jpg	Generated_AI_Category	Doodles	277
2977	50278.jpg	Generated_AI_Category	Doodles	278
2978	50279.jpg	Generated_AI_Category	Doodles	279
2979	50280.jpg	Generated_AI_Category	Doodles	280
2980	50281.jpg	Generated_AI_Category	Doodles	281
2981	50282.jpg	Generated_AI_Category	Doodles	282
2982	50283.jpg	Generated_AI_Category	Doodles	283
2983	50284.jpg	Generated_AI_Category	Doodles	284
2984	50285.jpg	Generated_AI_Category	Doodles	285
2985	50286.jpg	Generated_AI_Category	Doodles	286
2986	50287.jpg	Generated_AI_Category	Doodles	287
2987	50288.jpg	Generated_AI_Category	Doodles	288
2988	50289.jpg	Generated_AI_Category	Doodles	289
2989	50290.jpg	Generated_AI_Category	Doodles	290
2990	50291.jpg	Generated_AI_Category	Doodles	291
2991	50292.jpg	Generated_AI_Category	Doodles	292
2992	50293.jpg	Generated_AI_Category	Doodles	293
2993	50294.jpg	Generated_AI_Category	Doodles	294
2994	50295.jpg	Generated_AI_Category	Doodles	295
2995	50296.jpg	Generated_AI_Category	Doodles	296
2996	50297.jpg	Generated_AI_Category	Doodles	297
2997	50298.jpg	Generated_AI_Category	Doodles	298
2998	50299.jpg	Generated_AI_Category	Doodles	299
2999	50300.jpg	Generated_AI_Category	Doodles	300
3000	50301.jpg	Generated_AI_Category	Doodles	301
3001	50302.jpg	Generated_AI_Category	Doodles	302
3002	50303.jpg	Generated_AI_Category	Doodles	303
3003	50304.jpg	Generated_AI_Category	Doodles	304
3004	50305.jpg	Generated_AI_Category	Doodles	305
3005	50306.jpg	Generated_AI_Category	Doodles	306
3006	50307.jpg	Generated_AI_Category	Doodles	307
3007	50308.jpg	Generated_AI_Category	Doodles	308
3008	50309.jpg	Generated_AI_Category	Doodles	309
3009	50310.jpg	Generated_AI_Category	Doodles	310
3010	50311.jpg	Generated_AI_Category	Doodles	311
3011	50312.jpg	Generated_AI_Category	Doodles	312
3012	50313.jpg	Generated_AI_Category	Doodles	313
3013	50314.jpg	Generated_AI_Category	Doodles	314
3014	50315.jpg	Generated_AI_Category	Doodles	315
3015	50316.jpg	Generated_AI_Category	Doodles	316
3016	50317.jpg	Generated_AI_Category	Doodles	317
3017	50318.jpg	Generated_AI_Category	Doodles	318
3018	50319.jpg	Generated_AI_Category	Doodles	319
3019	50320.jpg	Generated_AI_Category	Doodles	320
3020	50321.jpg	Generated_AI_Category	Doodles	321
3021	50322.jpg	Generated_AI_Category	Doodles	322
3022	50323.jpg	Generated_AI_Category	Doodles	323
3023	50324.jpg	Generated_AI_Category	Doodles	324
3024	50325.jpg	Generated_AI_Category	Doodles	325
3025	50326.jpg	Generated_AI_Category	Doodles	326
3026	50327.jpg	Generated_AI_Category	Doodles	327
3027	50328.jpg	Generated_AI_Category	Doodles	328
3028	50329.jpg	Generated_AI_Category	Doodles	329
3029	50330.jpg	Generated_AI_Category	Doodles	330
3030	50331.jpg	Generated_AI_Category	Doodles	331
3031	50332.jpg	Generated_AI_Category	Doodles	332
3032	50333.jpg	Generated_AI_Category	Doodles	333
3033	50334.jpg	Generated_AI_Category	Doodles	334
3034	50335.jpg	Generated_AI_Category	Doodles	335
3035	50336.jpg	Generated_AI_Category	Doodles	336
3036	50337.jpg	Generated_AI_Category	Doodles	337
3037	50338.jpg	Generated_AI_Category	Doodles	338
3038	50339.jpg	Generated_AI_Category	Doodles	339
3039	50340.jpg	Generated_AI_Category	Doodles	340
3040	50341.jpg	Generated_AI_Category	Doodles	341
3041	50342.jpg	Generated_AI_Category	Doodles	342
3042	50343.jpg	Generated_AI_Category	Doodles	343
3043	50344.jpg	Generated_AI_Category	Doodles	344
3044	50345.jpg	Generated_AI_Category	Doodles	345
3045	50346.jpg	Generated_AI_Category	Doodles	346
3046	50347.jpg	Generated_AI_Category	Doodles	347
3047	50348.jpg	Generated_AI_Category	Doodles	348
3048	50349.jpg	Generated_AI_Category	Doodles	349
3049	50350.jpg	Generated_AI_Category	Doodles	350
3050	50351.jpg	Generated_AI_Category	Doodles	351
3051	50352.jpg	Generated_AI_Category	Doodles	352
3052	50353.jpg	Generated_AI_Category	Doodles	353
3053	50354.jpg	Generated_AI_Category	Doodles	354
3054	50355.jpg	Generated_AI_Category	Doodles	355
3055	50356.jpg	Generated_AI_Category	Doodles	356
3056	50357.jpg	Generated_AI_Category	Doodles	357
3057	50358.jpg	Generated_AI_Category	Doodles	358
3058	50359.jpg	Generated_AI_Category	Doodles	359
3059	50360.jpg	Generated_AI_Category	Doodles	360
3060	50361.jpg	Generated_AI_Category	Doodles	361
3061	50362.jpg	Generated_AI_Category	Doodles	362
3062	50363.jpg	Generated_AI_Category	Doodles	363
3063	50364.jpg	Generated_AI_Category	Doodles	364
3064	50365.jpg	Generated_AI_Category	Doodles	365
3065	50366.jpg	Generated_AI_Category	Doodles	366
3066	50367.jpg	Generated_AI_Category	Doodles	367
3067	50368.jpg	Generated_AI_Category	Doodles	368
3068	50369.jpg	Generated_AI_Category	Doodles	369
3069	50370.jpg	Generated_AI_Category	Doodles	370
3070	50371.jpg	Generated_AI_Category	Doodles	371
3071	50372.jpg	Generated_AI_Category	Doodles	372
3072	50373.jpg	Generated_AI_Category	Doodles	373
3073	50374.jpg	Generated_AI_Category	Doodles	374
3074	50375.jpg	Generated_AI_Category	Doodles	375
3075	50376.jpg	Generated_AI_Category	Doodles	376
3076	50377.jpg	Generated_AI_Category	Doodles	377
3077	50378.jpg	Generated_AI_Category	Doodles	378
3078	50379.jpg	Generated_AI_Category	Doodles	379
3079	50380.jpg	Generated_AI_Category	Doodles	380
3080	50381.jpg	Generated_AI_Category	Doodles	381
3081	50382.jpg	Generated_AI_Category	Doodles	382
3082	50383.jpg	Generated_AI_Category	Doodles	383
3083	50384.jpg	Generated_AI_Category	Doodles	384
3084	50385.jpg	Generated_AI_Category	Doodles	385
3085	50386.jpg	Generated_AI_Category	Doodles	386
3086	50387.jpg	Generated_AI_Category	Doodles	387
3087	50388.jpg	Generated_AI_Category	Doodles	388
3088	50389.jpg	Generated_AI_Category	Doodles	389
3089	50390.jpg	Generated_AI_Category	Doodles	390
3090	50391.jpg	Generated_AI_Category	Doodles	391
3091	50392.jpg	Generated_AI_Category	Doodles	392
3092	50393.jpg	Generated_AI_Category	Doodles	393
3093	50394.jpg	Generated_AI_Category	Doodles	394
3094	50395.jpg	Generated_AI_Category	Doodles	395
3095	50396.jpg	Generated_AI_Category	Doodles	396
3096	50397.jpg	Generated_AI_Category	Doodles	397
3097	50398.jpg	Generated_AI_Category	Doodles	398
3098	50399.jpg	Generated_AI_Category	Doodles	399
3099	50400.jpg	Generated_AI_Category	Doodles	400
3100	50401.jpg	Generated_AI_Category	Doodles	1
3101	50402.jpg	Generated_AI_Category	Doodles	2
3102	50403.jpg	Generated_AI_Category	Doodles	3
3103	50404.jpg	Generated_AI_Category	Doodles	4
3104	50405.jpg	Generated_AI_Category	Doodles	5
3105	50406.jpg	Generated_AI_Category	Doodles	6
3106	50407.jpg	Generated_AI_Category	Doodles	7
3107	50408.jpg	Generated_AI_Category	Doodles	8
3108	50409.jpg	Generated_AI_Category	Doodles	9
3109	50410.jpg	Generated_AI_Category	Doodles	10
3110	50411.jpg	Generated_AI_Category	Doodles	11
3111	50412.jpg	Generated_AI_Category	Doodles	12
3112	50413.jpg	Generated_AI_Category	Doodles	13
3113	50414.jpg	Generated_AI_Category	Doodles	14
3114	50415.jpg	Generated_AI_Category	Doodles	15
3115	50416.jpg	Generated_AI_Category	Doodles	16
3116	50417.jpg	Generated_AI_Category	Doodles	17
3117	50418.jpg	Generated_AI_Category	Doodles	18
3118	50419.jpg	Generated_AI_Category	Doodles	19
3119	50420.jpg	Generated_AI_Category	Doodles	20
3120	50421.jpg	Generated_AI_Category	Doodles	21
3121	50422.jpg	Generated_AI_Category	Doodles	22
3122	50423.jpg	Generated_AI_Category	Doodles	23
3123	50424.jpg	Generated_AI_Category	Doodles	24
3124	50425.jpg	Generated_AI_Category	Doodles	25
3125	50426.jpg	Generated_AI_Category	Doodles	26
3126	50427.jpg	Generated_AI_Category	Doodles	27
3127	50428.jpg	Generated_AI_Category	Doodles	28
3128	50429.jpg	Generated_AI_Category	Doodles	29
3129	50430.jpg	Generated_AI_Category	Doodles	30
3130	50431.jpg	Generated_AI_Category	Doodles	31
3131	50432.jpg	Generated_AI_Category	Doodles	32
3132	50433.jpg	Generated_AI_Category	Doodles	33
3133	50434.jpg	Generated_AI_Category	Doodles	34
3134	50435.jpg	Generated_AI_Category	Doodles	35
3135	50436.jpg	Generated_AI_Category	Doodles	36
3136	50437.jpg	Generated_AI_Category	Doodles	37
3137	50438.jpg	Generated_AI_Category	Doodles	38
3138	50439.jpg	Generated_AI_Category	Doodles	39
3139	50440.jpg	Generated_AI_Category	Doodles	40
3140	50441.jpg	Generated_AI_Category	Doodles	41
3141	50442.jpg	Generated_AI_Category	Doodles	42
3142	50443.jpg	Generated_AI_Category	Doodles	43
3143	50444.jpg	Generated_AI_Category	Doodles	44
3144	50445.jpg	Generated_AI_Category	Doodles	45
3145	50446.jpg	Generated_AI_Category	Doodles	46
3146	50447.jpg	Generated_AI_Category	Doodles	47
3147	50448.jpg	Generated_AI_Category	Doodles	48
3148	50449.jpg	Generated_AI_Category	Doodles	49
3149	50450.jpg	Generated_AI_Category	Doodles	50
3150	50451.jpg	Generated_AI_Category	Doodles	51
3151	50452.jpg	Generated_AI_Category	Doodles	52
3152	50453.jpg	Generated_AI_Category	Doodles	53
3153	50454.jpg	Generated_AI_Category	Doodles	54
3154	50455.jpg	Generated_AI_Category	Doodles	55
3155	50456.jpg	Generated_AI_Category	Doodles	56
3156	50457.jpg	Generated_AI_Category	Doodles	57
3157	50458.jpg	Generated_AI_Category	Doodles	58
3158	50459.jpg	Generated_AI_Category	Doodles	59
3159	50460.jpg	Generated_AI_Category	Doodles	60
3160	50461.jpg	Generated_AI_Category	Doodles	61
3161	50462.jpg	Generated_AI_Category	Doodles	62
3162	50463.jpg	Generated_AI_Category	Doodles	63
3163	50464.jpg	Generated_AI_Category	Doodles	64
3164	50465.jpg	Generated_AI_Category	Doodles	65
3165	50466.jpg	Generated_AI_Category	Doodles	66
3166	50467.jpg	Generated_AI_Category	Doodles	67
3167	50468.jpg	Generated_AI_Category	Doodles	68
3168	50469.jpg	Generated_AI_Category	Doodles	69
3169	50470.jpg	Generated_AI_Category	Doodles	70
3170	50471.jpg	Generated_AI_Category	Doodles	71
3171	50472.jpg	Generated_AI_Category	Doodles	72
3172	50473.jpg	Generated_AI_Category	Doodles	73
3173	50474.jpg	Generated_AI_Category	Doodles	74
3174	50475.jpg	Generated_AI_Category	Doodles	75
3175	50476.jpg	Generated_AI_Category	Doodles	76
3176	50477.jpg	Generated_AI_Category	Doodles	77
3177	50478.jpg	Generated_AI_Category	Doodles	78
3178	50479.jpg	Generated_AI_Category	Doodles	79
3179	50480.jpg	Generated_AI_Category	Doodles	80
3180	50481.jpg	Generated_AI_Category	Doodles	81
3181	50482.jpg	Generated_AI_Category	Doodles	82
3182	50483.jpg	Generated_AI_Category	Doodles	83
3183	50484.jpg	Generated_AI_Category	Doodles	84
3184	50485.jpg	Generated_AI_Category	Doodles	85
3185	50486.jpg	Generated_AI_Category	Doodles	86
3186	50487.jpg	Generated_AI_Category	Doodles	87
3187	50488.jpg	Generated_AI_Category	Doodles	88
3188	50489.jpg	Generated_AI_Category	Doodles	89
3189	50490.jpg	Generated_AI_Category	Doodles	90
3190	50491.jpg	Generated_AI_Category	Doodles	91
3191	50492.jpg	Generated_AI_Category	Doodles	92
3192	50493.jpg	Generated_AI_Category	Doodles	93
3193	50494.jpg	Generated_AI_Category	Doodles	94
3194	50495.jpg	Generated_AI_Category	Doodles	95
3195	50496.jpg	Generated_AI_Category	Doodles	96
3196	50497.jpg	Generated_AI_Category	Doodles	97
3197	50498.jpg	Generated_AI_Category	Doodles	98
3198	50499.jpg	Generated_AI_Category	Doodles	99
3199	50500.jpg	Generated_AI_Category	Doodles	100
3200	50501.jpg	Generated_AI_Category	Doodles	101
3201	50502.jpg	Generated_AI_Category	Doodles	102
3202	50503.jpg	Generated_AI_Category	Doodles	103
3203	50504.jpg	Generated_AI_Category	Doodles	104
3204	50505.jpg	Generated_AI_Category	Doodles	105
3205	50506.jpg	Generated_AI_Category	Doodles	106
3206	50507.jpg	Generated_AI_Category	Doodles	107
3207	50508.jpg	Generated_AI_Category	Doodles	108
3208	50509.jpg	Generated_AI_Category	Doodles	109
3209	50510.jpg	Generated_AI_Category	Doodles	110
3210	50511.jpg	Generated_AI_Category	Doodles	111
3211	50512.jpg	Generated_AI_Category	Doodles	112
3212	50513.jpg	Generated_AI_Category	Doodles	113
3213	50514.jpg	Generated_AI_Category	Doodles	114
3214	50515.jpg	Generated_AI_Category	Doodles	115
3215	50516.jpg	Generated_AI_Category	Doodles	116
3216	50517.jpg	Generated_AI_Category	Doodles	117
3217	50518.jpg	Generated_AI_Category	Doodles	118
3218	50519.jpg	Generated_AI_Category	Doodles	119
3219	50520.jpg	Generated_AI_Category	Doodles	120
3220	50521.jpg	Generated_AI_Category	Doodles	121
3221	50522.jpg	Generated_AI_Category	Doodles	122
3222	50523.jpg	Generated_AI_Category	Doodles	123
3223	50524.jpg	Generated_AI_Category	Doodles	124
3224	50525.jpg	Generated_AI_Category	Doodles	125
3225	50526.jpg	Generated_AI_Category	Doodles	126
3226	50527.jpg	Generated_AI_Category	Doodles	127
3227	50528.jpg	Generated_AI_Category	Doodles	128
3228	50529.jpg	Generated_AI_Category	Doodles	129
3229	50530.jpg	Generated_AI_Category	Doodles	130
3230	50531.jpg	Generated_AI_Category	Doodles	131
3231	50532.jpg	Generated_AI_Category	Doodles	132
3232	50533.jpg	Generated_AI_Category	Doodles	133
3233	50534.jpg	Generated_AI_Category	Doodles	134
3234	50535.jpg	Generated_AI_Category	Doodles	135
3235	50536.jpg	Generated_AI_Category	Doodles	136
3236	50537.jpg	Generated_AI_Category	Doodles	137
3237	50538.jpg	Generated_AI_Category	Doodles	138
3238	50539.jpg	Generated_AI_Category	Doodles	139
3239	50540.jpg	Generated_AI_Category	Doodles	140
3240	50541.jpg	Generated_AI_Category	Doodles	141
3241	50542.jpg	Generated_AI_Category	Doodles	142
3242	50543.jpg	Generated_AI_Category	Doodles	143
3243	50544.jpg	Generated_AI_Category	Doodles	144
3244	50545.jpg	Generated_AI_Category	Doodles	145
3245	50546.jpg	Generated_AI_Category	Doodles	146
3246	50547.jpg	Generated_AI_Category	Doodles	147
3247	50548.jpg	Generated_AI_Category	Doodles	148
3248	50549.jpg	Generated_AI_Category	Doodles	149
3249	50550.jpg	Generated_AI_Category	Doodles	150
3250	50551.jpg	Generated_AI_Category	Doodles	151
3251	50552.jpg	Generated_AI_Category	Doodles	152
3252	50553.jpg	Generated_AI_Category	Doodles	153
3253	50554.jpg	Generated_AI_Category	Doodles	154
3254	50555.jpg	Generated_AI_Category	Doodles	155
3255	50556.jpg	Generated_AI_Category	Doodles	156
3256	50557.jpg	Generated_AI_Category	Doodles	157
3257	50558.jpg	Generated_AI_Category	Doodles	158
3258	50559.jpg	Generated_AI_Category	Doodles	159
3259	50560.jpg	Generated_AI_Category	Doodles	160
3260	50561.jpg	Generated_AI_Category	Doodles	161
3261	50562.jpg	Generated_AI_Category	Doodles	162
3262	50563.jpg	Generated_AI_Category	Doodles	163
3263	50564.jpg	Generated_AI_Category	Doodles	164
3264	50565.jpg	Generated_AI_Category	Doodles	165
3265	50566.jpg	Generated_AI_Category	Doodles	166
3266	50567.jpg	Generated_AI_Category	Doodles	167
3267	50568.jpg	Generated_AI_Category	Doodles	168
3268	50569.jpg	Generated_AI_Category	Doodles	169
3269	50570.jpg	Generated_AI_Category	Doodles	170
3270	50571.jpg	Generated_AI_Category	Doodles	171
3271	50572.jpg	Generated_AI_Category	Doodles	172
3272	50573.jpg	Generated_AI_Category	Doodles	173
3273	50574.jpg	Generated_AI_Category	Doodles	174
3274	50575.jpg	Generated_AI_Category	Doodles	175
3275	50576.jpg	Generated_AI_Category	Doodles	176
3276	50577.jpg	Generated_AI_Category	Doodles	177
3277	50578.jpg	Generated_AI_Category	Doodles	178
3278	50579.jpg	Generated_AI_Category	Doodles	179
3279	50580.jpg	Generated_AI_Category	Doodles	180
3280	50581.jpg	Generated_AI_Category	Doodles	181
3281	50582.jpg	Generated_AI_Category	Doodles	182
3282	50583.jpg	Generated_AI_Category	Doodles	183
3283	50584.jpg	Generated_AI_Category	Doodles	184
3284	50585.jpg	Generated_AI_Category	Doodles	185
3285	50586.jpg	Generated_AI_Category	Doodles	186
3286	50587.jpg	Generated_AI_Category	Doodles	187
3287	50588.jpg	Generated_AI_Category	Doodles	188
3288	50589.jpg	Generated_AI_Category	Doodles	189
3289	50590.jpg	Generated_AI_Category	Doodles	190
3290	50591.jpg	Generated_AI_Category	Doodles	191
3291	50592.jpg	Generated_AI_Category	Doodles	192
3292	50593.jpg	Generated_AI_Category	Doodles	193
3293	50594.jpg	Generated_AI_Category	Doodles	194
3294	50595.jpg	Generated_AI_Category	Doodles	195
3295	50596.jpg	Generated_AI_Category	Doodles	196
3296	50597.jpg	Generated_AI_Category	Doodles	197
3297	50598.jpg	Generated_AI_Category	Doodles	198
3298	50599.jpg	Generated_AI_Category	Doodles	199
3299	50600.jpg	Generated_AI_Category	Doodles	200
3300	50601.jpg	Generated_AI_Category	Doodles	201
3301	50602.jpg	Generated_AI_Category	Doodles	202
3302	50603.jpg	Generated_AI_Category	Doodles	203
3303	50604.jpg	Generated_AI_Category	Doodles	204
3304	50605.jpg	Generated_AI_Category	Doodles	205
3305	50606.jpg	Generated_AI_Category	Doodles	206
3306	50607.jpg	Generated_AI_Category	Doodles	207
3307	50608.jpg	Generated_AI_Category	Doodles	208
3308	50609.jpg	Generated_AI_Category	Doodles	209
3309	50610.jpg	Generated_AI_Category	Doodles	210
3310	50611.jpg	Generated_AI_Category	Doodles	211
3311	50612.jpg	Generated_AI_Category	Doodles	212
3312	50613.jpg	Generated_AI_Category	Doodles	213
3313	50614.jpg	Generated_AI_Category	Doodles	214
3314	50615.jpg	Generated_AI_Category	Doodles	215
3315	50616.jpg	Generated_AI_Category	Doodles	216
3316	50617.jpg	Generated_AI_Category	Doodles	217
3317	50618.jpg	Generated_AI_Category	Doodles	218
3318	50619.jpg	Generated_AI_Category	Doodles	219
3319	50620.jpg	Generated_AI_Category	Doodles	220
3320	50621.jpg	Generated_AI_Category	Doodles	221
3321	50622.jpg	Generated_AI_Category	Doodles	222
3322	50623.jpg	Generated_AI_Category	Doodles	223
3323	50624.jpg	Generated_AI_Category	Doodles	224
3324	50625.jpg	Generated_AI_Category	Doodles	225
3325	50626.jpg	Generated_AI_Category	Doodles	226
3326	50627.jpg	Generated_AI_Category	Doodles	227
3327	50628.jpg	Generated_AI_Category	Doodles	228
3328	50629.jpg	Generated_AI_Category	Doodles	229
3329	50630.jpg	Generated_AI_Category	Doodles	230
3330	50631.jpg	Generated_AI_Category	Doodles	231
3331	50632.jpg	Generated_AI_Category	Doodles	232
3332	50633.jpg	Generated_AI_Category	Doodles	233
3333	50634.jpg	Generated_AI_Category	Doodles	234
3334	50635.jpg	Generated_AI_Category	Doodles	235
3335	50636.jpg	Generated_AI_Category	Doodles	236
3336	50637.jpg	Generated_AI_Category	Doodles	237
3337	50638.jpg	Generated_AI_Category	Doodles	238
3338	50639.jpg	Generated_AI_Category	Doodles	239
3339	50640.jpg	Generated_AI_Category	Doodles	240
3340	50641.jpg	Generated_AI_Category	Doodles	241
3341	50642.jpg	Generated_AI_Category	Doodles	242
3342	50643.jpg	Generated_AI_Category	Doodles	243
3343	50644.jpg	Generated_AI_Category	Doodles	244
3344	50645.jpg	Generated_AI_Category	Doodles	245
3345	50646.jpg	Generated_AI_Category	Doodles	246
3346	50647.jpg	Generated_AI_Category	Doodles	247
3347	50648.jpg	Generated_AI_Category	Doodles	248
3348	50649.jpg	Generated_AI_Category	Doodles	249
3349	50650.jpg	Generated_AI_Category	Doodles	250
3350	50651.jpg	Generated_AI_Category	Doodles	251
3351	50652.jpg	Generated_AI_Category	Doodles	252
3352	50653.jpg	Generated_AI_Category	Doodles	253
3353	50654.jpg	Generated_AI_Category	Doodles	254
3354	50655.jpg	Generated_AI_Category	Doodles	255
3355	50656.jpg	Generated_AI_Category	Doodles	256
3356	50657.jpg	Generated_AI_Category	Doodles	257
3357	50658.jpg	Generated_AI_Category	Doodles	258
3358	50659.jpg	Generated_AI_Category	Doodles	259
3359	50660.jpg	Generated_AI_Category	Doodles	260
3360	50661.jpg	Generated_AI_Category	Doodles	261
3361	50662.jpg	Generated_AI_Category	Doodles	262
3362	50663.jpg	Generated_AI_Category	Doodles	263
3363	50664.jpg	Generated_AI_Category	Doodles	264
3364	50665.jpg	Generated_AI_Category	Doodles	265
3365	50666.jpg	Generated_AI_Category	Doodles	266
3366	50667.jpg	Generated_AI_Category	Doodles	267
3367	50668.jpg	Generated_AI_Category	Doodles	268
3368	50669.jpg	Generated_AI_Category	Doodles	269
3369	50670.jpg	Generated_AI_Category	Doodles	270
3370	50671.jpg	Generated_AI_Category	Doodles	271
3371	50672.jpg	Generated_AI_Category	Doodles	272
3372	50673.jpg	Generated_AI_Category	Doodles	273
3373	50674.jpg	Generated_AI_Category	Doodles	274
3374	50675.jpg	Generated_AI_Category	Doodles	275
3375	50676.jpg	Generated_AI_Category	Doodles	276
3376	50677.jpg	Generated_AI_Category	Doodles	277
3377	50678.jpg	Generated_AI_Category	Doodles	278
3378	50679.jpg	Generated_AI_Category	Doodles	279
3379	50680.jpg	Generated_AI_Category	Doodles	280
3380	50681.jpg	Generated_AI_Category	Doodles	281
3381	50682.jpg	Generated_AI_Category	Doodles	282
3382	50683.jpg	Generated_AI_Category	Doodles	283
3383	50684.jpg	Generated_AI_Category	Doodles	284
3384	50685.jpg	Generated_AI_Category	Doodles	285
3385	50686.jpg	Generated_AI_Category	Doodles	286
3386	50687.jpg	Generated_AI_Category	Doodles	287
3387	50688.jpg	Generated_AI_Category	Doodles	288
3388	50689.jpg	Generated_AI_Category	Doodles	289
3389	50690.jpg	Generated_AI_Category	Doodles	290
3390	50691.jpg	Generated_AI_Category	Doodles	291
3391	50692.jpg	Generated_AI_Category	Doodles	292
3392	50693.jpg	Generated_AI_Category	Doodles	293
3393	50694.jpg	Generated_AI_Category	Doodles	294
3394	50695.jpg	Generated_AI_Category	Doodles	295
3395	50696.jpg	Generated_AI_Category	Doodles	296
3396	50697.jpg	Generated_AI_Category	Doodles	297
3397	50698.jpg	Generated_AI_Category	Doodles	298
3398	50699.jpg	Generated_AI_Category	Doodles	299
3399	50700.jpg	Generated_AI_Category	Doodles	300
3400	50701.jpg	Generated_AI_Category	Doodles	301
3401	50702.jpg	Generated_AI_Category	Doodles	302
3402	50703.jpg	Generated_AI_Category	Doodles	303
3403	50704.jpg	Generated_AI_Category	Doodles	304
3404	50705.jpg	Generated_AI_Category	Doodles	305
3405	50706.jpg	Generated_AI_Category	Doodles	306
3406	50707.jpg	Generated_AI_Category	Doodles	307
3407	50708.jpg	Generated_AI_Category	Doodles	308
3408	50709.jpg	Generated_AI_Category	Doodles	309
3409	50710.jpg	Generated_AI_Category	Doodles	310
3410	50711.jpg	Generated_AI_Category	Doodles	311
3411	50712.jpg	Generated_AI_Category	Doodles	312
3412	50713.jpg	Generated_AI_Category	Doodles	313
3413	50714.jpg	Generated_AI_Category	Doodles	314
3414	50715.jpg	Generated_AI_Category	Doodles	315
3415	50716.jpg	Generated_AI_Category	Doodles	316
3416	50717.jpg	Generated_AI_Category	Doodles	317
3417	50718.jpg	Generated_AI_Category	Doodles	318
3418	50719.jpg	Generated_AI_Category	Doodles	319
3419	50720.jpg	Generated_AI_Category	Doodles	320
3420	50721.jpg	Generated_AI_Category	Doodles	321
3421	50722.jpg	Generated_AI_Category	Doodles	322
3422	50723.jpg	Generated_AI_Category	Doodles	323
3423	50724.jpg	Generated_AI_Category	Doodles	324
3424	50725.jpg	Generated_AI_Category	Doodles	325
3425	50726.jpg	Generated_AI_Category	Doodles	326
3426	50727.jpg	Generated_AI_Category	Doodles	327
3427	50728.jpg	Generated_AI_Category	Doodles	328
3428	50729.jpg	Generated_AI_Category	Doodles	329
3429	50730.jpg	Generated_AI_Category	Doodles	330
3430	50731.jpg	Generated_AI_Category	Doodles	331
3431	50732.jpg	Generated_AI_Category	Doodles	332
3432	50733.jpg	Generated_AI_Category	Doodles	333
3433	50734.jpg	Generated_AI_Category	Doodles	334
3434	50735.jpg	Generated_AI_Category	Doodles	335
3435	50736.jpg	Generated_AI_Category	Doodles	336
3436	50737.jpg	Generated_AI_Category	Doodles	337
3437	50738.jpg	Generated_AI_Category	Doodles	338
3438	50739.jpg	Generated_AI_Category	Doodles	339
3439	50740.jpg	Generated_AI_Category	Doodles	340
3440	50741.jpg	Generated_AI_Category	Doodles	341
3441	50742.jpg	Generated_AI_Category	Doodles	342
3442	50743.jpg	Generated_AI_Category	Doodles	343
3443	50744.jpg	Generated_AI_Category	Doodles	344
3444	50745.jpg	Generated_AI_Category	Doodles	345
3445	50746.jpg	Generated_AI_Category	Doodles	346
3446	50747.jpg	Generated_AI_Category	Doodles	347
3447	50748.jpg	Generated_AI_Category	Doodles	348
3448	50749.jpg	Generated_AI_Category	Doodles	349
3449	50750.jpg	Generated_AI_Category	Doodles	350
3450	50751.jpg	Generated_AI_Category	Doodles	351
3451	50752.jpg	Generated_AI_Category	Doodles	352
3452	50753.jpg	Generated_AI_Category	Doodles	353
3453	50754.jpg	Generated_AI_Category	Doodles	354
3454	50755.jpg	Generated_AI_Category	Doodles	355
3455	50756.jpg	Generated_AI_Category	Doodles	356
3456	50757.jpg	Generated_AI_Category	Doodles	357
3457	50758.jpg	Generated_AI_Category	Doodles	358
3458	50759.jpg	Generated_AI_Category	Doodles	359
3459	50760.jpg	Generated_AI_Category	Doodles	360
3460	50761.jpg	Generated_AI_Category	Doodles	361
3461	50762.jpg	Generated_AI_Category	Doodles	362
3462	50763.jpg	Generated_AI_Category	Doodles	363
3463	50764.jpg	Generated_AI_Category	Doodles	364
3464	50765.jpg	Generated_AI_Category	Doodles	365
3465	50766.jpg	Generated_AI_Category	Doodles	366
3466	50767.jpg	Generated_AI_Category	Doodles	367
3467	50768.jpg	Generated_AI_Category	Doodles	368
3468	50769.jpg	Generated_AI_Category	Doodles	369
3469	50770.jpg	Generated_AI_Category	Doodles	370
3470	50771.jpg	Generated_AI_Category	Doodles	371
3471	50772.jpg	Generated_AI_Category	Doodles	372
3472	50773.jpg	Generated_AI_Category	Doodles	373
3473	50774.jpg	Generated_AI_Category	Doodles	374
3474	50775.jpg	Generated_AI_Category	Doodles	375
3475	50776.jpg	Generated_AI_Category	Doodles	376
3476	50777.jpg	Generated_AI_Category	Doodles	377
3477	50778.jpg	Generated_AI_Category	Doodles	378
3478	50779.jpg	Generated_AI_Category	Doodles	379
3479	50780.jpg	Generated_AI_Category	Doodles	380
3480	50781.jpg	Generated_AI_Category	Doodles	381
3481	50782.jpg	Generated_AI_Category	Doodles	382
3482	50783.jpg	Generated_AI_Category	Doodles	383
3483	50784.jpg	Generated_AI_Category	Doodles	384
3484	50785.jpg	Generated_AI_Category	Doodles	385
3485	50786.jpg	Generated_AI_Category	Doodles	386
3486	50787.jpg	Generated_AI_Category	Doodles	387
3487	50788.jpg	Generated_AI_Category	Doodles	388
3488	50789.jpg	Generated_AI_Category	Doodles	389
3489	50790.jpg	Generated_AI_Category	Doodles	390
3490	50791.jpg	Generated_AI_Category	Doodles	391
3491	50792.jpg	Generated_AI_Category	Doodles	392
3492	50793.jpg	Generated_AI_Category	Doodles	393
3493	50794.jpg	Generated_AI_Category	Doodles	394
3494	50795.jpg	Generated_AI_Category	Doodles	395
3495	50796.jpg	Generated_AI_Category	Doodles	396
3496	50797.jpg	Generated_AI_Category	Doodles	397
3497	50798.jpg	Generated_AI_Category	Doodles	398
3498	50799.jpg	Generated_AI_Category	Doodles	399
3499	50800.jpg	Generated_AI_Category	Doodles	400
