	FileName	Category	Stim_Set	Object
0	00001.jpg	Face	FOB_STI150	-1
1	00002.jpg	Face	FOB_STI150	-1
2	00003.jpg	Face	FOB_STI150	-1
3	00004.jpg	Face	FOB_STI150	-1
4	00005.jpg	Face	FOB_STI150	-1
5	00006.jpg	Face	FOB_STI150	-1
6	00007.jpg	Face	FOB_STI150	-1
7	00008.jpg	Face	FOB_STI150	-1
8	00009.jpg	Face	FOB_STI150	-1
9	00010.jpg	Face	FOB_STI150	-1
10	00011.jpg	Face	FOB_STI150	-1
11	00012.jpg	Face	FOB_STI150	-1
12	00013.jpg	Face	FOB_STI150	-1
13	00014.jpg	Face	FOB_STI150	-1
14	00015.jpg	Face	FOB_STI150	-1
15	00016.jpg	Body	FOB_STI150	-1
16	00017.jpg	Body	FOB_STI150	-1
17	00018.jpg	Body	FOB_STI150	-1
18	00019.jpg	Body	FOB_STI150	-1
19	00020.jpg	Body	FOB_STI150	-1
20	00021.jpg	Body	FOB_STI150	-1
21	00022.jpg	Body	FOB_STI150	-1
22	00023.jpg	Body	FOB_STI150	-1
23	00024.jpg	Body	FOB_STI150	-1
24	00025.jpg	Body	FOB_STI150	-1
25	00026.jpg	Body	FOB_STI150	-1
26	00027.jpg	Body	FOB_STI150	-1
27	00028.jpg	Body	FOB_STI150	-1
28	00029.jpg	Body	FOB_STI150	-1
29	00030.jpg	Body	FOB_STI150	-1
30	00031.jpg	Object	FOB_STI150	-1
31	00032.jpg	Object	FOB_STI150	-1
32	00033.jpg	Object	FOB_STI150	-1
33	00034.jpg	Object	FOB_STI150	-1
34	00035.jpg	Object	FOB_STI150	-1
35	00036.jpg	Object	FOB_STI150	-1
36	00037.jpg	Object	FOB_STI150	-1
37	00038.jpg	Object	FOB_STI150	-1
38	00039.jpg	Object	FOB_STI150	-1
39	00040.jpg	Object	FOB_STI150	-1
40	00041.jpg	Object	FOB_STI150	-1
41	00042.jpg	Object	FOB_STI150	-1
42	00043.jpg	Object	FOB_STI150	-1
43	00044.jpg	Object	FOB_STI150	-1
44	00045.jpg	Object	FOB_STI150	-1
45	00046.jpg	Scene	FOB_STI150	-1
46	00047.jpg	Scene	FOB_STI150	-1
47	00048.jpg	Scene	FOB_STI150	-1
48	00049.jpg	Scene	FOB_STI150	-1
49	00050.jpg	Scene	FOB_STI150	-1
50	00051.jpg	Scene	FOB_STI150	-1
51	00052.jpg	Scene	FOB_STI150	-1
52	00053.jpg	Scene	FOB_STI150	-1
53	00054.jpg	Scene	FOB_STI150	-1
54	00055.jpg	Scene	FOB_STI150	-1
55	00056.jpg	Scene	FOB_STI150	-1
56	00057.jpg	Scene	FOB_STI150	-1
57	00058.jpg	Scene	FOB_STI150	-1
58	00059.jpg	Scene	FOB_STI150	-1
59	00060.jpg	Scene	FOB_STI150	-1
60	00061.jpg	Food	FOB_STI150	-1
61	00062.jpg	Food	FOB_STI150	-1
62	00063.jpg	Food	FOB_STI150	-1
63	00064.jpg	Food	FOB_STI150	-1
64	00065.jpg	Food	FOB_STI150	-1
65	00066.jpg	Food	FOB_STI150	-1
66	00067.jpg	Food	FOB_STI150	-1
67	00068.jpg	Food	FOB_STI150	-1
68	00069.jpg	Food	FOB_STI150	-1
69	00070.jpg	Food	FOB_STI150	-1
70	00071.jpg	Food	FOB_STI150	-1
71	00072.jpg	Food	FOB_STI150	-1
72	00073.jpg	Food	FOB_STI150	-1
73	00074.jpg	Food	FOB_STI150	-1
74	00075.jpg	Food	FOB_STI150	-1
75	00076.jpg	Face_g	FOB_STI150	-1
76	00077.jpg	Face_g	FOB_STI150	-1
77	00078.jpg	Face_g	FOB_STI150	-1
78	00079.jpg	Face_g	FOB_STI150	-1
79	00080.jpg	Face_g	FOB_STI150	-1
80	00081.jpg	Face_g	FOB_STI150	-1
81	00082.jpg	Face_g	FOB_STI150	-1
82	00083.jpg	Face_g	FOB_STI150	-1
83	00084.jpg	Face_g	FOB_STI150	-1
84	00085.jpg	Face_g	FOB_STI150	-1
85	00086.jpg	Face_g	FOB_STI150	-1
86	00087.jpg	Face_g	FOB_STI150	-1
87	00088.jpg	Face_g	FOB_STI150	-1
88	00089.jpg	Face_g	FOB_STI150	-1
89	00090.jpg	Face_g	FOB_STI150	-1
90	00091.jpg	Body_g	FOB_STI150	-1
91	00092.jpg	Body_g	FOB_STI150	-1
92	00093.jpg	Body_g	FOB_STI150	-1
93	00094.jpg	Body_g	FOB_STI150	-1
94	00095.jpg	Body_g	FOB_STI150	-1
95	00096.jpg	Body_g	FOB_STI150	-1
96	00097.jpg	Body_g	FOB_STI150	-1
97	00098.jpg	Body_g	FOB_STI150	-1
98	00099.jpg	Body_g	FOB_STI150	-1
99	00100.jpg	Body_g	FOB_STI150	-1
100	00101.jpg	Body_g	FOB_STI150	-1
101	00102.jpg	Body_g	FOB_STI150	-1
102	00103.jpg	Body_g	FOB_STI150	-1
103	00104.jpg	Body_g	FOB_STI150	-1
104	00105.jpg	Body_g	FOB_STI150	-1
105	00106.jpg	Object_g	FOB_STI150	-1
106	00107.jpg	Object_g	FOB_STI150	-1
107	00108.jpg	Object_g	FOB_STI150	-1
108	00109.jpg	Object_g	FOB_STI150	-1
109	00110.jpg	Object_g	FOB_STI150	-1
110	00111.jpg	Object_g	FOB_STI150	-1
111	00112.jpg	Object_g	FOB_STI150	-1
112	00113.jpg	Object_g	FOB_STI150	-1
113	00114.jpg	Object_g	FOB_STI150	-1
114	00115.jpg	Object_g	FOB_STI150	-1
115	00116.jpg	Object_g	FOB_STI150	-1
116	00117.jpg	Object_g	FOB_STI150	-1
117	00118.jpg	Object_g	FOB_STI150	-1
118	00119.jpg	Object_g	FOB_STI150	-1
119	00120.jpg	Object_g	FOB_STI150	-1
120	00121.jpg	Scene_g	FOB_STI150	-1
121	00122.jpg	Scene_g	FOB_STI150	-1
122	00123.jpg	Scene_g	FOB_STI150	-1
123	00124.jpg	Scene_g	FOB_STI150	-1
124	00125.jpg	Scene_g	FOB_STI150	-1
125	00126.jpg	Scene_g	FOB_STI150	-1
126	00127.jpg	Scene_g	FOB_STI150	-1
127	00128.jpg	Scene_g	FOB_STI150	-1
128	00129.jpg	Scene_g	FOB_STI150	-1
129	00130.jpg	Scene_g	FOB_STI150	-1
130	00131.jpg	Scene_g	FOB_STI150	-1
131	00132.jpg	Scene_g	FOB_STI150	-1
132	00133.jpg	Scene_g	FOB_STI150	-1
133	00134.jpg	Scene_g	FOB_STI150	-1
134	00135.jpg	Scene_g	FOB_STI150	-1
135	00136.jpg	Food_g	FOB_STI150	-1
136	00137.jpg	Food_g	FOB_STI150	-1
137	00138.jpg	Food_g	FOB_STI150	-1
138	00139.jpg	Food_g	FOB_STI150	-1
139	00140.jpg	Food_g	FOB_STI150	-1
140	00141.jpg	Food_g	FOB_STI150	-1
141	00142.jpg	Food_g	FOB_STI150	-1
142	00143.jpg	Food_g	FOB_STI150	-1
143	00144.jpg	Food_g	FOB_STI150	-1
144	00145.jpg	Food_g	FOB_STI150	-1
145	00146.jpg	Food_g	FOB_STI150	-1
146	00147.jpg	Food_g	FOB_STI150	-1
147	00148.jpg	Food_g	FOB_STI150	-1
148	00149.jpg	Food_g	FOB_STI150	-1
149	00150.jpg	Food_g	FOB_STI150	-1
150	00151.jpg	Face	FOB_STI150	-1
151	00152.jpg	Face	FOB_STI150	-1
152	00153.jpg	Face	FOB_STI150	-1
153	00154.jpg	Face	FOB_STI150	-1
154	00155.jpg	Face	FOB_STI150	-1
155	00156.jpg	Face	FOB_STI150	-1
156	00157.jpg	Face	FOB_STI150	-1
157	00158.jpg	Face	FOB_STI150	-1
158	00159.jpg	Face	FOB_STI150	-1
159	00160.jpg	Face	FOB_STI150	-1
160	00161.jpg	Face	FOB_STI150	-1
161	00162.jpg	Face	FOB_STI150	-1
162	00163.jpg	Face	FOB_STI150	-1
163	00164.jpg	Face	FOB_STI150	-1
164	00165.jpg	Face	FOB_STI150	-1
165	00166.jpg	Body	FOB_STI150	-1
166	00167.jpg	Body	FOB_STI150	-1
167	00168.jpg	Body	FOB_STI150	-1
168	00169.jpg	Body	FOB_STI150	-1
169	00170.jpg	Body	FOB_STI150	-1
170	00171.jpg	Body	FOB_STI150	-1
171	00172.jpg	Body	FOB_STI150	-1
172	00173.jpg	Body	FOB_STI150	-1
173	00174.jpg	Body	FOB_STI150	-1
174	00175.jpg	Body	FOB_STI150	-1
175	00176.jpg	Body	FOB_STI150	-1
176	00177.jpg	Body	FOB_STI150	-1
177	00178.jpg	Body	FOB_STI150	-1
178	00179.jpg	Body	FOB_STI150	-1
179	00180.jpg	Body	FOB_STI150	-1
180	00181.jpg	Object	FOB_STI150	-1
181	00182.jpg	Object	FOB_STI150	-1
182	00183.jpg	Object	FOB_STI150	-1
183	00184.jpg	Object	FOB_STI150	-1
184	00185.jpg	Object	FOB_STI150	-1
185	00186.jpg	Object	FOB_STI150	-1
186	00187.jpg	Object	FOB_STI150	-1
187	00188.jpg	Object	FOB_STI150	-1
188	00189.jpg	Object	FOB_STI150	-1
189	00190.jpg	Object	FOB_STI150	-1
190	00191.jpg	Object	FOB_STI150	-1
191	00192.jpg	Object	FOB_STI150	-1
192	00193.jpg	Object	FOB_STI150	-1
193	00194.jpg	Object	FOB_STI150	-1
194	00195.jpg	Object	FOB_STI150	-1
195	00196.jpg	Scene	FOB_STI150	-1
196	00197.jpg	Scene	FOB_STI150	-1
197	00198.jpg	Scene	FOB_STI150	-1
198	00199.jpg	Scene	FOB_STI150	-1
199	00200.jpg	Scene	FOB_STI150	-1
200	00201.jpg	Scene	FOB_STI150	-1
201	00202.jpg	Scene	FOB_STI150	-1
202	00203.jpg	Scene	FOB_STI150	-1
203	00204.jpg	Scene	FOB_STI150	-1
204	00205.jpg	Scene	FOB_STI150	-1
205	00206.jpg	Scene	FOB_STI150	-1
206	00207.jpg	Scene	FOB_STI150	-1
207	00208.jpg	Scene	FOB_STI150	-1
208	00209.jpg	Scene	FOB_STI150	-1
209	00210.jpg	Scene	FOB_STI150	-1
210	00211.jpg	Food	FOB_STI150	-1
211	00212.jpg	Food	FOB_STI150	-1
212	00213.jpg	Food	FOB_STI150	-1
213	00214.jpg	Food	FOB_STI150	-1
214	00215.jpg	Food	FOB_STI150	-1
215	00216.jpg	Food	FOB_STI150	-1
216	00217.jpg	Food	FOB_STI150	-1
217	00218.jpg	Food	FOB_STI150	-1
218	00219.jpg	Food	FOB_STI150	-1
219	00220.jpg	Food	FOB_STI150	-1
220	00221.jpg	Food	FOB_STI150	-1
221	00222.jpg	Food	FOB_STI150	-1
222	00223.jpg	Food	FOB_STI150	-1
223	00224.jpg	Food	FOB_STI150	-1
224	00225.jpg	Food	FOB_STI150	-1
225	00226.jpg	Face_g	FOB_STI150	-1
226	00227.jpg	Face_g	FOB_STI150	-1
227	00228.jpg	Face_g	FOB_STI150	-1
228	00229.jpg	Face_g	FOB_STI150	-1
229	00230.jpg	Face_g	FOB_STI150	-1
230	00231.jpg	Face_g	FOB_STI150	-1
231	00232.jpg	Face_g	FOB_STI150	-1
232	00233.jpg	Face_g	FOB_STI150	-1
233	00234.jpg	Face_g	FOB_STI150	-1
234	00235.jpg	Face_g	FOB_STI150	-1
235	00236.jpg	Face_g	FOB_STI150	-1
236	00237.jpg	Face_g	FOB_STI150	-1
237	00238.jpg	Face_g	FOB_STI150	-1
238	00239.jpg	Face_g	FOB_STI150	-1
239	00240.jpg	Face_g	FOB_STI150	-1
240	00241.jpg	Body_g	FOB_STI150	-1
241	00242.jpg	Body_g	FOB_STI150	-1
242	00243.jpg	Body_g	FOB_STI150	-1
243	00244.jpg	Body_g	FOB_STI150	-1
244	00245.jpg	Body_g	FOB_STI150	-1
245	00246.jpg	Body_g	FOB_STI150	-1
246	00247.jpg	Body_g	FOB_STI150	-1
247	00248.jpg	Body_g	FOB_STI150	-1
248	00249.jpg	Body_g	FOB_STI150	-1
249	00250.jpg	Body_g	FOB_STI150	-1
250	00251.jpg	Body_g	FOB_STI150	-1
251	00252.jpg	Body_g	FOB_STI150	-1
252	00253.jpg	Body_g	FOB_STI150	-1
253	00254.jpg	Body_g	FOB_STI150	-1
254	00255.jpg	Body_g	FOB_STI150	-1
255	00256.jpg	Object_g	FOB_STI150	-1
256	00257.jpg	Object_g	FOB_STI150	-1
257	00258.jpg	Object_g	FOB_STI150	-1
258	00259.jpg	Object_g	FOB_STI150	-1
259	00260.jpg	Object_g	FOB_STI150	-1
260	00261.jpg	Object_g	FOB_STI150	-1
261	00262.jpg	Object_g	FOB_STI150	-1
262	00263.jpg	Object_g	FOB_STI150	-1
263	00264.jpg	Object_g	FOB_STI150	-1
264	00265.jpg	Object_g	FOB_STI150	-1
265	00266.jpg	Object_g	FOB_STI150	-1
266	00267.jpg	Object_g	FOB_STI150	-1
267	00268.jpg	Object_g	FOB_STI150	-1
268	00269.jpg	Object_g	FOB_STI150	-1
269	00270.jpg	Object_g	FOB_STI150	-1
270	00271.jpg	Scene_g	FOB_STI150	-1
271	00272.jpg	Scene_g	FOB_STI150	-1
272	00273.jpg	Scene_g	FOB_STI150	-1
273	00274.jpg	Scene_g	FOB_STI150	-1
274	00275.jpg	Scene_g	FOB_STI150	-1
275	00276.jpg	Scene_g	FOB_STI150	-1
276	00277.jpg	Scene_g	FOB_STI150	-1
277	00278.jpg	Scene_g	FOB_STI150	-1
278	00279.jpg	Scene_g	FOB_STI150	-1
279	00280.jpg	Scene_g	FOB_STI150	-1
280	00281.jpg	Scene_g	FOB_STI150	-1
281	00282.jpg	Scene_g	FOB_STI150	-1
282	00283.jpg	Scene_g	FOB_STI150	-1
283	00284.jpg	Scene_g	FOB_STI150	-1
284	00285.jpg	Scene_g	FOB_STI150	-1
285	00286.jpg	Food_g	FOB_STI150	-1
286	00287.jpg	Food_g	FOB_STI150	-1
287	00288.jpg	Food_g	FOB_STI150	-1
288	00289.jpg	Food_g	FOB_STI150	-1
289	00290.jpg	Food_g	FOB_STI150	-1
290	00291.jpg	Food_g	FOB_STI150	-1
291	00292.jpg	Food_g	FOB_STI150	-1
292	00293.jpg	Food_g	FOB_STI150	-1
293	00294.jpg	Food_g	FOB_STI150	-1
294	00295.jpg	Food_g	FOB_STI150	-1
295	00296.jpg	Food_g	FOB_STI150	-1
296	00297.jpg	Food_g	FOB_STI150	-1
297	00298.jpg	Food_g	FOB_STI150	-1
298	00299.jpg	Food_g	FOB_STI150	-1
299	00300.jpg	Food_g	FOB_STI150	-1
300	10001.jpg	Raw_Raw_Ani	Metamer	1
301	10002.jpg	Raw_Raw_Ani	Metamer	2
302	10003.jpg	Raw_Raw_Ani	Metamer	3
303	10004.jpg	Raw_Raw_Ani	Metamer	4
304	10005.jpg	Raw_Raw_Ani	Metamer	5
305	10006.jpg	Raw_Raw_Ani	Metamer	6
306	10007.jpg	Raw_Raw_Ani	Metamer	7
307	10008.jpg	Raw_Raw_Ani	Metamer	8
308	10009.jpg	Raw_Raw_Ani	Metamer	9
309	10010.jpg	Raw_Raw_Ani	Metamer	10
310	10011.jpg	Raw_Raw_Ani	Metamer	11
311	10012.jpg	Raw_Raw_Ani	Metamer	12
312	10013.jpg	Raw_Raw_Ani	Metamer	13
313	10014.jpg	Raw_Raw_Ani	Metamer	14
314	10015.jpg	Raw_Raw_Ani	Metamer	15
315	10016.jpg	Raw_Raw_Ani	Metamer	16
316	10017.jpg	Raw_Raw_Ani	Metamer	17
317	10018.jpg	Raw_Raw_Ani	Metamer	18
318	10019.jpg	Raw_Raw_Ani	Metamer	19
319	10020.jpg	Raw_Raw_Ani	Metamer	20
320	10021.jpg	Raw_Raw_Inani	Metamer	21
321	10022.jpg	Raw_Raw_Inani	Metamer	22
322	10023.jpg	Raw_Raw_Inani	Metamer	23
323	10024.jpg	Raw_Raw_Inani	Metamer	24
324	10025.jpg	Raw_Raw_Inani	Metamer	25
325	10026.jpg	Raw_Raw_Inani	Metamer	26
326	10027.jpg	Raw_Raw_Inani	Metamer	27
327	10028.jpg	Raw_Raw_Inani	Metamer	28
328	10029.jpg	Raw_Raw_Inani	Metamer	29
329	10030.jpg	Raw_Raw_Inani	Metamer	30
330	10031.jpg	Raw_Raw_Inani	Metamer	31
331	10032.jpg	Raw_Raw_Inani	Metamer	32
332	10033.jpg	Raw_Raw_Inani	Metamer	33
333	10034.jpg	Raw_Raw_Inani	Metamer	34
334	10035.jpg	Raw_Raw_Inani	Metamer	35
335	10036.jpg	Raw_Raw_Inani	Metamer	36
336	10037.jpg	Raw_Raw_Inani	Metamer	37
337	10038.jpg	Raw_Raw_Inani	Metamer	38
338	10039.jpg	Raw_Raw_Inani	Metamer	39
339	10040.jpg	Raw_Raw_Inani	Metamer	40
340	10041.jpg	P4_C4_Ani	Metamer	1
341	10042.jpg	P4_C4_Ani	Metamer	2
342	10043.jpg	P4_C4_Ani	Metamer	3
343	10044.jpg	P4_C4_Ani	Metamer	4
344	10045.jpg	P4_C4_Ani	Metamer	5
345	10046.jpg	P4_C4_Ani	Metamer	6
346	10047.jpg	P4_C4_Ani	Metamer	7
347	10048.jpg	P4_C4_Ani	Metamer	8
348	10049.jpg	P4_C4_Ani	Metamer	9
349	10050.jpg	P4_C4_Ani	Metamer	10
350	10051.jpg	P4_C4_Ani	Metamer	11
351	10052.jpg	P4_C4_Ani	Metamer	12
352	10053.jpg	P4_C4_Ani	Metamer	13
353	10054.jpg	P4_C4_Ani	Metamer	14
354	10055.jpg	P4_C4_Ani	Metamer	15
355	10056.jpg	P4_C4_Ani	Metamer	16
356	10057.jpg	P4_C4_Ani	Metamer	17
357	10058.jpg	P4_C4_Ani	Metamer	18
358	10059.jpg	P4_C4_Ani	Metamer	19
359	10060.jpg	P4_C4_Ani	Metamer	20
360	10061.jpg	P4_C4_Inani	Metamer	21
361	10062.jpg	P4_C4_Inani	Metamer	22
362	10063.jpg	P4_C4_Inani	Metamer	23
363	10064.jpg	P4_C4_Inani	Metamer	24
364	10065.jpg	P4_C4_Inani	Metamer	25
365	10066.jpg	P4_C4_Inani	Metamer	26
366	10067.jpg	P4_C4_Inani	Metamer	27
367	10068.jpg	P4_C4_Inani	Metamer	28
368	10069.jpg	P4_C4_Inani	Metamer	29
369	10070.jpg	P4_C4_Inani	Metamer	30
370	10071.jpg	P4_C4_Inani	Metamer	31
371	10072.jpg	P4_C4_Inani	Metamer	32
372	10073.jpg	P4_C4_Inani	Metamer	33
373	10074.jpg	P4_C4_Inani	Metamer	34
374	10075.jpg	P4_C4_Inani	Metamer	35
375	10076.jpg	P4_C4_Inani	Metamer	36
376	10077.jpg	P4_C4_Inani	Metamer	37
377	10078.jpg	P4_C4_Inani	Metamer	38
378	10079.jpg	P4_C4_Inani	Metamer	39
379	10080.jpg	P4_C4_Inani	Metamer	40
380	10081.jpg	P4_C3_Ani	Metamer	1
381	10082.jpg	P4_C3_Ani	Metamer	2
382	10083.jpg	P4_C3_Ani	Metamer	3
383	10084.jpg	P4_C3_Ani	Metamer	4
384	10085.jpg	P4_C3_Ani	Metamer	5
385	10086.jpg	P4_C3_Ani	Metamer	6
386	10087.jpg	P4_C3_Ani	Metamer	7
387	10088.jpg	P4_C3_Ani	Metamer	8
388	10089.jpg	P4_C3_Ani	Metamer	9
389	10090.jpg	P4_C3_Ani	Metamer	10
390	10091.jpg	P4_C3_Ani	Metamer	11
391	10092.jpg	P4_C3_Ani	Metamer	12
392	10093.jpg	P4_C3_Ani	Metamer	13
393	10094.jpg	P4_C3_Ani	Metamer	14
394	10095.jpg	P4_C3_Ani	Metamer	15
395	10096.jpg	P4_C3_Ani	Metamer	16
396	10097.jpg	P4_C3_Ani	Metamer	17
397	10098.jpg	P4_C3_Ani	Metamer	18
398	10099.jpg	P4_C3_Ani	Metamer	19
399	10100.jpg	P4_C3_Ani	Metamer	20
400	10101.jpg	P4_C3_Inani	Metamer	21
401	10102.jpg	P4_C3_Inani	Metamer	22
402	10103.jpg	P4_C3_Inani	Metamer	23
403	10104.jpg	P4_C3_Inani	Metamer	24
404	10105.jpg	P4_C3_Inani	Metamer	25
405	10106.jpg	P4_C3_Inani	Metamer	26
406	10107.jpg	P4_C3_Inani	Metamer	27
407	10108.jpg	P4_C3_Inani	Metamer	28
408	10109.jpg	P4_C3_Inani	Metamer	29
409	10110.jpg	P4_C3_Inani	Metamer	30
410	10111.jpg	P4_C3_Inani	Metamer	31
411	10112.jpg	P4_C3_Inani	Metamer	32
412	10113.jpg	P4_C3_Inani	Metamer	33
413	10114.jpg	P4_C3_Inani	Metamer	34
414	10115.jpg	P4_C3_Inani	Metamer	35
415	10116.jpg	P4_C3_Inani	Metamer	36
416	10117.jpg	P4_C3_Inani	Metamer	37
417	10118.jpg	P4_C3_Inani	Metamer	38
418	10119.jpg	P4_C3_Inani	Metamer	39
419	10120.jpg	P4_C3_Inani	Metamer	40
420	10121.jpg	P4_C2_Ani	Metamer	1
421	10122.jpg	P4_C2_Ani	Metamer	2
422	10123.jpg	P4_C2_Ani	Metamer	3
423	10124.jpg	P4_C2_Ani	Metamer	4
424	10125.jpg	P4_C2_Ani	Metamer	5
425	10126.jpg	P4_C2_Ani	Metamer	6
426	10127.jpg	P4_C2_Ani	Metamer	7
427	10128.jpg	P4_C2_Ani	Metamer	8
428	10129.jpg	P4_C2_Ani	Metamer	9
429	10130.jpg	P4_C2_Ani	Metamer	10
430	10131.jpg	P4_C2_Ani	Metamer	11
431	10132.jpg	P4_C2_Ani	Metamer	12
432	10133.jpg	P4_C2_Ani	Metamer	13
433	10134.jpg	P4_C2_Ani	Metamer	14
434	10135.jpg	P4_C2_Ani	Metamer	15
435	10136.jpg	P4_C2_Ani	Metamer	16
436	10137.jpg	P4_C2_Ani	Metamer	17
437	10138.jpg	P4_C2_Ani	Metamer	18
438	10139.jpg	P4_C2_Ani	Metamer	19
439	10140.jpg	P4_C2_Ani	Metamer	20
440	10141.jpg	P4_C2_Inani	Metamer	21
441	10142.jpg	P4_C2_Inani	Metamer	22
442	10143.jpg	P4_C2_Inani	Metamer	23
443	10144.jpg	P4_C2_Inani	Metamer	24
444	10145.jpg	P4_C2_Inani	Metamer	25
445	10146.jpg	P4_C2_Inani	Metamer	26
446	10147.jpg	P4_C2_Inani	Metamer	27
447	10148.jpg	P4_C2_Inani	Metamer	28
448	10149.jpg	P4_C2_Inani	Metamer	29
449	10150.jpg	P4_C2_Inani	Metamer	30
450	10151.jpg	P4_C2_Inani	Metamer	31
451	10152.jpg	P4_C2_Inani	Metamer	32
452	10153.jpg	P4_C2_Inani	Metamer	33
453	10154.jpg	P4_C2_Inani	Metamer	34
454	10155.jpg	P4_C2_Inani	Metamer	35
455	10156.jpg	P4_C2_Inani	Metamer	36
456	10157.jpg	P4_C2_Inani	Metamer	37
457	10158.jpg	P4_C2_Inani	Metamer	38
458	10159.jpg	P4_C2_Inani	Metamer	39
459	10160.jpg	P4_C2_Inani	Metamer	40
460	10161.jpg	P4_C1_Ani	Metamer	1
461	10162.jpg	P4_C1_Ani	Metamer	2
462	10163.jpg	P4_C1_Ani	Metamer	3
463	10164.jpg	P4_C1_Ani	Metamer	4
464	10165.jpg	P4_C1_Ani	Metamer	5
465	10166.jpg	P4_C1_Ani	Metamer	6
466	10167.jpg	P4_C1_Ani	Metamer	7
467	10168.jpg	P4_C1_Ani	Metamer	8
468	10169.jpg	P4_C1_Ani	Metamer	9
469	10170.jpg	P4_C1_Ani	Metamer	10
470	10171.jpg	P4_C1_Ani	Metamer	11
471	10172.jpg	P4_C1_Ani	Metamer	12
472	10173.jpg	P4_C1_Ani	Metamer	13
473	10174.jpg	P4_C1_Ani	Metamer	14
474	10175.jpg	P4_C1_Ani	Metamer	15
475	10176.jpg	P4_C1_Ani	Metamer	16
476	10177.jpg	P4_C1_Ani	Metamer	17
477	10178.jpg	P4_C1_Ani	Metamer	18
478	10179.jpg	P4_C1_Ani	Metamer	19
479	10180.jpg	P4_C1_Ani	Metamer	20
480	10181.jpg	P4_C1_Inani	Metamer	21
481	10182.jpg	P4_C1_Inani	Metamer	22
482	10183.jpg	P4_C1_Inani	Metamer	23
483	10184.jpg	P4_C1_Inani	Metamer	24
484	10185.jpg	P4_C1_Inani	Metamer	25
485	10186.jpg	P4_C1_Inani	Metamer	26
486	10187.jpg	P4_C1_Inani	Metamer	27
487	10188.jpg	P4_C1_Inani	Metamer	28
488	10189.jpg	P4_C1_Inani	Metamer	29
489	10190.jpg	P4_C1_Inani	Metamer	30
490	10191.jpg	P4_C1_Inani	Metamer	31
491	10192.jpg	P4_C1_Inani	Metamer	32
492	10193.jpg	P4_C1_Inani	Metamer	33
493	10194.jpg	P4_C1_Inani	Metamer	34
494	10195.jpg	P4_C1_Inani	Metamer	35
495	10196.jpg	P4_C1_Inani	Metamer	36
496	10197.jpg	P4_C1_Inani	Metamer	37
497	10198.jpg	P4_C1_Inani	Metamer	38
498	10199.jpg	P4_C1_Inani	Metamer	39
499	10200.jpg	P4_C1_Inani	Metamer	40
500	10201.jpg	Raw_Raw_Ani	Metamer	1
501	10202.jpg	Raw_Raw_Ani	Metamer	2
502	10203.jpg	Raw_Raw_Ani	Metamer	3
503	10204.jpg	Raw_Raw_Ani	Metamer	4
504	10205.jpg	Raw_Raw_Ani	Metamer	5
505	10206.jpg	Raw_Raw_Ani	Metamer	6
506	10207.jpg	Raw_Raw_Ani	Metamer	7
507	10208.jpg	Raw_Raw_Ani	Metamer	8
508	10209.jpg	Raw_Raw_Ani	Metamer	9
509	10210.jpg	Raw_Raw_Ani	Metamer	10
510	10211.jpg	Raw_Raw_Ani	Metamer	11
511	10212.jpg	Raw_Raw_Ani	Metamer	12
512	10213.jpg	Raw_Raw_Ani	Metamer	13
513	10214.jpg	Raw_Raw_Ani	Metamer	14
514	10215.jpg	Raw_Raw_Ani	Metamer	15
515	10216.jpg	Raw_Raw_Ani	Metamer	16
516	10217.jpg	Raw_Raw_Ani	Metamer	17
517	10218.jpg	Raw_Raw_Ani	Metamer	18
518	10219.jpg	Raw_Raw_Ani	Metamer	19
519	10220.jpg	Raw_Raw_Ani	Metamer	20
520	10221.jpg	Raw_Raw_Inani	Metamer	21
521	10222.jpg	Raw_Raw_Inani	Metamer	22
522	10223.jpg	Raw_Raw_Inani	Metamer	23
523	10224.jpg	Raw_Raw_Inani	Metamer	24
524	10225.jpg	Raw_Raw_Inani	Metamer	25
525	10226.jpg	Raw_Raw_Inani	Metamer	26
526	10227.jpg	Raw_Raw_Inani	Metamer	27
527	10228.jpg	Raw_Raw_Inani	Metamer	28
528	10229.jpg	Raw_Raw_Inani	Metamer	29
529	10230.jpg	Raw_Raw_Inani	Metamer	30
530	10231.jpg	Raw_Raw_Inani	Metamer	31
531	10232.jpg	Raw_Raw_Inani	Metamer	32
532	10233.jpg	Raw_Raw_Inani	Metamer	33
533	10234.jpg	Raw_Raw_Inani	Metamer	34
534	10235.jpg	Raw_Raw_Inani	Metamer	35
535	10236.jpg	Raw_Raw_Inani	Metamer	36
536	10237.jpg	Raw_Raw_Inani	Metamer	37
537	10238.jpg	Raw_Raw_Inani	Metamer	38
538	10239.jpg	Raw_Raw_Inani	Metamer	39
539	10240.jpg	Raw_Raw_Inani	Metamer	40
540	10241.jpg	P4_C4_Ani	Metamer	1
541	10242.jpg	P4_C4_Ani	Metamer	2
542	10243.jpg	P4_C4_Ani	Metamer	3
543	10244.jpg	P4_C4_Ani	Metamer	4
544	10245.jpg	P4_C4_Ani	Metamer	5
545	10246.jpg	P4_C4_Ani	Metamer	6
546	10247.jpg	P4_C4_Ani	Metamer	7
547	10248.jpg	P4_C4_Ani	Metamer	8
548	10249.jpg	P4_C4_Ani	Metamer	9
549	10250.jpg	P4_C4_Ani	Metamer	10
550	10251.jpg	P4_C4_Ani	Metamer	11
551	10252.jpg	P4_C4_Ani	Metamer	12
552	10253.jpg	P4_C4_Ani	Metamer	13
553	10254.jpg	P4_C4_Ani	Metamer	14
554	10255.jpg	P4_C4_Ani	Metamer	15
555	10256.jpg	P4_C4_Ani	Metamer	16
556	10257.jpg	P4_C4_Ani	Metamer	17
557	10258.jpg	P4_C4_Ani	Metamer	18
558	10259.jpg	P4_C4_Ani	Metamer	19
559	10260.jpg	P4_C4_Ani	Metamer	20
560	10261.jpg	P4_C4_Inani	Metamer	21
561	10262.jpg	P4_C4_Inani	Metamer	22
562	10263.jpg	P4_C4_Inani	Metamer	23
563	10264.jpg	P4_C4_Inani	Metamer	24
564	10265.jpg	P4_C4_Inani	Metamer	25
565	10266.jpg	P4_C4_Inani	Metamer	26
566	10267.jpg	P4_C4_Inani	Metamer	27
567	10268.jpg	P4_C4_Inani	Metamer	28
568	10269.jpg	P4_C4_Inani	Metamer	29
569	10270.jpg	P4_C4_Inani	Metamer	30
570	10271.jpg	P4_C4_Inani	Metamer	31
571	10272.jpg	P4_C4_Inani	Metamer	32
572	10273.jpg	P4_C4_Inani	Metamer	33
573	10274.jpg	P4_C4_Inani	Metamer	34
574	10275.jpg	P4_C4_Inani	Metamer	35
575	10276.jpg	P4_C4_Inani	Metamer	36
576	10277.jpg	P4_C4_Inani	Metamer	37
577	10278.jpg	P4_C4_Inani	Metamer	38
578	10279.jpg	P4_C4_Inani	Metamer	39
579	10280.jpg	P4_C4_Inani	Metamer	40
580	10281.jpg	P4_C3_Ani	Metamer	1
581	10282.jpg	P4_C3_Ani	Metamer	2
582	10283.jpg	P4_C3_Ani	Metamer	3
583	10284.jpg	P4_C3_Ani	Metamer	4
584	10285.jpg	P4_C3_Ani	Metamer	5
585	10286.jpg	P4_C3_Ani	Metamer	6
586	10287.jpg	P4_C3_Ani	Metamer	7
587	10288.jpg	P4_C3_Ani	Metamer	8
588	10289.jpg	P4_C3_Ani	Metamer	9
589	10290.jpg	P4_C3_Ani	Metamer	10
590	10291.jpg	P4_C3_Ani	Metamer	11
591	10292.jpg	P4_C3_Ani	Metamer	12
592	10293.jpg	P4_C3_Ani	Metamer	13
593	10294.jpg	P4_C3_Ani	Metamer	14
594	10295.jpg	P4_C3_Ani	Metamer	15
595	10296.jpg	P4_C3_Ani	Metamer	16
596	10297.jpg	P4_C3_Ani	Metamer	17
597	10298.jpg	P4_C3_Ani	Metamer	18
598	10299.jpg	P4_C3_Ani	Metamer	19
599	10300.jpg	P4_C3_Ani	Metamer	20
600	10301.jpg	P4_C3_Inani	Metamer	21
601	10302.jpg	P4_C3_Inani	Metamer	22
602	10303.jpg	P4_C3_Inani	Metamer	23
603	10304.jpg	P4_C3_Inani	Metamer	24
604	10305.jpg	P4_C3_Inani	Metamer	25
605	10306.jpg	P4_C3_Inani	Metamer	26
606	10307.jpg	P4_C3_Inani	Metamer	27
607	10308.jpg	P4_C3_Inani	Metamer	28
608	10309.jpg	P4_C3_Inani	Metamer	29
609	10310.jpg	P4_C3_Inani	Metamer	30
610	10311.jpg	P4_C3_Inani	Metamer	31
611	10312.jpg	P4_C3_Inani	Metamer	32
612	10313.jpg	P4_C3_Inani	Metamer	33
613	10314.jpg	P4_C3_Inani	Metamer	34
614	10315.jpg	P4_C3_Inani	Metamer	35
615	10316.jpg	P4_C3_Inani	Metamer	36
616	10317.jpg	P4_C3_Inani	Metamer	37
617	10318.jpg	P4_C3_Inani	Metamer	38
618	10319.jpg	P4_C3_Inani	Metamer	39
619	10320.jpg	P4_C3_Inani	Metamer	40
620	10321.jpg	P4_C2_Ani	Metamer	1
621	10322.jpg	P4_C2_Ani	Metamer	2
622	10323.jpg	P4_C2_Ani	Metamer	3
623	10324.jpg	P4_C2_Ani	Metamer	4
624	10325.jpg	P4_C2_Ani	Metamer	5
625	10326.jpg	P4_C2_Ani	Metamer	6
626	10327.jpg	P4_C2_Ani	Metamer	7
627	10328.jpg	P4_C2_Ani	Metamer	8
628	10329.jpg	P4_C2_Ani	Metamer	9
629	10330.jpg	P4_C2_Ani	Metamer	10
630	10331.jpg	P4_C2_Ani	Metamer	11
631	10332.jpg	P4_C2_Ani	Metamer	12
632	10333.jpg	P4_C2_Ani	Metamer	13
633	10334.jpg	P4_C2_Ani	Metamer	14
634	10335.jpg	P4_C2_Ani	Metamer	15
635	10336.jpg	P4_C2_Ani	Metamer	16
636	10337.jpg	P4_C2_Ani	Metamer	17
637	10338.jpg	P4_C2_Ani	Metamer	18
638	10339.jpg	P4_C2_Ani	Metamer	19
639	10340.jpg	P4_C2_Ani	Metamer	20
640	10341.jpg	P4_C2_Inani	Metamer	21
641	10342.jpg	P4_C2_Inani	Metamer	22
642	10343.jpg	P4_C2_Inani	Metamer	23
643	10344.jpg	P4_C2_Inani	Metamer	24
644	10345.jpg	P4_C2_Inani	Metamer	25
645	10346.jpg	P4_C2_Inani	Metamer	26
646	10347.jpg	P4_C2_Inani	Metamer	27
647	10348.jpg	P4_C2_Inani	Metamer	28
648	10349.jpg	P4_C2_Inani	Metamer	29
649	10350.jpg	P4_C2_Inani	Metamer	30
650	10351.jpg	P4_C2_Inani	Metamer	31
651	10352.jpg	P4_C2_Inani	Metamer	32
652	10353.jpg	P4_C2_Inani	Metamer	33
653	10354.jpg	P4_C2_Inani	Metamer	34
654	10355.jpg	P4_C2_Inani	Metamer	35
655	10356.jpg	P4_C2_Inani	Metamer	36
656	10357.jpg	P4_C2_Inani	Metamer	37
657	10358.jpg	P4_C2_Inani	Metamer	38
658	10359.jpg	P4_C2_Inani	Metamer	39
659	10360.jpg	P4_C2_Inani	Metamer	40
660	10361.jpg	P4_C1_Ani	Metamer	1
661	10362.jpg	P4_C1_Ani	Metamer	2
662	10363.jpg	P4_C1_Ani	Metamer	3
663	10364.jpg	P4_C1_Ani	Metamer	4
664	10365.jpg	P4_C1_Ani	Metamer	5
665	10366.jpg	P4_C1_Ani	Metamer	6
666	10367.jpg	P4_C1_Ani	Metamer	7
667	10368.jpg	P4_C1_Ani	Metamer	8
668	10369.jpg	P4_C1_Ani	Metamer	9
669	10370.jpg	P4_C1_Ani	Metamer	10
670	10371.jpg	P4_C1_Ani	Metamer	11
671	10372.jpg	P4_C1_Ani	Metamer	12
672	10373.jpg	P4_C1_Ani	Metamer	13
673	10374.jpg	P4_C1_Ani	Metamer	14
674	10375.jpg	P4_C1_Ani	Metamer	15
675	10376.jpg	P4_C1_Ani	Metamer	16
676	10377.jpg	P4_C1_Ani	Metamer	17
677	10378.jpg	P4_C1_Ani	Metamer	18
678	10379.jpg	P4_C1_Ani	Metamer	19
679	10380.jpg	P4_C1_Ani	Metamer	20
680	10381.jpg	P4_C1_Inani	Metamer	21
681	10382.jpg	P4_C1_Inani	Metamer	22
682	10383.jpg	P4_C1_Inani	Metamer	23
683	10384.jpg	P4_C1_Inani	Metamer	24
684	10385.jpg	P4_C1_Inani	Metamer	25
685	10386.jpg	P4_C1_Inani	Metamer	26
686	10387.jpg	P4_C1_Inani	Metamer	27
687	10388.jpg	P4_C1_Inani	Metamer	28
688	10389.jpg	P4_C1_Inani	Metamer	29
689	10390.jpg	P4_C1_Inani	Metamer	30
690	10391.jpg	P4_C1_Inani	Metamer	31
691	10392.jpg	P4_C1_Inani	Metamer	32
692	10393.jpg	P4_C1_Inani	Metamer	33
693	10394.jpg	P4_C1_Inani	Metamer	34
694	10395.jpg	P4_C1_Inani	Metamer	35
695	10396.jpg	P4_C1_Inani	Metamer	36
696	10397.jpg	P4_C1_Inani	Metamer	37
697	10398.jpg	P4_C1_Inani	Metamer	38
698	10399.jpg	P4_C1_Inani	Metamer	39
699	10400.jpg	P4_C1_Inani	Metamer	40
700	10401.jpg	Raw_Raw_Ani	Metamer	1
701	10402.jpg	Raw_Raw_Ani	Metamer	2
702	10403.jpg	Raw_Raw_Ani	Metamer	3
703	10404.jpg	Raw_Raw_Ani	Metamer	4
704	10405.jpg	Raw_Raw_Ani	Metamer	5
705	10406.jpg	Raw_Raw_Ani	Metamer	6
706	10407.jpg	Raw_Raw_Ani	Metamer	7
707	10408.jpg	Raw_Raw_Ani	Metamer	8
708	10409.jpg	Raw_Raw_Ani	Metamer	9
709	10410.jpg	Raw_Raw_Ani	Metamer	10
710	10411.jpg	Raw_Raw_Ani	Metamer	11
711	10412.jpg	Raw_Raw_Ani	Metamer	12
712	10413.jpg	Raw_Raw_Ani	Metamer	13
713	10414.jpg	Raw_Raw_Ani	Metamer	14
714	10415.jpg	Raw_Raw_Ani	Metamer	15
715	10416.jpg	Raw_Raw_Ani	Metamer	16
716	10417.jpg	Raw_Raw_Ani	Metamer	17
717	10418.jpg	Raw_Raw_Ani	Metamer	18
718	10419.jpg	Raw_Raw_Ani	Metamer	19
719	10420.jpg	Raw_Raw_Ani	Metamer	20
720	10421.jpg	Raw_Raw_Inani	Metamer	21
721	10422.jpg	Raw_Raw_Inani	Metamer	22
722	10423.jpg	Raw_Raw_Inani	Metamer	23
723	10424.jpg	Raw_Raw_Inani	Metamer	24
724	10425.jpg	Raw_Raw_Inani	Metamer	25
725	10426.jpg	Raw_Raw_Inani	Metamer	26
726	10427.jpg	Raw_Raw_Inani	Metamer	27
727	10428.jpg	Raw_Raw_Inani	Metamer	28
728	10429.jpg	Raw_Raw_Inani	Metamer	29
729	10430.jpg	Raw_Raw_Inani	Metamer	30
730	10431.jpg	Raw_Raw_Inani	Metamer	31
731	10432.jpg	Raw_Raw_Inani	Metamer	32
732	10433.jpg	Raw_Raw_Inani	Metamer	33
733	10434.jpg	Raw_Raw_Inani	Metamer	34
734	10435.jpg	Raw_Raw_Inani	Metamer	35
735	10436.jpg	Raw_Raw_Inani	Metamer	36
736	10437.jpg	Raw_Raw_Inani	Metamer	37
737	10438.jpg	Raw_Raw_Inani	Metamer	38
738	10439.jpg	Raw_Raw_Inani	Metamer	39
739	10440.jpg	Raw_Raw_Inani	Metamer	40
740	10441.jpg	P4_C4_Ani	Metamer	1
741	10442.jpg	P4_C4_Ani	Metamer	2
742	10443.jpg	P4_C4_Ani	Metamer	3
743	10444.jpg	P4_C4_Ani	Metamer	4
744	10445.jpg	P4_C4_Ani	Metamer	5
745	10446.jpg	P4_C4_Ani	Metamer	6
746	10447.jpg	P4_C4_Ani	Metamer	7
747	10448.jpg	P4_C4_Ani	Metamer	8
748	10449.jpg	P4_C4_Ani	Metamer	9
749	10450.jpg	P4_C4_Ani	Metamer	10
750	10451.jpg	P4_C4_Ani	Metamer	11
751	10452.jpg	P4_C4_Ani	Metamer	12
752	10453.jpg	P4_C4_Ani	Metamer	13
753	10454.jpg	P4_C4_Ani	Metamer	14
754	10455.jpg	P4_C4_Ani	Metamer	15
755	10456.jpg	P4_C4_Ani	Metamer	16
756	10457.jpg	P4_C4_Ani	Metamer	17
757	10458.jpg	P4_C4_Ani	Metamer	18
758	10459.jpg	P4_C4_Ani	Metamer	19
759	10460.jpg	P4_C4_Ani	Metamer	20
760	10461.jpg	P4_C4_Inani	Metamer	21
761	10462.jpg	P4_C4_Inani	Metamer	22
762	10463.jpg	P4_C4_Inani	Metamer	23
763	10464.jpg	P4_C4_Inani	Metamer	24
764	10465.jpg	P4_C4_Inani	Metamer	25
765	10466.jpg	P4_C4_Inani	Metamer	26
766	10467.jpg	P4_C4_Inani	Metamer	27
767	10468.jpg	P4_C4_Inani	Metamer	28
768	10469.jpg	P4_C4_Inani	Metamer	29
769	10470.jpg	P4_C4_Inani	Metamer	30
770	10471.jpg	P4_C4_Inani	Metamer	31
771	10472.jpg	P4_C4_Inani	Metamer	32
772	10473.jpg	P4_C4_Inani	Metamer	33
773	10474.jpg	P4_C4_Inani	Metamer	34
774	10475.jpg	P4_C4_Inani	Metamer	35
775	10476.jpg	P4_C4_Inani	Metamer	36
776	10477.jpg	P4_C4_Inani	Metamer	37
777	10478.jpg	P4_C4_Inani	Metamer	38
778	10479.jpg	P4_C4_Inani	Metamer	39
779	10480.jpg	P4_C4_Inani	Metamer	40
780	10481.jpg	P4_C3_Ani	Metamer	1
781	10482.jpg	P4_C3_Ani	Metamer	2
782	10483.jpg	P4_C3_Ani	Metamer	3
783	10484.jpg	P4_C3_Ani	Metamer	4
784	10485.jpg	P4_C3_Ani	Metamer	5
785	10486.jpg	P4_C3_Ani	Metamer	6
786	10487.jpg	P4_C3_Ani	Metamer	7
787	10488.jpg	P4_C3_Ani	Metamer	8
788	10489.jpg	P4_C3_Ani	Metamer	9
789	10490.jpg	P4_C3_Ani	Metamer	10
790	10491.jpg	P4_C3_Ani	Metamer	11
791	10492.jpg	P4_C3_Ani	Metamer	12
792	10493.jpg	P4_C3_Ani	Metamer	13
793	10494.jpg	P4_C3_Ani	Metamer	14
794	10495.jpg	P4_C3_Ani	Metamer	15
795	10496.jpg	P4_C3_Ani	Metamer	16
796	10497.jpg	P4_C3_Ani	Metamer	17
797	10498.jpg	P4_C3_Ani	Metamer	18
798	10499.jpg	P4_C3_Ani	Metamer	19
799	10500.jpg	P4_C3_Ani	Metamer	20
800	10501.jpg	P4_C3_Inani	Metamer	21
801	10502.jpg	P4_C3_Inani	Metamer	22
802	10503.jpg	P4_C3_Inani	Metamer	23
803	10504.jpg	P4_C3_Inani	Metamer	24
804	10505.jpg	P4_C3_Inani	Metamer	25
805	10506.jpg	P4_C3_Inani	Metamer	26
806	10507.jpg	P4_C3_Inani	Metamer	27
807	10508.jpg	P4_C3_Inani	Metamer	28
808	10509.jpg	P4_C3_Inani	Metamer	29
809	10510.jpg	P4_C3_Inani	Metamer	30
810	10511.jpg	P4_C3_Inani	Metamer	31
811	10512.jpg	P4_C3_Inani	Metamer	32
812	10513.jpg	P4_C3_Inani	Metamer	33
813	10514.jpg	P4_C3_Inani	Metamer	34
814	10515.jpg	P4_C3_Inani	Metamer	35
815	10516.jpg	P4_C3_Inani	Metamer	36
816	10517.jpg	P4_C3_Inani	Metamer	37
817	10518.jpg	P4_C3_Inani	Metamer	38
818	10519.jpg	P4_C3_Inani	Metamer	39
819	10520.jpg	P4_C3_Inani	Metamer	40
820	10521.jpg	P4_C2_Ani	Metamer	1
821	10522.jpg	P4_C2_Ani	Metamer	2
822	10523.jpg	P4_C2_Ani	Metamer	3
823	10524.jpg	P4_C2_Ani	Metamer	4
824	10525.jpg	P4_C2_Ani	Metamer	5
825	10526.jpg	P4_C2_Ani	Metamer	6
826	10527.jpg	P4_C2_Ani	Metamer	7
827	10528.jpg	P4_C2_Ani	Metamer	8
828	10529.jpg	P4_C2_Ani	Metamer	9
829	10530.jpg	P4_C2_Ani	Metamer	10
830	10531.jpg	P4_C2_Ani	Metamer	11
831	10532.jpg	P4_C2_Ani	Metamer	12
832	10533.jpg	P4_C2_Ani	Metamer	13
833	10534.jpg	P4_C2_Ani	Metamer	14
834	10535.jpg	P4_C2_Ani	Metamer	15
835	10536.jpg	P4_C2_Ani	Metamer	16
836	10537.jpg	P4_C2_Ani	Metamer	17
837	10538.jpg	P4_C2_Ani	Metamer	18
838	10539.jpg	P4_C2_Ani	Metamer	19
839	10540.jpg	P4_C2_Ani	Metamer	20
840	10541.jpg	P4_C2_Inani	Metamer	21
841	10542.jpg	P4_C2_Inani	Metamer	22
842	10543.jpg	P4_C2_Inani	Metamer	23
843	10544.jpg	P4_C2_Inani	Metamer	24
844	10545.jpg	P4_C2_Inani	Metamer	25
845	10546.jpg	P4_C2_Inani	Metamer	26
846	10547.jpg	P4_C2_Inani	Metamer	27
847	10548.jpg	P4_C2_Inani	Metamer	28
848	10549.jpg	P4_C2_Inani	Metamer	29
849	10550.jpg	P4_C2_Inani	Metamer	30
850	10551.jpg	P4_C2_Inani	Metamer	31
851	10552.jpg	P4_C2_Inani	Metamer	32
852	10553.jpg	P4_C2_Inani	Metamer	33
853	10554.jpg	P4_C2_Inani	Metamer	34
854	10555.jpg	P4_C2_Inani	Metamer	35
855	10556.jpg	P4_C2_Inani	Metamer	36
856	10557.jpg	P4_C2_Inani	Metamer	37
857	10558.jpg	P4_C2_Inani	Metamer	38
858	10559.jpg	P4_C2_Inani	Metamer	39
859	10560.jpg	P4_C2_Inani	Metamer	40
860	10561.jpg	P4_C1_Ani	Metamer	1
861	10562.jpg	P4_C1_Ani	Metamer	2
862	10563.jpg	P4_C1_Ani	Metamer	3
863	10564.jpg	P4_C1_Ani	Metamer	4
864	10565.jpg	P4_C1_Ani	Metamer	5
865	10566.jpg	P4_C1_Ani	Metamer	6
866	10567.jpg	P4_C1_Ani	Metamer	7
867	10568.jpg	P4_C1_Ani	Metamer	8
868	10569.jpg	P4_C1_Ani	Metamer	9
869	10570.jpg	P4_C1_Ani	Metamer	10
870	10571.jpg	P4_C1_Ani	Metamer	11
871	10572.jpg	P4_C1_Ani	Metamer	12
872	10573.jpg	P4_C1_Ani	Metamer	13
873	10574.jpg	P4_C1_Ani	Metamer	14
874	10575.jpg	P4_C1_Ani	Metamer	15
875	10576.jpg	P4_C1_Ani	Metamer	16
876	10577.jpg	P4_C1_Ani	Metamer	17
877	10578.jpg	P4_C1_Ani	Metamer	18
878	10579.jpg	P4_C1_Ani	Metamer	19
879	10580.jpg	P4_C1_Ani	Metamer	20
880	10581.jpg	P4_C1_Inani	Metamer	21
881	10582.jpg	P4_C1_Inani	Metamer	22
882	10583.jpg	P4_C1_Inani	Metamer	23
883	10584.jpg	P4_C1_Inani	Metamer	24
884	10585.jpg	P4_C1_Inani	Metamer	25
885	10586.jpg	P4_C1_Inani	Metamer	26
886	10587.jpg	P4_C1_Inani	Metamer	27
887	10588.jpg	P4_C1_Inani	Metamer	28
888	10589.jpg	P4_C1_Inani	Metamer	29
889	10590.jpg	P4_C1_Inani	Metamer	30
890	10591.jpg	P4_C1_Inani	Metamer	31
891	10592.jpg	P4_C1_Inani	Metamer	32
892	10593.jpg	P4_C1_Inani	Metamer	33
893	10594.jpg	P4_C1_Inani	Metamer	34
894	10595.jpg	P4_C1_Inani	Metamer	35
895	10596.jpg	P4_C1_Inani	Metamer	36
896	10597.jpg	P4_C1_Inani	Metamer	37
897	10598.jpg	P4_C1_Inani	Metamer	38
898	10599.jpg	P4_C1_Inani	Metamer	39
899	10600.jpg	P4_C1_Inani	Metamer	40
900	10601.jpg	Raw_Raw_Ani	Metamer	1
901	10602.jpg	Raw_Raw_Ani	Metamer	2
902	10603.jpg	Raw_Raw_Ani	Metamer	3
903	10604.jpg	Raw_Raw_Ani	Metamer	4
904	10605.jpg	Raw_Raw_Ani	Metamer	5
905	10606.jpg	Raw_Raw_Ani	Metamer	6
906	10607.jpg	Raw_Raw_Ani	Metamer	7
907	10608.jpg	Raw_Raw_Ani	Metamer	8
908	10609.jpg	Raw_Raw_Ani	Metamer	9
909	10610.jpg	Raw_Raw_Ani	Metamer	10
910	10611.jpg	Raw_Raw_Ani	Metamer	11
911	10612.jpg	Raw_Raw_Ani	Metamer	12
912	10613.jpg	Raw_Raw_Ani	Metamer	13
913	10614.jpg	Raw_Raw_Ani	Metamer	14
914	10615.jpg	Raw_Raw_Ani	Metamer	15
915	10616.jpg	Raw_Raw_Ani	Metamer	16
916	10617.jpg	Raw_Raw_Ani	Metamer	17
917	10618.jpg	Raw_Raw_Ani	Metamer	18
918	10619.jpg	Raw_Raw_Ani	Metamer	19
919	10620.jpg	Raw_Raw_Ani	Metamer	20
920	10621.jpg	Raw_Raw_Inani	Metamer	21
921	10622.jpg	Raw_Raw_Inani	Metamer	22
922	10623.jpg	Raw_Raw_Inani	Metamer	23
923	10624.jpg	Raw_Raw_Inani	Metamer	24
924	10625.jpg	Raw_Raw_Inani	Metamer	25
925	10626.jpg	Raw_Raw_Inani	Metamer	26
926	10627.jpg	Raw_Raw_Inani	Metamer	27
927	10628.jpg	Raw_Raw_Inani	Metamer	28
928	10629.jpg	Raw_Raw_Inani	Metamer	29
929	10630.jpg	Raw_Raw_Inani	Metamer	30
930	10631.jpg	Raw_Raw_Inani	Metamer	31
931	10632.jpg	Raw_Raw_Inani	Metamer	32
932	10633.jpg	Raw_Raw_Inani	Metamer	33
933	10634.jpg	Raw_Raw_Inani	Metamer	34
934	10635.jpg	Raw_Raw_Inani	Metamer	35
935	10636.jpg	Raw_Raw_Inani	Metamer	36
936	10637.jpg	Raw_Raw_Inani	Metamer	37
937	10638.jpg	Raw_Raw_Inani	Metamer	38
938	10639.jpg	Raw_Raw_Inani	Metamer	39
939	10640.jpg	Raw_Raw_Inani	Metamer	40
940	10641.jpg	P4_C4_Ani	Metamer	1
941	10642.jpg	P4_C4_Ani	Metamer	2
942	10643.jpg	P4_C4_Ani	Metamer	3
943	10644.jpg	P4_C4_Ani	Metamer	4
944	10645.jpg	P4_C4_Ani	Metamer	5
945	10646.jpg	P4_C4_Ani	Metamer	6
946	10647.jpg	P4_C4_Ani	Metamer	7
947	10648.jpg	P4_C4_Ani	Metamer	8
948	10649.jpg	P4_C4_Ani	Metamer	9
949	10650.jpg	P4_C4_Ani	Metamer	10
950	10651.jpg	P4_C4_Ani	Metamer	11
951	10652.jpg	P4_C4_Ani	Metamer	12
952	10653.jpg	P4_C4_Ani	Metamer	13
953	10654.jpg	P4_C4_Ani	Metamer	14
954	10655.jpg	P4_C4_Ani	Metamer	15
955	10656.jpg	P4_C4_Ani	Metamer	16
956	10657.jpg	P4_C4_Ani	Metamer	17
957	10658.jpg	P4_C4_Ani	Metamer	18
958	10659.jpg	P4_C4_Ani	Metamer	19
959	10660.jpg	P4_C4_Ani	Metamer	20
960	10661.jpg	P4_C4_Inani	Metamer	21
961	10662.jpg	P4_C4_Inani	Metamer	22
962	10663.jpg	P4_C4_Inani	Metamer	23
963	10664.jpg	P4_C4_Inani	Metamer	24
964	10665.jpg	P4_C4_Inani	Metamer	25
965	10666.jpg	P4_C4_Inani	Metamer	26
966	10667.jpg	P4_C4_Inani	Metamer	27
967	10668.jpg	P4_C4_Inani	Metamer	28
968	10669.jpg	P4_C4_Inani	Metamer	29
969	10670.jpg	P4_C4_Inani	Metamer	30
970	10671.jpg	P4_C4_Inani	Metamer	31
971	10672.jpg	P4_C4_Inani	Metamer	32
972	10673.jpg	P4_C4_Inani	Metamer	33
973	10674.jpg	P4_C4_Inani	Metamer	34
974	10675.jpg	P4_C4_Inani	Metamer	35
975	10676.jpg	P4_C4_Inani	Metamer	36
976	10677.jpg	P4_C4_Inani	Metamer	37
977	10678.jpg	P4_C4_Inani	Metamer	38
978	10679.jpg	P4_C4_Inani	Metamer	39
979	10680.jpg	P4_C4_Inani	Metamer	40
980	10681.jpg	P4_C3_Ani	Metamer	1
981	10682.jpg	P4_C3_Ani	Metamer	2
982	10683.jpg	P4_C3_Ani	Metamer	3
983	10684.jpg	P4_C3_Ani	Metamer	4
984	10685.jpg	P4_C3_Ani	Metamer	5
985	10686.jpg	P4_C3_Ani	Metamer	6
986	10687.jpg	P4_C3_Ani	Metamer	7
987	10688.jpg	P4_C3_Ani	Metamer	8
988	10689.jpg	P4_C3_Ani	Metamer	9
989	10690.jpg	P4_C3_Ani	Metamer	10
990	10691.jpg	P4_C3_Ani	Metamer	11
991	10692.jpg	P4_C3_Ani	Metamer	12
992	10693.jpg	P4_C3_Ani	Metamer	13
993	10694.jpg	P4_C3_Ani	Metamer	14
994	10695.jpg	P4_C3_Ani	Metamer	15
995	10696.jpg	P4_C3_Ani	Metamer	16
996	10697.jpg	P4_C3_Ani	Metamer	17
997	10698.jpg	P4_C3_Ani	Metamer	18
998	10699.jpg	P4_C3_Ani	Metamer	19
999	10700.jpg	P4_C3_Ani	Metamer	20
1000	10701.jpg	P4_C3_Inani	Metamer	21
1001	10702.jpg	P4_C3_Inani	Metamer	22
1002	10703.jpg	P4_C3_Inani	Metamer	23
1003	10704.jpg	P4_C3_Inani	Metamer	24
1004	10705.jpg	P4_C3_Inani	Metamer	25
1005	10706.jpg	P4_C3_Inani	Metamer	26
1006	10707.jpg	P4_C3_Inani	Metamer	27
1007	10708.jpg	P4_C3_Inani	Metamer	28
1008	10709.jpg	P4_C3_Inani	Metamer	29
1009	10710.jpg	P4_C3_Inani	Metamer	30
1010	10711.jpg	P4_C3_Inani	Metamer	31
1011	10712.jpg	P4_C3_Inani	Metamer	32
1012	10713.jpg	P4_C3_Inani	Metamer	33
1013	10714.jpg	P4_C3_Inani	Metamer	34
1014	10715.jpg	P4_C3_Inani	Metamer	35
1015	10716.jpg	P4_C3_Inani	Metamer	36
1016	10717.jpg	P4_C3_Inani	Metamer	37
1017	10718.jpg	P4_C3_Inani	Metamer	38
1018	10719.jpg	P4_C3_Inani	Metamer	39
1019	10720.jpg	P4_C3_Inani	Metamer	40
1020	10721.jpg	P4_C2_Ani	Metamer	1
1021	10722.jpg	P4_C2_Ani	Metamer	2
1022	10723.jpg	P4_C2_Ani	Metamer	3
1023	10724.jpg	P4_C2_Ani	Metamer	4
1024	10725.jpg	P4_C2_Ani	Metamer	5
1025	10726.jpg	P4_C2_Ani	Metamer	6
1026	10727.jpg	P4_C2_Ani	Metamer	7
1027	10728.jpg	P4_C2_Ani	Metamer	8
1028	10729.jpg	P4_C2_Ani	Metamer	9
1029	10730.jpg	P4_C2_Ani	Metamer	10
1030	10731.jpg	P4_C2_Ani	Metamer	11
1031	10732.jpg	P4_C2_Ani	Metamer	12
1032	10733.jpg	P4_C2_Ani	Metamer	13
1033	10734.jpg	P4_C2_Ani	Metamer	14
1034	10735.jpg	P4_C2_Ani	Metamer	15
1035	10736.jpg	P4_C2_Ani	Metamer	16
1036	10737.jpg	P4_C2_Ani	Metamer	17
1037	10738.jpg	P4_C2_Ani	Metamer	18
1038	10739.jpg	P4_C2_Ani	Metamer	19
1039	10740.jpg	P4_C2_Ani	Metamer	20
1040	10741.jpg	P4_C2_Inani	Metamer	21
1041	10742.jpg	P4_C2_Inani	Metamer	22
1042	10743.jpg	P4_C2_Inani	Metamer	23
1043	10744.jpg	P4_C2_Inani	Metamer	24
1044	10745.jpg	P4_C2_Inani	Metamer	25
1045	10746.jpg	P4_C2_Inani	Metamer	26
1046	10747.jpg	P4_C2_Inani	Metamer	27
1047	10748.jpg	P4_C2_Inani	Metamer	28
1048	10749.jpg	P4_C2_Inani	Metamer	29
1049	10750.jpg	P4_C2_Inani	Metamer	30
1050	10751.jpg	P4_C2_Inani	Metamer	31
1051	10752.jpg	P4_C2_Inani	Metamer	32
1052	10753.jpg	P4_C2_Inani	Metamer	33
1053	10754.jpg	P4_C2_Inani	Metamer	34
1054	10755.jpg	P4_C2_Inani	Metamer	35
1055	10756.jpg	P4_C2_Inani	Metamer	36
1056	10757.jpg	P4_C2_Inani	Metamer	37
1057	10758.jpg	P4_C2_Inani	Metamer	38
1058	10759.jpg	P4_C2_Inani	Metamer	39
1059	10760.jpg	P4_C2_Inani	Metamer	40
1060	10761.jpg	P4_C1_Ani	Metamer	1
1061	10762.jpg	P4_C1_Ani	Metamer	2
1062	10763.jpg	P4_C1_Ani	Metamer	3
1063	10764.jpg	P4_C1_Ani	Metamer	4
1064	10765.jpg	P4_C1_Ani	Metamer	5
1065	10766.jpg	P4_C1_Ani	Metamer	6
1066	10767.jpg	P4_C1_Ani	Metamer	7
1067	10768.jpg	P4_C1_Ani	Metamer	8
1068	10769.jpg	P4_C1_Ani	Metamer	9
1069	10770.jpg	P4_C1_Ani	Metamer	10
1070	10771.jpg	P4_C1_Ani	Metamer	11
1071	10772.jpg	P4_C1_Ani	Metamer	12
1072	10773.jpg	P4_C1_Ani	Metamer	13
1073	10774.jpg	P4_C1_Ani	Metamer	14
1074	10775.jpg	P4_C1_Ani	Metamer	15
1075	10776.jpg	P4_C1_Ani	Metamer	16
1076	10777.jpg	P4_C1_Ani	Metamer	17
1077	10778.jpg	P4_C1_Ani	Metamer	18
1078	10779.jpg	P4_C1_Ani	Metamer	19
1079	10780.jpg	P4_C1_Ani	Metamer	20
1080	10781.jpg	P4_C1_Inani	Metamer	21
1081	10782.jpg	P4_C1_Inani	Metamer	22
1082	10783.jpg	P4_C1_Inani	Metamer	23
1083	10784.jpg	P4_C1_Inani	Metamer	24
1084	10785.jpg	P4_C1_Inani	Metamer	25
1085	10786.jpg	P4_C1_Inani	Metamer	26
1086	10787.jpg	P4_C1_Inani	Metamer	27
1087	10788.jpg	P4_C1_Inani	Metamer	28
1088	10789.jpg	P4_C1_Inani	Metamer	29
1089	10790.jpg	P4_C1_Inani	Metamer	30
1090	10791.jpg	P4_C1_Inani	Metamer	31
1091	10792.jpg	P4_C1_Inani	Metamer	32
1092	10793.jpg	P4_C1_Inani	Metamer	33
1093	10794.jpg	P4_C1_Inani	Metamer	34
1094	10795.jpg	P4_C1_Inani	Metamer	35
1095	10796.jpg	P4_C1_Inani	Metamer	36
1096	10797.jpg	P4_C1_Inani	Metamer	37
1097	10798.jpg	P4_C1_Inani	Metamer	38
1098	10799.jpg	P4_C1_Inani	Metamer	39
1099	10800.jpg	P4_C1_Inani	Metamer	40
1100	10801.jpg	Raw_Raw_Ani	Metamer	1
1101	10802.jpg	Raw_Raw_Ani	Metamer	2
1102	10803.jpg	Raw_Raw_Ani	Metamer	3
1103	10804.jpg	Raw_Raw_Ani	Metamer	4
1104	10805.jpg	Raw_Raw_Ani	Metamer	5
1105	10806.jpg	Raw_Raw_Ani	Metamer	6
1106	10807.jpg	Raw_Raw_Ani	Metamer	7
1107	10808.jpg	Raw_Raw_Ani	Metamer	8
1108	10809.jpg	Raw_Raw_Ani	Metamer	9
1109	10810.jpg	Raw_Raw_Ani	Metamer	10
1110	10811.jpg	Raw_Raw_Ani	Metamer	11
1111	10812.jpg	Raw_Raw_Ani	Metamer	12
1112	10813.jpg	Raw_Raw_Ani	Metamer	13
1113	10814.jpg	Raw_Raw_Ani	Metamer	14
1114	10815.jpg	Raw_Raw_Ani	Metamer	15
1115	10816.jpg	Raw_Raw_Ani	Metamer	16
1116	10817.jpg	Raw_Raw_Ani	Metamer	17
1117	10818.jpg	Raw_Raw_Ani	Metamer	18
1118	10819.jpg	Raw_Raw_Ani	Metamer	19
1119	10820.jpg	Raw_Raw_Ani	Metamer	20
1120	10821.jpg	Raw_Raw_Inani	Metamer	21
1121	10822.jpg	Raw_Raw_Inani	Metamer	22
1122	10823.jpg	Raw_Raw_Inani	Metamer	23
1123	10824.jpg	Raw_Raw_Inani	Metamer	24
1124	10825.jpg	Raw_Raw_Inani	Metamer	25
1125	10826.jpg	Raw_Raw_Inani	Metamer	26
1126	10827.jpg	Raw_Raw_Inani	Metamer	27
1127	10828.jpg	Raw_Raw_Inani	Metamer	28
1128	10829.jpg	Raw_Raw_Inani	Metamer	29
1129	10830.jpg	Raw_Raw_Inani	Metamer	30
1130	10831.jpg	Raw_Raw_Inani	Metamer	31
1131	10832.jpg	Raw_Raw_Inani	Metamer	32
1132	10833.jpg	Raw_Raw_Inani	Metamer	33
1133	10834.jpg	Raw_Raw_Inani	Metamer	34
1134	10835.jpg	Raw_Raw_Inani	Metamer	35
1135	10836.jpg	Raw_Raw_Inani	Metamer	36
1136	10837.jpg	Raw_Raw_Inani	Metamer	37
1137	10838.jpg	Raw_Raw_Inani	Metamer	38
1138	10839.jpg	Raw_Raw_Inani	Metamer	39
1139	10840.jpg	Raw_Raw_Inani	Metamer	40
1140	10841.jpg	P4_C4_Ani	Metamer	1
1141	10842.jpg	P4_C4_Ani	Metamer	2
1142	10843.jpg	P4_C4_Ani	Metamer	3
1143	10844.jpg	P4_C4_Ani	Metamer	4
1144	10845.jpg	P4_C4_Ani	Metamer	5
1145	10846.jpg	P4_C4_Ani	Metamer	6
1146	10847.jpg	P4_C4_Ani	Metamer	7
1147	10848.jpg	P4_C4_Ani	Metamer	8
1148	10849.jpg	P4_C4_Ani	Metamer	9
1149	10850.jpg	P4_C4_Ani	Metamer	10
1150	10851.jpg	P4_C4_Ani	Metamer	11
1151	10852.jpg	P4_C4_Ani	Metamer	12
1152	10853.jpg	P4_C4_Ani	Metamer	13
1153	10854.jpg	P4_C4_Ani	Metamer	14
1154	10855.jpg	P4_C4_Ani	Metamer	15
1155	10856.jpg	P4_C4_Ani	Metamer	16
1156	10857.jpg	P4_C4_Ani	Metamer	17
1157	10858.jpg	P4_C4_Ani	Metamer	18
1158	10859.jpg	P4_C4_Ani	Metamer	19
1159	10860.jpg	P4_C4_Ani	Metamer	20
1160	10861.jpg	P4_C4_Inani	Metamer	21
1161	10862.jpg	P4_C4_Inani	Metamer	22
1162	10863.jpg	P4_C4_Inani	Metamer	23
1163	10864.jpg	P4_C4_Inani	Metamer	24
1164	10865.jpg	P4_C4_Inani	Metamer	25
1165	10866.jpg	P4_C4_Inani	Metamer	26
1166	10867.jpg	P4_C4_Inani	Metamer	27
1167	10868.jpg	P4_C4_Inani	Metamer	28
1168	10869.jpg	P4_C4_Inani	Metamer	29
1169	10870.jpg	P4_C4_Inani	Metamer	30
1170	10871.jpg	P4_C4_Inani	Metamer	31
1171	10872.jpg	P4_C4_Inani	Metamer	32
1172	10873.jpg	P4_C4_Inani	Metamer	33
1173	10874.jpg	P4_C4_Inani	Metamer	34
1174	10875.jpg	P4_C4_Inani	Metamer	35
1175	10876.jpg	P4_C4_Inani	Metamer	36
1176	10877.jpg	P4_C4_Inani	Metamer	37
1177	10878.jpg	P4_C4_Inani	Metamer	38
1178	10879.jpg	P4_C4_Inani	Metamer	39
1179	10880.jpg	P4_C4_Inani	Metamer	40
1180	10881.jpg	P4_C3_Ani	Metamer	1
1181	10882.jpg	P4_C3_Ani	Metamer	2
1182	10883.jpg	P4_C3_Ani	Metamer	3
1183	10884.jpg	P4_C3_Ani	Metamer	4
1184	10885.jpg	P4_C3_Ani	Metamer	5
1185	10886.jpg	P4_C3_Ani	Metamer	6
1186	10887.jpg	P4_C3_Ani	Metamer	7
1187	10888.jpg	P4_C3_Ani	Metamer	8
1188	10889.jpg	P4_C3_Ani	Metamer	9
1189	10890.jpg	P4_C3_Ani	Metamer	10
1190	10891.jpg	P4_C3_Ani	Metamer	11
1191	10892.jpg	P4_C3_Ani	Metamer	12
1192	10893.jpg	P4_C3_Ani	Metamer	13
1193	10894.jpg	P4_C3_Ani	Metamer	14
1194	10895.jpg	P4_C3_Ani	Metamer	15
1195	10896.jpg	P4_C3_Ani	Metamer	16
1196	10897.jpg	P4_C3_Ani	Metamer	17
1197	10898.jpg	P4_C3_Ani	Metamer	18
1198	10899.jpg	P4_C3_Ani	Metamer	19
1199	10900.jpg	P4_C3_Ani	Metamer	20
1200	10901.jpg	P4_C3_Inani	Metamer	21
1201	10902.jpg	P4_C3_Inani	Metamer	22
1202	10903.jpg	P4_C3_Inani	Metamer	23
1203	10904.jpg	P4_C3_Inani	Metamer	24
1204	10905.jpg	P4_C3_Inani	Metamer	25
1205	10906.jpg	P4_C3_Inani	Metamer	26
1206	10907.jpg	P4_C3_Inani	Metamer	27
1207	10908.jpg	P4_C3_Inani	Metamer	28
1208	10909.jpg	P4_C3_Inani	Metamer	29
1209	10910.jpg	P4_C3_Inani	Metamer	30
1210	10911.jpg	P4_C3_Inani	Metamer	31
1211	10912.jpg	P4_C3_Inani	Metamer	32
1212	10913.jpg	P4_C3_Inani	Metamer	33
1213	10914.jpg	P4_C3_Inani	Metamer	34
1214	10915.jpg	P4_C3_Inani	Metamer	35
1215	10916.jpg	P4_C3_Inani	Metamer	36
1216	10917.jpg	P4_C3_Inani	Metamer	37
1217	10918.jpg	P4_C3_Inani	Metamer	38
1218	10919.jpg	P4_C3_Inani	Metamer	39
1219	10920.jpg	P4_C3_Inani	Metamer	40
1220	10921.jpg	P4_C2_Ani	Metamer	1
1221	10922.jpg	P4_C2_Ani	Metamer	2
1222	10923.jpg	P4_C2_Ani	Metamer	3
1223	10924.jpg	P4_C2_Ani	Metamer	4
1224	10925.jpg	P4_C2_Ani	Metamer	5
1225	10926.jpg	P4_C2_Ani	Metamer	6
1226	10927.jpg	P4_C2_Ani	Metamer	7
1227	10928.jpg	P4_C2_Ani	Metamer	8
1228	10929.jpg	P4_C2_Ani	Metamer	9
1229	10930.jpg	P4_C2_Ani	Metamer	10
1230	10931.jpg	P4_C2_Ani	Metamer	11
1231	10932.jpg	P4_C2_Ani	Metamer	12
1232	10933.jpg	P4_C2_Ani	Metamer	13
1233	10934.jpg	P4_C2_Ani	Metamer	14
1234	10935.jpg	P4_C2_Ani	Metamer	15
1235	10936.jpg	P4_C2_Ani	Metamer	16
1236	10937.jpg	P4_C2_Ani	Metamer	17
1237	10938.jpg	P4_C2_Ani	Metamer	18
1238	10939.jpg	P4_C2_Ani	Metamer	19
1239	10940.jpg	P4_C2_Ani	Metamer	20
1240	10941.jpg	P4_C2_Inani	Metamer	21
1241	10942.jpg	P4_C2_Inani	Metamer	22
1242	10943.jpg	P4_C2_Inani	Metamer	23
1243	10944.jpg	P4_C2_Inani	Metamer	24
1244	10945.jpg	P4_C2_Inani	Metamer	25
1245	10946.jpg	P4_C2_Inani	Metamer	26
1246	10947.jpg	P4_C2_Inani	Metamer	27
1247	10948.jpg	P4_C2_Inani	Metamer	28
1248	10949.jpg	P4_C2_Inani	Metamer	29
1249	10950.jpg	P4_C2_Inani	Metamer	30
1250	10951.jpg	P4_C2_Inani	Metamer	31
1251	10952.jpg	P4_C2_Inani	Metamer	32
1252	10953.jpg	P4_C2_Inani	Metamer	33
1253	10954.jpg	P4_C2_Inani	Metamer	34
1254	10955.jpg	P4_C2_Inani	Metamer	35
1255	10956.jpg	P4_C2_Inani	Metamer	36
1256	10957.jpg	P4_C2_Inani	Metamer	37
1257	10958.jpg	P4_C2_Inani	Metamer	38
1258	10959.jpg	P4_C2_Inani	Metamer	39
1259	10960.jpg	P4_C2_Inani	Metamer	40
1260	10961.jpg	P4_C1_Ani	Metamer	1
1261	10962.jpg	P4_C1_Ani	Metamer	2
1262	10963.jpg	P4_C1_Ani	Metamer	3
1263	10964.jpg	P4_C1_Ani	Metamer	4
1264	10965.jpg	P4_C1_Ani	Metamer	5
1265	10966.jpg	P4_C1_Ani	Metamer	6
1266	10967.jpg	P4_C1_Ani	Metamer	7
1267	10968.jpg	P4_C1_Ani	Metamer	8
1268	10969.jpg	P4_C1_Ani	Metamer	9
1269	10970.jpg	P4_C1_Ani	Metamer	10
1270	10971.jpg	P4_C1_Ani	Metamer	11
1271	10972.jpg	P4_C1_Ani	Metamer	12
1272	10973.jpg	P4_C1_Ani	Metamer	13
1273	10974.jpg	P4_C1_Ani	Metamer	14
1274	10975.jpg	P4_C1_Ani	Metamer	15
1275	10976.jpg	P4_C1_Ani	Metamer	16
1276	10977.jpg	P4_C1_Ani	Metamer	17
1277	10978.jpg	P4_C1_Ani	Metamer	18
1278	10979.jpg	P4_C1_Ani	Metamer	19
1279	10980.jpg	P4_C1_Ani	Metamer	20
1280	10981.jpg	P4_C1_Inani	Metamer	21
1281	10982.jpg	P4_C1_Inani	Metamer	22
1282	10983.jpg	P4_C1_Inani	Metamer	23
1283	10984.jpg	P4_C1_Inani	Metamer	24
1284	10985.jpg	P4_C1_Inani	Metamer	25
1285	10986.jpg	P4_C1_Inani	Metamer	26
1286	10987.jpg	P4_C1_Inani	Metamer	27
1287	10988.jpg	P4_C1_Inani	Metamer	28
1288	10989.jpg	P4_C1_Inani	Metamer	29
1289	10990.jpg	P4_C1_Inani	Metamer	30
1290	10991.jpg	P4_C1_Inani	Metamer	31
1291	10992.jpg	P4_C1_Inani	Metamer	32
1292	10993.jpg	P4_C1_Inani	Metamer	33
1293	10994.jpg	P4_C1_Inani	Metamer	34
1294	10995.jpg	P4_C1_Inani	Metamer	35
1295	10996.jpg	P4_C1_Inani	Metamer	36
1296	10997.jpg	P4_C1_Inani	Metamer	37
1297	10998.jpg	P4_C1_Inani	Metamer	38
1298	10999.jpg	P4_C1_Inani	Metamer	39
1299	11000.jpg	P4_C1_Inani	Metamer	40
1300	20001.jpg	Gray_Ani	Color_Ver	1
1301	20002.jpg	Gray_Ani	Color_Ver	2
1302	20003.jpg	Gray_Ani	Color_Ver	3
1303	20004.jpg	Gray_Ani	Color_Ver	4
1304	20005.jpg	Gray_Ani	Color_Ver	5
1305	20006.jpg	Gray_Ani	Color_Ver	6
1306	20007.jpg	Gray_Ani	Color_Ver	7
1307	20008.jpg	Gray_Ani	Color_Ver	8
1308	20009.jpg	Gray_Ani	Color_Ver	9
1309	20010.jpg	Gray_Ani	Color_Ver	10
1310	20011.jpg	Gray_Ani	Color_Ver	11
1311	20012.jpg	Gray_Ani	Color_Ver	12
1312	20013.jpg	Gray_Ani	Color_Ver	13
1313	20014.jpg	Gray_Ani	Color_Ver	14
1314	20015.jpg	Gray_Ani	Color_Ver	15
1315	20016.jpg	Gray_Ani	Color_Ver	16
1316	20017.jpg	Gray_Ani	Color_Ver	17
1317	20018.jpg	Gray_Ani	Color_Ver	18
1318	20019.jpg	Gray_Ani	Color_Ver	19
1319	20020.jpg	Gray_Ani	Color_Ver	20
1320	20021.jpg	Rev_Ani	Color_Ver	1
1321	20022.jpg	Rev_Ani	Color_Ver	2
1322	20023.jpg	Rev_Ani	Color_Ver	3
1323	20024.jpg	Rev_Ani	Color_Ver	4
1324	20025.jpg	Rev_Ani	Color_Ver	5
1325	20026.jpg	Rev_Ani	Color_Ver	6
1326	20027.jpg	Rev_Ani	Color_Ver	7
1327	20028.jpg	Rev_Ani	Color_Ver	8
1328	20029.jpg	Rev_Ani	Color_Ver	9
1329	20030.jpg	Rev_Ani	Color_Ver	10
1330	20031.jpg	Rev_Ani	Color_Ver	11
1331	20032.jpg	Rev_Ani	Color_Ver	12
1332	20033.jpg	Rev_Ani	Color_Ver	13
1333	20034.jpg	Rev_Ani	Color_Ver	14
1334	20035.jpg	Rev_Ani	Color_Ver	15
1335	20036.jpg	Rev_Ani	Color_Ver	16
1336	20037.jpg	Rev_Ani	Color_Ver	17
1337	20038.jpg	Rev_Ani	Color_Ver	18
1338	20039.jpg	Rev_Ani	Color_Ver	19
1339	20040.jpg	Rev_Ani	Color_Ver	20
1340	20041.jpg	Red_Ani	Color_Ver	1
1341	20042.jpg	Red_Ani	Color_Ver	2
1342	20043.jpg	Red_Ani	Color_Ver	3
1343	20044.jpg	Red_Ani	Color_Ver	4
1344	20045.jpg	Red_Ani	Color_Ver	5
1345	20046.jpg	Red_Ani	Color_Ver	6
1346	20047.jpg	Red_Ani	Color_Ver	7
1347	20048.jpg	Red_Ani	Color_Ver	8
1348	20049.jpg	Red_Ani	Color_Ver	9
1349	20050.jpg	Red_Ani	Color_Ver	10
1350	20051.jpg	Red_Ani	Color_Ver	11
1351	20052.jpg	Red_Ani	Color_Ver	12
1352	20053.jpg	Red_Ani	Color_Ver	13
1353	20054.jpg	Red_Ani	Color_Ver	14
1354	20055.jpg	Red_Ani	Color_Ver	15
1355	20056.jpg	Red_Ani	Color_Ver	16
1356	20057.jpg	Red_Ani	Color_Ver	17
1357	20058.jpg	Red_Ani	Color_Ver	18
1358	20059.jpg	Red_Ani	Color_Ver	19
1359	20060.jpg	Red_Ani	Color_Ver	20
1360	20061.jpg	Green_Ani	Color_Ver	1
1361	20062.jpg	Green_Ani	Color_Ver	2
1362	20063.jpg	Green_Ani	Color_Ver	3
1363	20064.jpg	Green_Ani	Color_Ver	4
1364	20065.jpg	Green_Ani	Color_Ver	5
1365	20066.jpg	Green_Ani	Color_Ver	6
1366	20067.jpg	Green_Ani	Color_Ver	7
1367	20068.jpg	Green_Ani	Color_Ver	8
1368	20069.jpg	Green_Ani	Color_Ver	9
1369	20070.jpg	Green_Ani	Color_Ver	10
1370	20071.jpg	Green_Ani	Color_Ver	11
1371	20072.jpg	Green_Ani	Color_Ver	12
1372	20073.jpg	Green_Ani	Color_Ver	13
1373	20074.jpg	Green_Ani	Color_Ver	14
1374	20075.jpg	Green_Ani	Color_Ver	15
1375	20076.jpg	Green_Ani	Color_Ver	16
1376	20077.jpg	Green_Ani	Color_Ver	17
1377	20078.jpg	Green_Ani	Color_Ver	18
1378	20079.jpg	Green_Ani	Color_Ver	19
1379	20080.jpg	Green_Ani	Color_Ver	20
1380	20081.jpg	Blue_Ani	Color_Ver	1
1381	20082.jpg	Blue_Ani	Color_Ver	2
1382	20083.jpg	Blue_Ani	Color_Ver	3
1383	20084.jpg	Blue_Ani	Color_Ver	4
1384	20085.jpg	Blue_Ani	Color_Ver	5
1385	20086.jpg	Blue_Ani	Color_Ver	6
1386	20087.jpg	Blue_Ani	Color_Ver	7
1387	20088.jpg	Blue_Ani	Color_Ver	8
1388	20089.jpg	Blue_Ani	Color_Ver	9
1389	20090.jpg	Blue_Ani	Color_Ver	10
1390	20091.jpg	Blue_Ani	Color_Ver	11
1391	20092.jpg	Blue_Ani	Color_Ver	12
1392	20093.jpg	Blue_Ani	Color_Ver	13
1393	20094.jpg	Blue_Ani	Color_Ver	14
1394	20095.jpg	Blue_Ani	Color_Ver	15
1395	20096.jpg	Blue_Ani	Color_Ver	16
1396	20097.jpg	Blue_Ani	Color_Ver	17
1397	20098.jpg	Blue_Ani	Color_Ver	18
1398	20099.jpg	Blue_Ani	Color_Ver	19
1399	20100.jpg	Blue_Ani	Color_Ver	20
1400	30001.jpg	Boulder	Boulder_Silct	1
1401	30002.jpg	Boulder	Boulder_Silct	2
1402	30003.jpg	Boulder	Boulder_Silct	3
1403	30004.jpg	Boulder	Boulder_Silct	4
1404	30005.jpg	Boulder	Boulder_Silct	5
1405	30006.jpg	Boulder	Boulder_Silct	6
1406	30007.jpg	Boulder	Boulder_Silct	7
1407	30008.jpg	Boulder	Boulder_Silct	8
1408	30009.jpg	Boulder	Boulder_Silct	9
1409	30010.jpg	Boulder	Boulder_Silct	10
1410	30011.jpg	Boulder	Boulder_Silct	11
1411	30012.jpg	Boulder	Boulder_Silct	12
1412	30013.jpg	Boulder	Boulder_Silct	13
1413	30014.jpg	Boulder	Boulder_Silct	14
1414	30015.jpg	Boulder	Boulder_Silct	15
1415	30016.jpg	Boulder	Boulder_Silct	16
1416	30017.jpg	Boulder	Boulder_Silct	17
1417	30018.jpg	Boulder	Boulder_Silct	18
1418	30019.jpg	Boulder	Boulder_Silct	19
1419	30020.jpg	Boulder	Boulder_Silct	20
1420	30021.jpg	Silct	Boulder_Silct	1
1421	30022.jpg	Silct	Boulder_Silct	2
1422	30023.jpg	Silct	Boulder_Silct	3
1423	30024.jpg	Silct	Boulder_Silct	4
1424	30025.jpg	Silct	Boulder_Silct	5
1425	30026.jpg	Silct	Boulder_Silct	6
1426	30027.jpg	Silct	Boulder_Silct	7
1427	30028.jpg	Silct	Boulder_Silct	8
1428	30029.jpg	Silct	Boulder_Silct	9
1429	30030.jpg	Silct	Boulder_Silct	10
1430	30031.jpg	Silct	Boulder_Silct	11
1431	30032.jpg	Silct	Boulder_Silct	12
1432	30033.jpg	Silct	Boulder_Silct	13
1433	30034.jpg	Silct	Boulder_Silct	14
1434	30035.jpg	Silct	Boulder_Silct	15
1435	30036.jpg	Silct	Boulder_Silct	16
1436	30037.jpg	Silct	Boulder_Silct	17
1437	30038.jpg	Silct	Boulder_Silct	18
1438	30039.jpg	Silct	Boulder_Silct	19
1439	30040.jpg	Silct	Boulder_Silct	20
1440	50041.jpg	Cut12_C4_S3	Cut_Shuffle	1
1441	50042.jpg	Cut12_C4_S3	Cut_Shuffle	2
1442	50043.jpg	Cut12_C4_S3	Cut_Shuffle	3
1443	50044.jpg	Cut12_C4_S3	Cut_Shuffle	4
1444	50045.jpg	Cut12_C4_S3	Cut_Shuffle	5
1445	50046.jpg	Cut12_C4_S3	Cut_Shuffle	6
1446	50047.jpg	Cut12_C4_S3	Cut_Shuffle	7
1447	50048.jpg	Cut12_C4_S3	Cut_Shuffle	8
1448	50049.jpg	Cut12_C4_S3	Cut_Shuffle	9
1449	50050.jpg	Cut12_C4_S3	Cut_Shuffle	10
1450	50051.jpg	Cut12_C4_S3	Cut_Shuffle	11
1451	50052.jpg	Cut12_C4_S3	Cut_Shuffle	12
1452	50053.jpg	Cut12_C4_S3	Cut_Shuffle	13
1453	50054.jpg	Cut12_C4_S3	Cut_Shuffle	14
1454	50055.jpg	Cut12_C4_S3	Cut_Shuffle	15
1455	50056.jpg	Cut12_C4_S3	Cut_Shuffle	16
1456	50057.jpg	Cut12_C4_S3	Cut_Shuffle	17
1457	50058.jpg	Cut12_C4_S3	Cut_Shuffle	18
1458	50059.jpg	Cut12_C4_S3	Cut_Shuffle	19
1459	50060.jpg	Cut12_C4_S3	Cut_Shuffle	20
1460	50061.jpg	Cut12_C4_S3	Cut_Shuffle	21
1461	50062.jpg	Cut12_C4_S3	Cut_Shuffle	22
1462	50063.jpg	Cut12_C4_S3	Cut_Shuffle	23
1463	50064.jpg	Cut12_C4_S3	Cut_Shuffle	24
1464	50065.jpg	Cut12_C4_S3	Cut_Shuffle	25
1465	50066.jpg	Cut12_C4_S3	Cut_Shuffle	26
1466	50067.jpg	Cut12_C4_S3	Cut_Shuffle	27
1467	50068.jpg	Cut12_C4_S3	Cut_Shuffle	28
1468	50069.jpg	Cut12_C4_S3	Cut_Shuffle	29
1469	50070.jpg	Cut12_C4_S3	Cut_Shuffle	30
1470	50071.jpg	Cut12_C4_S3	Cut_Shuffle	31
1471	50072.jpg	Cut12_C4_S3	Cut_Shuffle	32
1472	50073.jpg	Cut12_C4_S3	Cut_Shuffle	33
1473	50074.jpg	Cut12_C4_S3	Cut_Shuffle	34
1474	50075.jpg	Cut12_C4_S3	Cut_Shuffle	35
1475	50076.jpg	Cut12_C4_S3	Cut_Shuffle	36
1476	50077.jpg	Cut12_C4_S3	Cut_Shuffle	37
1477	50078.jpg	Cut12_C4_S3	Cut_Shuffle	38
1478	50079.jpg	Cut12_C4_S3	Cut_Shuffle	39
1479	50080.jpg	Cut12_C4_S3	Cut_Shuffle	40
1480	50081.jpg	Cut12_C3_S4	Cut_Shuffle	1
1481	50082.jpg	Cut12_C3_S4	Cut_Shuffle	2
1482	50083.jpg	Cut12_C3_S4	Cut_Shuffle	3
1483	50084.jpg	Cut12_C3_S4	Cut_Shuffle	4
1484	50085.jpg	Cut12_C3_S4	Cut_Shuffle	5
1485	50086.jpg	Cut12_C3_S4	Cut_Shuffle	6
1486	50087.jpg	Cut12_C3_S4	Cut_Shuffle	7
1487	50088.jpg	Cut12_C3_S4	Cut_Shuffle	8
1488	50089.jpg	Cut12_C3_S4	Cut_Shuffle	9
1489	50090.jpg	Cut12_C3_S4	Cut_Shuffle	10
1490	50091.jpg	Cut12_C3_S4	Cut_Shuffle	11
1491	50092.jpg	Cut12_C3_S4	Cut_Shuffle	12
1492	50093.jpg	Cut12_C3_S4	Cut_Shuffle	13
1493	50094.jpg	Cut12_C3_S4	Cut_Shuffle	14
1494	50095.jpg	Cut12_C3_S4	Cut_Shuffle	15
1495	50096.jpg	Cut12_C3_S4	Cut_Shuffle	16
1496	50097.jpg	Cut12_C3_S4	Cut_Shuffle	17
1497	50098.jpg	Cut12_C3_S4	Cut_Shuffle	18
1498	50099.jpg	Cut12_C3_S4	Cut_Shuffle	19
1499	50100.jpg	Cut12_C3_S4	Cut_Shuffle	20
1500	50101.jpg	Cut12_C3_S4	Cut_Shuffle	21
1501	50102.jpg	Cut12_C3_S4	Cut_Shuffle	22
1502	50103.jpg	Cut12_C3_S4	Cut_Shuffle	23
1503	50104.jpg	Cut12_C3_S4	Cut_Shuffle	24
1504	50105.jpg	Cut12_C3_S4	Cut_Shuffle	25
1505	50106.jpg	Cut12_C3_S4	Cut_Shuffle	26
1506	50107.jpg	Cut12_C3_S4	Cut_Shuffle	27
1507	50108.jpg	Cut12_C3_S4	Cut_Shuffle	28
1508	50109.jpg	Cut12_C3_S4	Cut_Shuffle	29
1509	50110.jpg	Cut12_C3_S4	Cut_Shuffle	30
1510	50111.jpg	Cut12_C3_S4	Cut_Shuffle	31
1511	50112.jpg	Cut12_C3_S4	Cut_Shuffle	32
1512	50113.jpg	Cut12_C3_S4	Cut_Shuffle	33
1513	50114.jpg	Cut12_C3_S4	Cut_Shuffle	34
1514	50115.jpg	Cut12_C3_S4	Cut_Shuffle	35
1515	50116.jpg	Cut12_C3_S4	Cut_Shuffle	36
1516	50117.jpg	Cut12_C3_S4	Cut_Shuffle	37
1517	50118.jpg	Cut12_C3_S4	Cut_Shuffle	38
1518	50119.jpg	Cut12_C3_S4	Cut_Shuffle	39
1519	50120.jpg	Cut12_C3_S4	Cut_Shuffle	40
1520	50121.jpg	Cut12_C2_S6	Cut_Shuffle	1
1521	50122.jpg	Cut12_C2_S6	Cut_Shuffle	2
1522	50123.jpg	Cut12_C2_S6	Cut_Shuffle	3
1523	50124.jpg	Cut12_C2_S6	Cut_Shuffle	4
1524	50125.jpg	Cut12_C2_S6	Cut_Shuffle	5
1525	50126.jpg	Cut12_C2_S6	Cut_Shuffle	6
1526	50127.jpg	Cut12_C2_S6	Cut_Shuffle	7
1527	50128.jpg	Cut12_C2_S6	Cut_Shuffle	8
1528	50129.jpg	Cut12_C2_S6	Cut_Shuffle	9
1529	50130.jpg	Cut12_C2_S6	Cut_Shuffle	10
1530	50131.jpg	Cut12_C2_S6	Cut_Shuffle	11
1531	50132.jpg	Cut12_C2_S6	Cut_Shuffle	12
1532	50133.jpg	Cut12_C2_S6	Cut_Shuffle	13
1533	50134.jpg	Cut12_C2_S6	Cut_Shuffle	14
1534	50135.jpg	Cut12_C2_S6	Cut_Shuffle	15
1535	50136.jpg	Cut12_C2_S6	Cut_Shuffle	16
1536	50137.jpg	Cut12_C2_S6	Cut_Shuffle	17
1537	50138.jpg	Cut12_C2_S6	Cut_Shuffle	18
1538	50139.jpg	Cut12_C2_S6	Cut_Shuffle	19
1539	50140.jpg	Cut12_C2_S6	Cut_Shuffle	20
1540	50141.jpg	Cut12_C2_S6	Cut_Shuffle	21
1541	50142.jpg	Cut12_C2_S6	Cut_Shuffle	22
1542	50143.jpg	Cut12_C2_S6	Cut_Shuffle	23
1543	50144.jpg	Cut12_C2_S6	Cut_Shuffle	24
1544	50145.jpg	Cut12_C2_S6	Cut_Shuffle	25
1545	50146.jpg	Cut12_C2_S6	Cut_Shuffle	26
1546	50147.jpg	Cut12_C2_S6	Cut_Shuffle	27
1547	50148.jpg	Cut12_C2_S6	Cut_Shuffle	28
1548	50149.jpg	Cut12_C2_S6	Cut_Shuffle	29
1549	50150.jpg	Cut12_C2_S6	Cut_Shuffle	30
1550	50151.jpg	Cut12_C2_S6	Cut_Shuffle	31
1551	50152.jpg	Cut12_C2_S6	Cut_Shuffle	32
1552	50153.jpg	Cut12_C2_S6	Cut_Shuffle	33
1553	50154.jpg	Cut12_C2_S6	Cut_Shuffle	34
1554	50155.jpg	Cut12_C2_S6	Cut_Shuffle	35
1555	50156.jpg	Cut12_C2_S6	Cut_Shuffle	36
1556	50157.jpg	Cut12_C2_S6	Cut_Shuffle	37
1557	50158.jpg	Cut12_C2_S6	Cut_Shuffle	38
1558	50159.jpg	Cut12_C2_S6	Cut_Shuffle	39
1559	50160.jpg	Cut12_C2_S6	Cut_Shuffle	40
1560	50161.jpg	Cut12_C1_S12	Cut_Shuffle	1
1561	50162.jpg	Cut12_C1_S12	Cut_Shuffle	2
1562	50163.jpg	Cut12_C1_S12	Cut_Shuffle	3
1563	50164.jpg	Cut12_C1_S12	Cut_Shuffle	4
1564	50165.jpg	Cut12_C1_S12	Cut_Shuffle	5
1565	50166.jpg	Cut12_C1_S12	Cut_Shuffle	6
1566	50167.jpg	Cut12_C1_S12	Cut_Shuffle	7
1567	50168.jpg	Cut12_C1_S12	Cut_Shuffle	8
1568	50169.jpg	Cut12_C1_S12	Cut_Shuffle	9
1569	50170.jpg	Cut12_C1_S12	Cut_Shuffle	10
1570	50171.jpg	Cut12_C1_S12	Cut_Shuffle	11
1571	50172.jpg	Cut12_C1_S12	Cut_Shuffle	12
1572	50173.jpg	Cut12_C1_S12	Cut_Shuffle	13
1573	50174.jpg	Cut12_C1_S12	Cut_Shuffle	14
1574	50175.jpg	Cut12_C1_S12	Cut_Shuffle	15
1575	50176.jpg	Cut12_C1_S12	Cut_Shuffle	16
1576	50177.jpg	Cut12_C1_S12	Cut_Shuffle	17
1577	50178.jpg	Cut12_C1_S12	Cut_Shuffle	18
1578	50179.jpg	Cut12_C1_S12	Cut_Shuffle	19
1579	50180.jpg	Cut12_C1_S12	Cut_Shuffle	20
1580	50181.jpg	Cut12_C1_S12	Cut_Shuffle	21
1581	50182.jpg	Cut12_C1_S12	Cut_Shuffle	22
1582	50183.jpg	Cut12_C1_S12	Cut_Shuffle	23
1583	50184.jpg	Cut12_C1_S12	Cut_Shuffle	24
1584	50185.jpg	Cut12_C1_S12	Cut_Shuffle	25
1585	50186.jpg	Cut12_C1_S12	Cut_Shuffle	26
1586	50187.jpg	Cut12_C1_S12	Cut_Shuffle	27
1587	50188.jpg	Cut12_C1_S12	Cut_Shuffle	28
1588	50189.jpg	Cut12_C1_S12	Cut_Shuffle	29
1589	50190.jpg	Cut12_C1_S12	Cut_Shuffle	30
1590	50191.jpg	Cut12_C1_S12	Cut_Shuffle	31
1591	50192.jpg	Cut12_C1_S12	Cut_Shuffle	32
1592	50193.jpg	Cut12_C1_S12	Cut_Shuffle	33
1593	50194.jpg	Cut12_C1_S12	Cut_Shuffle	34
1594	50195.jpg	Cut12_C1_S12	Cut_Shuffle	35
1595	50196.jpg	Cut12_C1_S12	Cut_Shuffle	36
1596	50197.jpg	Cut12_C1_S12	Cut_Shuffle	37
1597	50198.jpg	Cut12_C1_S12	Cut_Shuffle	38
1598	50199.jpg	Cut12_C1_S12	Cut_Shuffle	39
1599	50200.jpg	Cut12_C1_S12	Cut_Shuffle	40
1600	50201.jpg	Cut8_C4_S2	Cut_Shuffle	1
1601	50202.jpg	Cut8_C4_S2	Cut_Shuffle	2
1602	50203.jpg	Cut8_C4_S2	Cut_Shuffle	3
1603	50204.jpg	Cut8_C4_S2	Cut_Shuffle	4
1604	50205.jpg	Cut8_C4_S2	Cut_Shuffle	5
1605	50206.jpg	Cut8_C4_S2	Cut_Shuffle	6
1606	50207.jpg	Cut8_C4_S2	Cut_Shuffle	7
1607	50208.jpg	Cut8_C4_S2	Cut_Shuffle	8
1608	50209.jpg	Cut8_C4_S2	Cut_Shuffle	9
1609	50210.jpg	Cut8_C4_S2	Cut_Shuffle	10
1610	50211.jpg	Cut8_C4_S2	Cut_Shuffle	11
1611	50212.jpg	Cut8_C4_S2	Cut_Shuffle	12
1612	50213.jpg	Cut8_C4_S2	Cut_Shuffle	13
1613	50214.jpg	Cut8_C4_S2	Cut_Shuffle	14
1614	50215.jpg	Cut8_C4_S2	Cut_Shuffle	15
1615	50216.jpg	Cut8_C4_S2	Cut_Shuffle	16
1616	50217.jpg	Cut8_C4_S2	Cut_Shuffle	17
1617	50218.jpg	Cut8_C4_S2	Cut_Shuffle	18
1618	50219.jpg	Cut8_C4_S2	Cut_Shuffle	19
1619	50220.jpg	Cut8_C4_S2	Cut_Shuffle	20
1620	50221.jpg	Cut8_C4_S2	Cut_Shuffle	21
1621	50222.jpg	Cut8_C4_S2	Cut_Shuffle	22
1622	50223.jpg	Cut8_C4_S2	Cut_Shuffle	23
1623	50224.jpg	Cut8_C4_S2	Cut_Shuffle	24
1624	50225.jpg	Cut8_C4_S2	Cut_Shuffle	25
1625	50226.jpg	Cut8_C4_S2	Cut_Shuffle	26
1626	50227.jpg	Cut8_C4_S2	Cut_Shuffle	27
1627	50228.jpg	Cut8_C4_S2	Cut_Shuffle	28
1628	50229.jpg	Cut8_C4_S2	Cut_Shuffle	29
1629	50230.jpg	Cut8_C4_S2	Cut_Shuffle	30
1630	50231.jpg	Cut8_C4_S2	Cut_Shuffle	31
1631	50232.jpg	Cut8_C4_S2	Cut_Shuffle	32
1632	50233.jpg	Cut8_C4_S2	Cut_Shuffle	33
1633	50234.jpg	Cut8_C4_S2	Cut_Shuffle	34
1634	50235.jpg	Cut8_C4_S2	Cut_Shuffle	35
1635	50236.jpg	Cut8_C4_S2	Cut_Shuffle	36
1636	50237.jpg	Cut8_C4_S2	Cut_Shuffle	37
1637	50238.jpg	Cut8_C4_S2	Cut_Shuffle	38
1638	50239.jpg	Cut8_C4_S2	Cut_Shuffle	39
1639	50240.jpg	Cut8_C4_S2	Cut_Shuffle	40
1640	50241.jpg	Cut9_C3_S3	Cut_Shuffle	1
1641	50242.jpg	Cut9_C3_S3	Cut_Shuffle	2
1642	50243.jpg	Cut9_C3_S3	Cut_Shuffle	3
1643	50244.jpg	Cut9_C3_S3	Cut_Shuffle	4
1644	50245.jpg	Cut9_C3_S3	Cut_Shuffle	5
1645	50246.jpg	Cut9_C3_S3	Cut_Shuffle	6
1646	50247.jpg	Cut9_C3_S3	Cut_Shuffle	7
1647	50248.jpg	Cut9_C3_S3	Cut_Shuffle	8
1648	50249.jpg	Cut9_C3_S3	Cut_Shuffle	9
1649	50250.jpg	Cut9_C3_S3	Cut_Shuffle	10
1650	50251.jpg	Cut9_C3_S3	Cut_Shuffle	11
1651	50252.jpg	Cut9_C3_S3	Cut_Shuffle	12
1652	50253.jpg	Cut9_C3_S3	Cut_Shuffle	13
1653	50254.jpg	Cut9_C3_S3	Cut_Shuffle	14
1654	50255.jpg	Cut9_C3_S3	Cut_Shuffle	15
1655	50256.jpg	Cut9_C3_S3	Cut_Shuffle	16
1656	50257.jpg	Cut9_C3_S3	Cut_Shuffle	17
1657	50258.jpg	Cut9_C3_S3	Cut_Shuffle	18
1658	50259.jpg	Cut9_C3_S3	Cut_Shuffle	19
1659	50260.jpg	Cut9_C3_S3	Cut_Shuffle	20
1660	50261.jpg	Cut9_C3_S3	Cut_Shuffle	21
1661	50262.jpg	Cut9_C3_S3	Cut_Shuffle	22
1662	50263.jpg	Cut9_C3_S3	Cut_Shuffle	23
1663	50264.jpg	Cut9_C3_S3	Cut_Shuffle	24
1664	50265.jpg	Cut9_C3_S3	Cut_Shuffle	25
1665	50266.jpg	Cut9_C3_S3	Cut_Shuffle	26
1666	50267.jpg	Cut9_C3_S3	Cut_Shuffle	27
1667	50268.jpg	Cut9_C3_S3	Cut_Shuffle	28
1668	50269.jpg	Cut9_C3_S3	Cut_Shuffle	29
1669	50270.jpg	Cut9_C3_S3	Cut_Shuffle	30
1670	50271.jpg	Cut9_C3_S3	Cut_Shuffle	31
1671	50272.jpg	Cut9_C3_S3	Cut_Shuffle	32
1672	50273.jpg	Cut9_C3_S3	Cut_Shuffle	33
1673	50274.jpg	Cut9_C3_S3	Cut_Shuffle	34
1674	50275.jpg	Cut9_C3_S3	Cut_Shuffle	35
1675	50276.jpg	Cut9_C3_S3	Cut_Shuffle	36
1676	50277.jpg	Cut9_C3_S3	Cut_Shuffle	37
1677	50278.jpg	Cut9_C3_S3	Cut_Shuffle	38
1678	50279.jpg	Cut9_C3_S3	Cut_Shuffle	39
1679	50280.jpg	Cut9_C3_S3	Cut_Shuffle	40
1680	50281.jpg	Cut8_C2_S4	Cut_Shuffle	1
1681	50282.jpg	Cut8_C2_S4	Cut_Shuffle	2
1682	50283.jpg	Cut8_C2_S4	Cut_Shuffle	3
1683	50284.jpg	Cut8_C2_S4	Cut_Shuffle	4
1684	50285.jpg	Cut8_C2_S4	Cut_Shuffle	5
1685	50286.jpg	Cut8_C2_S4	Cut_Shuffle	6
1686	50287.jpg	Cut8_C2_S4	Cut_Shuffle	7
1687	50288.jpg	Cut8_C2_S4	Cut_Shuffle	8
1688	50289.jpg	Cut8_C2_S4	Cut_Shuffle	9
1689	50290.jpg	Cut8_C2_S4	Cut_Shuffle	10
1690	50291.jpg	Cut8_C2_S4	Cut_Shuffle	11
1691	50292.jpg	Cut8_C2_S4	Cut_Shuffle	12
1692	50293.jpg	Cut8_C2_S4	Cut_Shuffle	13
1693	50294.jpg	Cut8_C2_S4	Cut_Shuffle	14
1694	50295.jpg	Cut8_C2_S4	Cut_Shuffle	15
1695	50296.jpg	Cut8_C2_S4	Cut_Shuffle	16
1696	50297.jpg	Cut8_C2_S4	Cut_Shuffle	17
1697	50298.jpg	Cut8_C2_S4	Cut_Shuffle	18
1698	50299.jpg	Cut8_C2_S4	Cut_Shuffle	19
1699	50300.jpg	Cut8_C2_S4	Cut_Shuffle	20
1700	50301.jpg	Cut8_C2_S4	Cut_Shuffle	21
1701	50302.jpg	Cut8_C2_S4	Cut_Shuffle	22
1702	50303.jpg	Cut8_C2_S4	Cut_Shuffle	23
1703	50304.jpg	Cut8_C2_S4	Cut_Shuffle	24
1704	50305.jpg	Cut8_C2_S4	Cut_Shuffle	25
1705	50306.jpg	Cut8_C2_S4	Cut_Shuffle	26
1706	50307.jpg	Cut8_C2_S4	Cut_Shuffle	27
1707	50308.jpg	Cut8_C2_S4	Cut_Shuffle	28
1708	50309.jpg	Cut8_C2_S4	Cut_Shuffle	29
1709	50310.jpg	Cut8_C2_S4	Cut_Shuffle	30
1710	50311.jpg	Cut8_C2_S4	Cut_Shuffle	31
1711	50312.jpg	Cut8_C2_S4	Cut_Shuffle	32
1712	50313.jpg	Cut8_C2_S4	Cut_Shuffle	33
1713	50314.jpg	Cut8_C2_S4	Cut_Shuffle	34
1714	50315.jpg	Cut8_C2_S4	Cut_Shuffle	35
1715	50316.jpg	Cut8_C2_S4	Cut_Shuffle	36
1716	50317.jpg	Cut8_C2_S4	Cut_Shuffle	37
1717	50318.jpg	Cut8_C2_S4	Cut_Shuffle	38
1718	50319.jpg	Cut8_C2_S4	Cut_Shuffle	39
1719	50320.jpg	Cut8_C2_S4	Cut_Shuffle	40
1720	50321.jpg	Cut8_C1_S8	Cut_Shuffle	1
1721	50322.jpg	Cut8_C1_S8	Cut_Shuffle	2
1722	50323.jpg	Cut8_C1_S8	Cut_Shuffle	3
1723	50324.jpg	Cut8_C1_S8	Cut_Shuffle	4
1724	50325.jpg	Cut8_C1_S8	Cut_Shuffle	5
1725	50326.jpg	Cut8_C1_S8	Cut_Shuffle	6
1726	50327.jpg	Cut8_C1_S8	Cut_Shuffle	7
1727	50328.jpg	Cut8_C1_S8	Cut_Shuffle	8
1728	50329.jpg	Cut8_C1_S8	Cut_Shuffle	9
1729	50330.jpg	Cut8_C1_S8	Cut_Shuffle	10
1730	50331.jpg	Cut8_C1_S8	Cut_Shuffle	11
1731	50332.jpg	Cut8_C1_S8	Cut_Shuffle	12
1732	50333.jpg	Cut8_C1_S8	Cut_Shuffle	13
1733	50334.jpg	Cut8_C1_S8	Cut_Shuffle	14
1734	50335.jpg	Cut8_C1_S8	Cut_Shuffle	15
1735	50336.jpg	Cut8_C1_S8	Cut_Shuffle	16
1736	50337.jpg	Cut8_C1_S8	Cut_Shuffle	17
1737	50338.jpg	Cut8_C1_S8	Cut_Shuffle	18
1738	50339.jpg	Cut8_C1_S8	Cut_Shuffle	19
1739	50340.jpg	Cut8_C1_S8	Cut_Shuffle	20
1740	50341.jpg	Cut8_C1_S8	Cut_Shuffle	21
1741	50342.jpg	Cut8_C1_S8	Cut_Shuffle	22
1742	50343.jpg	Cut8_C1_S8	Cut_Shuffle	23
1743	50344.jpg	Cut8_C1_S8	Cut_Shuffle	24
1744	50345.jpg	Cut8_C1_S8	Cut_Shuffle	25
1745	50346.jpg	Cut8_C1_S8	Cut_Shuffle	26
1746	50347.jpg	Cut8_C1_S8	Cut_Shuffle	27
1747	50348.jpg	Cut8_C1_S8	Cut_Shuffle	28
1748	50349.jpg	Cut8_C1_S8	Cut_Shuffle	29
1749	50350.jpg	Cut8_C1_S8	Cut_Shuffle	30
1750	50351.jpg	Cut8_C1_S8	Cut_Shuffle	31
1751	50352.jpg	Cut8_C1_S8	Cut_Shuffle	32
1752	50353.jpg	Cut8_C1_S8	Cut_Shuffle	33
1753	50354.jpg	Cut8_C1_S8	Cut_Shuffle	34
1754	50355.jpg	Cut8_C1_S8	Cut_Shuffle	35
1755	50356.jpg	Cut8_C1_S8	Cut_Shuffle	36
1756	50357.jpg	Cut8_C1_S8	Cut_Shuffle	37
1757	50358.jpg	Cut8_C1_S8	Cut_Shuffle	38
1758	50359.jpg	Cut8_C1_S8	Cut_Shuffle	39
1759	50360.jpg	Cut8_C1_S8	Cut_Shuffle	40
1760	50361.jpg	Cut4_C1_S4	Cut_Shuffle	1
1761	50362.jpg	Cut4_C1_S4	Cut_Shuffle	2
1762	50363.jpg	Cut4_C1_S4	Cut_Shuffle	3
1763	50364.jpg	Cut4_C1_S4	Cut_Shuffle	4
1764	50365.jpg	Cut4_C1_S4	Cut_Shuffle	5
1765	50366.jpg	Cut4_C1_S4	Cut_Shuffle	6
1766	50367.jpg	Cut4_C1_S4	Cut_Shuffle	7
1767	50368.jpg	Cut4_C1_S4	Cut_Shuffle	8
1768	50369.jpg	Cut4_C1_S4	Cut_Shuffle	9
1769	50370.jpg	Cut4_C1_S4	Cut_Shuffle	10
1770	50371.jpg	Cut4_C1_S4	Cut_Shuffle	11
1771	50372.jpg	Cut4_C1_S4	Cut_Shuffle	12
1772	50373.jpg	Cut4_C1_S4	Cut_Shuffle	13
1773	50374.jpg	Cut4_C1_S4	Cut_Shuffle	14
1774	50375.jpg	Cut4_C1_S4	Cut_Shuffle	15
1775	50376.jpg	Cut4_C1_S4	Cut_Shuffle	16
1776	50377.jpg	Cut4_C1_S4	Cut_Shuffle	17
1777	50378.jpg	Cut4_C1_S4	Cut_Shuffle	18
1778	50379.jpg	Cut4_C1_S4	Cut_Shuffle	19
1779	50380.jpg	Cut4_C1_S4	Cut_Shuffle	20
1780	50381.jpg	Cut4_C1_S4	Cut_Shuffle	21
1781	50382.jpg	Cut4_C1_S4	Cut_Shuffle	22
1782	50383.jpg	Cut4_C1_S4	Cut_Shuffle	23
1783	50384.jpg	Cut4_C1_S4	Cut_Shuffle	24
1784	50385.jpg	Cut4_C1_S4	Cut_Shuffle	25
1785	50386.jpg	Cut4_C1_S4	Cut_Shuffle	26
1786	50387.jpg	Cut4_C1_S4	Cut_Shuffle	27
1787	50388.jpg	Cut4_C1_S4	Cut_Shuffle	28
1788	50389.jpg	Cut4_C1_S4	Cut_Shuffle	29
1789	50390.jpg	Cut4_C1_S4	Cut_Shuffle	30
1790	50391.jpg	Cut4_C1_S4	Cut_Shuffle	31
1791	50392.jpg	Cut4_C1_S4	Cut_Shuffle	32
1792	50393.jpg	Cut4_C1_S4	Cut_Shuffle	33
1793	50394.jpg	Cut4_C1_S4	Cut_Shuffle	34
1794	50395.jpg	Cut4_C1_S4	Cut_Shuffle	35
1795	50396.jpg	Cut4_C1_S4	Cut_Shuffle	36
1796	50397.jpg	Cut4_C1_S4	Cut_Shuffle	37
1797	50398.jpg	Cut4_C1_S4	Cut_Shuffle	38
1798	50399.jpg	Cut4_C1_S4	Cut_Shuffle	39
1799	50400.jpg	Cut4_C1_S4	Cut_Shuffle	40
1800	50401.jpg	Cut4_C2_S2	Cut_Shuffle	1
1801	50402.jpg	Cut4_C2_S2	Cut_Shuffle	2
1802	50403.jpg	Cut4_C2_S2	Cut_Shuffle	3
1803	50404.jpg	Cut4_C2_S2	Cut_Shuffle	4
1804	50405.jpg	Cut4_C2_S2	Cut_Shuffle	5
1805	50406.jpg	Cut4_C2_S2	Cut_Shuffle	6
1806	50407.jpg	Cut4_C2_S2	Cut_Shuffle	7
1807	50408.jpg	Cut4_C2_S2	Cut_Shuffle	8
1808	50409.jpg	Cut4_C2_S2	Cut_Shuffle	9
1809	50410.jpg	Cut4_C2_S2	Cut_Shuffle	10
1810	50411.jpg	Cut4_C2_S2	Cut_Shuffle	11
1811	50412.jpg	Cut4_C2_S2	Cut_Shuffle	12
1812	50413.jpg	Cut4_C2_S2	Cut_Shuffle	13
1813	50414.jpg	Cut4_C2_S2	Cut_Shuffle	14
1814	50415.jpg	Cut4_C2_S2	Cut_Shuffle	15
1815	50416.jpg	Cut4_C2_S2	Cut_Shuffle	16
1816	50417.jpg	Cut4_C2_S2	Cut_Shuffle	17
1817	50418.jpg	Cut4_C2_S2	Cut_Shuffle	18
1818	50419.jpg	Cut4_C2_S2	Cut_Shuffle	19
1819	50420.jpg	Cut4_C2_S2	Cut_Shuffle	20
1820	50421.jpg	Cut4_C2_S2	Cut_Shuffle	21
1821	50422.jpg	Cut4_C2_S2	Cut_Shuffle	22
1822	50423.jpg	Cut4_C2_S2	Cut_Shuffle	23
1823	50424.jpg	Cut4_C2_S2	Cut_Shuffle	24
1824	50425.jpg	Cut4_C2_S2	Cut_Shuffle	25
1825	50426.jpg	Cut4_C2_S2	Cut_Shuffle	26
1826	50427.jpg	Cut4_C2_S2	Cut_Shuffle	27
1827	50428.jpg	Cut4_C2_S2	Cut_Shuffle	28
1828	50429.jpg	Cut4_C2_S2	Cut_Shuffle	29
1829	50430.jpg	Cut4_C2_S2	Cut_Shuffle	30
1830	50431.jpg	Cut4_C2_S2	Cut_Shuffle	31
1831	50432.jpg	Cut4_C2_S2	Cut_Shuffle	32
1832	50433.jpg	Cut4_C2_S2	Cut_Shuffle	33
1833	50434.jpg	Cut4_C2_S2	Cut_Shuffle	34
1834	50435.jpg	Cut4_C2_S2	Cut_Shuffle	35
1835	50436.jpg	Cut4_C2_S2	Cut_Shuffle	36
1836	50437.jpg	Cut4_C2_S2	Cut_Shuffle	37
1837	50438.jpg	Cut4_C2_S2	Cut_Shuffle	38
1838	50439.jpg	Cut4_C2_S2	Cut_Shuffle	39
1839	50440.jpg	Cut4_C2_S2	Cut_Shuffle	40
1840	50441.jpg	Cut12_C4_S3	Cut_Shuffle	1
1841	50442.jpg	Cut12_C4_S3	Cut_Shuffle	2
1842	50443.jpg	Cut12_C4_S3	Cut_Shuffle	3
1843	50444.jpg	Cut12_C4_S3	Cut_Shuffle	4
1844	50445.jpg	Cut12_C4_S3	Cut_Shuffle	5
1845	50446.jpg	Cut12_C4_S3	Cut_Shuffle	6
1846	50447.jpg	Cut12_C4_S3	Cut_Shuffle	7
1847	50448.jpg	Cut12_C4_S3	Cut_Shuffle	8
1848	50449.jpg	Cut12_C4_S3	Cut_Shuffle	9
1849	50450.jpg	Cut12_C4_S3	Cut_Shuffle	10
1850	50451.jpg	Cut12_C4_S3	Cut_Shuffle	11
1851	50452.jpg	Cut12_C4_S3	Cut_Shuffle	12
1852	50453.jpg	Cut12_C4_S3	Cut_Shuffle	13
1853	50454.jpg	Cut12_C4_S3	Cut_Shuffle	14
1854	50455.jpg	Cut12_C4_S3	Cut_Shuffle	15
1855	50456.jpg	Cut12_C4_S3	Cut_Shuffle	16
1856	50457.jpg	Cut12_C4_S3	Cut_Shuffle	17
1857	50458.jpg	Cut12_C4_S3	Cut_Shuffle	18
1858	50459.jpg	Cut12_C4_S3	Cut_Shuffle	19
1859	50460.jpg	Cut12_C4_S3	Cut_Shuffle	20
1860	50461.jpg	Cut12_C4_S3	Cut_Shuffle	21
1861	50462.jpg	Cut12_C4_S3	Cut_Shuffle	22
1862	50463.jpg	Cut12_C4_S3	Cut_Shuffle	23
1863	50464.jpg	Cut12_C4_S3	Cut_Shuffle	24
1864	50465.jpg	Cut12_C4_S3	Cut_Shuffle	25
1865	50466.jpg	Cut12_C4_S3	Cut_Shuffle	26
1866	50467.jpg	Cut12_C4_S3	Cut_Shuffle	27
1867	50468.jpg	Cut12_C4_S3	Cut_Shuffle	28
1868	50469.jpg	Cut12_C4_S3	Cut_Shuffle	29
1869	50470.jpg	Cut12_C4_S3	Cut_Shuffle	30
1870	50471.jpg	Cut12_C4_S3	Cut_Shuffle	31
1871	50472.jpg	Cut12_C4_S3	Cut_Shuffle	32
1872	50473.jpg	Cut12_C4_S3	Cut_Shuffle	33
1873	50474.jpg	Cut12_C4_S3	Cut_Shuffle	34
1874	50475.jpg	Cut12_C4_S3	Cut_Shuffle	35
1875	50476.jpg	Cut12_C4_S3	Cut_Shuffle	36
1876	50477.jpg	Cut12_C4_S3	Cut_Shuffle	37
1877	50478.jpg	Cut12_C4_S3	Cut_Shuffle	38
1878	50479.jpg	Cut12_C4_S3	Cut_Shuffle	39
1879	50480.jpg	Cut12_C4_S3	Cut_Shuffle	40
1880	50481.jpg	Cut12_C3_S4	Cut_Shuffle	1
1881	50482.jpg	Cut12_C3_S4	Cut_Shuffle	2
1882	50483.jpg	Cut12_C3_S4	Cut_Shuffle	3
1883	50484.jpg	Cut12_C3_S4	Cut_Shuffle	4
1884	50485.jpg	Cut12_C3_S4	Cut_Shuffle	5
1885	50486.jpg	Cut12_C3_S4	Cut_Shuffle	6
1886	50487.jpg	Cut12_C3_S4	Cut_Shuffle	7
1887	50488.jpg	Cut12_C3_S4	Cut_Shuffle	8
1888	50489.jpg	Cut12_C3_S4	Cut_Shuffle	9
1889	50490.jpg	Cut12_C3_S4	Cut_Shuffle	10
1890	50491.jpg	Cut12_C3_S4	Cut_Shuffle	11
1891	50492.jpg	Cut12_C3_S4	Cut_Shuffle	12
1892	50493.jpg	Cut12_C3_S4	Cut_Shuffle	13
1893	50494.jpg	Cut12_C3_S4	Cut_Shuffle	14
1894	50495.jpg	Cut12_C3_S4	Cut_Shuffle	15
1895	50496.jpg	Cut12_C3_S4	Cut_Shuffle	16
1896	50497.jpg	Cut12_C3_S4	Cut_Shuffle	17
1897	50498.jpg	Cut12_C3_S4	Cut_Shuffle	18
1898	50499.jpg	Cut12_C3_S4	Cut_Shuffle	19
1899	50500.jpg	Cut12_C3_S4	Cut_Shuffle	20
1900	50501.jpg	Cut12_C3_S4	Cut_Shuffle	21
1901	50502.jpg	Cut12_C3_S4	Cut_Shuffle	22
1902	50503.jpg	Cut12_C3_S4	Cut_Shuffle	23
1903	50504.jpg	Cut12_C3_S4	Cut_Shuffle	24
1904	50505.jpg	Cut12_C3_S4	Cut_Shuffle	25
1905	50506.jpg	Cut12_C3_S4	Cut_Shuffle	26
1906	50507.jpg	Cut12_C3_S4	Cut_Shuffle	27
1907	50508.jpg	Cut12_C3_S4	Cut_Shuffle	28
1908	50509.jpg	Cut12_C3_S4	Cut_Shuffle	29
1909	50510.jpg	Cut12_C3_S4	Cut_Shuffle	30
1910	50511.jpg	Cut12_C3_S4	Cut_Shuffle	31
1911	50512.jpg	Cut12_C3_S4	Cut_Shuffle	32
1912	50513.jpg	Cut12_C3_S4	Cut_Shuffle	33
1913	50514.jpg	Cut12_C3_S4	Cut_Shuffle	34
1914	50515.jpg	Cut12_C3_S4	Cut_Shuffle	35
1915	50516.jpg	Cut12_C3_S4	Cut_Shuffle	36
1916	50517.jpg	Cut12_C3_S4	Cut_Shuffle	37
1917	50518.jpg	Cut12_C3_S4	Cut_Shuffle	38
1918	50519.jpg	Cut12_C3_S4	Cut_Shuffle	39
1919	50520.jpg	Cut12_C3_S4	Cut_Shuffle	40
1920	50521.jpg	Cut12_C2_S6	Cut_Shuffle	1
1921	50522.jpg	Cut12_C2_S6	Cut_Shuffle	2
1922	50523.jpg	Cut12_C2_S6	Cut_Shuffle	3
1923	50524.jpg	Cut12_C2_S6	Cut_Shuffle	4
1924	50525.jpg	Cut12_C2_S6	Cut_Shuffle	5
1925	50526.jpg	Cut12_C2_S6	Cut_Shuffle	6
1926	50527.jpg	Cut12_C2_S6	Cut_Shuffle	7
1927	50528.jpg	Cut12_C2_S6	Cut_Shuffle	8
1928	50529.jpg	Cut12_C2_S6	Cut_Shuffle	9
1929	50530.jpg	Cut12_C2_S6	Cut_Shuffle	10
1930	50531.jpg	Cut12_C2_S6	Cut_Shuffle	11
1931	50532.jpg	Cut12_C2_S6	Cut_Shuffle	12
1932	50533.jpg	Cut12_C2_S6	Cut_Shuffle	13
1933	50534.jpg	Cut12_C2_S6	Cut_Shuffle	14
1934	50535.jpg	Cut12_C2_S6	Cut_Shuffle	15
1935	50536.jpg	Cut12_C2_S6	Cut_Shuffle	16
1936	50537.jpg	Cut12_C2_S6	Cut_Shuffle	17
1937	50538.jpg	Cut12_C2_S6	Cut_Shuffle	18
1938	50539.jpg	Cut12_C2_S6	Cut_Shuffle	19
1939	50540.jpg	Cut12_C2_S6	Cut_Shuffle	20
1940	50541.jpg	Cut12_C2_S6	Cut_Shuffle	21
1941	50542.jpg	Cut12_C2_S6	Cut_Shuffle	22
1942	50543.jpg	Cut12_C2_S6	Cut_Shuffle	23
1943	50544.jpg	Cut12_C2_S6	Cut_Shuffle	24
1944	50545.jpg	Cut12_C2_S6	Cut_Shuffle	25
1945	50546.jpg	Cut12_C2_S6	Cut_Shuffle	26
1946	50547.jpg	Cut12_C2_S6	Cut_Shuffle	27
1947	50548.jpg	Cut12_C2_S6	Cut_Shuffle	28
1948	50549.jpg	Cut12_C2_S6	Cut_Shuffle	29
1949	50550.jpg	Cut12_C2_S6	Cut_Shuffle	30
1950	50551.jpg	Cut12_C2_S6	Cut_Shuffle	31
1951	50552.jpg	Cut12_C2_S6	Cut_Shuffle	32
1952	50553.jpg	Cut12_C2_S6	Cut_Shuffle	33
1953	50554.jpg	Cut12_C2_S6	Cut_Shuffle	34
1954	50555.jpg	Cut12_C2_S6	Cut_Shuffle	35
1955	50556.jpg	Cut12_C2_S6	Cut_Shuffle	36
1956	50557.jpg	Cut12_C2_S6	Cut_Shuffle	37
1957	50558.jpg	Cut12_C2_S6	Cut_Shuffle	38
1958	50559.jpg	Cut12_C2_S6	Cut_Shuffle	39
1959	50560.jpg	Cut12_C2_S6	Cut_Shuffle	40
1960	50561.jpg	Cut12_C1_S12	Cut_Shuffle	1
1961	50562.jpg	Cut12_C1_S12	Cut_Shuffle	2
1962	50563.jpg	Cut12_C1_S12	Cut_Shuffle	3
1963	50564.jpg	Cut12_C1_S12	Cut_Shuffle	4
1964	50565.jpg	Cut12_C1_S12	Cut_Shuffle	5
1965	50566.jpg	Cut12_C1_S12	Cut_Shuffle	6
1966	50567.jpg	Cut12_C1_S12	Cut_Shuffle	7
1967	50568.jpg	Cut12_C1_S12	Cut_Shuffle	8
1968	50569.jpg	Cut12_C1_S12	Cut_Shuffle	9
1969	50570.jpg	Cut12_C1_S12	Cut_Shuffle	10
1970	50571.jpg	Cut12_C1_S12	Cut_Shuffle	11
1971	50572.jpg	Cut12_C1_S12	Cut_Shuffle	12
1972	50573.jpg	Cut12_C1_S12	Cut_Shuffle	13
1973	50574.jpg	Cut12_C1_S12	Cut_Shuffle	14
1974	50575.jpg	Cut12_C1_S12	Cut_Shuffle	15
1975	50576.jpg	Cut12_C1_S12	Cut_Shuffle	16
1976	50577.jpg	Cut12_C1_S12	Cut_Shuffle	17
1977	50578.jpg	Cut12_C1_S12	Cut_Shuffle	18
1978	50579.jpg	Cut12_C1_S12	Cut_Shuffle	19
1979	50580.jpg	Cut12_C1_S12	Cut_Shuffle	20
1980	50581.jpg	Cut12_C1_S12	Cut_Shuffle	21
1981	50582.jpg	Cut12_C1_S12	Cut_Shuffle	22
1982	50583.jpg	Cut12_C1_S12	Cut_Shuffle	23
1983	50584.jpg	Cut12_C1_S12	Cut_Shuffle	24
1984	50585.jpg	Cut12_C1_S12	Cut_Shuffle	25
1985	50586.jpg	Cut12_C1_S12	Cut_Shuffle	26
1986	50587.jpg	Cut12_C1_S12	Cut_Shuffle	27
1987	50588.jpg	Cut12_C1_S12	Cut_Shuffle	28
1988	50589.jpg	Cut12_C1_S12	Cut_Shuffle	29
1989	50590.jpg	Cut12_C1_S12	Cut_Shuffle	30
1990	50591.jpg	Cut12_C1_S12	Cut_Shuffle	31
1991	50592.jpg	Cut12_C1_S12	Cut_Shuffle	32
1992	50593.jpg	Cut12_C1_S12	Cut_Shuffle	33
1993	50594.jpg	Cut12_C1_S12	Cut_Shuffle	34
1994	50595.jpg	Cut12_C1_S12	Cut_Shuffle	35
1995	50596.jpg	Cut12_C1_S12	Cut_Shuffle	36
1996	50597.jpg	Cut12_C1_S12	Cut_Shuffle	37
1997	50598.jpg	Cut12_C1_S12	Cut_Shuffle	38
1998	50599.jpg	Cut12_C1_S12	Cut_Shuffle	39
1999	50600.jpg	Cut12_C1_S12	Cut_Shuffle	40
2000	50601.jpg	Cut8_C4_S2	Cut_Shuffle	1
2001	50602.jpg	Cut8_C4_S2	Cut_Shuffle	2
2002	50603.jpg	Cut8_C4_S2	Cut_Shuffle	3
2003	50604.jpg	Cut8_C4_S2	Cut_Shuffle	4
2004	50605.jpg	Cut8_C4_S2	Cut_Shuffle	5
2005	50606.jpg	Cut8_C4_S2	Cut_Shuffle	6
2006	50607.jpg	Cut8_C4_S2	Cut_Shuffle	7
2007	50608.jpg	Cut8_C4_S2	Cut_Shuffle	8
2008	50609.jpg	Cut8_C4_S2	Cut_Shuffle	9
2009	50610.jpg	Cut8_C4_S2	Cut_Shuffle	10
2010	50611.jpg	Cut8_C4_S2	Cut_Shuffle	11
2011	50612.jpg	Cut8_C4_S2	Cut_Shuffle	12
2012	50613.jpg	Cut8_C4_S2	Cut_Shuffle	13
2013	50614.jpg	Cut8_C4_S2	Cut_Shuffle	14
2014	50615.jpg	Cut8_C4_S2	Cut_Shuffle	15
2015	50616.jpg	Cut8_C4_S2	Cut_Shuffle	16
2016	50617.jpg	Cut8_C4_S2	Cut_Shuffle	17
2017	50618.jpg	Cut8_C4_S2	Cut_Shuffle	18
2018	50619.jpg	Cut8_C4_S2	Cut_Shuffle	19
2019	50620.jpg	Cut8_C4_S2	Cut_Shuffle	20
2020	50621.jpg	Cut8_C4_S2	Cut_Shuffle	21
2021	50622.jpg	Cut8_C4_S2	Cut_Shuffle	22
2022	50623.jpg	Cut8_C4_S2	Cut_Shuffle	23
2023	50624.jpg	Cut8_C4_S2	Cut_Shuffle	24
2024	50625.jpg	Cut8_C4_S2	Cut_Shuffle	25
2025	50626.jpg	Cut8_C4_S2	Cut_Shuffle	26
2026	50627.jpg	Cut8_C4_S2	Cut_Shuffle	27
2027	50628.jpg	Cut8_C4_S2	Cut_Shuffle	28
2028	50629.jpg	Cut8_C4_S2	Cut_Shuffle	29
2029	50630.jpg	Cut8_C4_S2	Cut_Shuffle	30
2030	50631.jpg	Cut8_C4_S2	Cut_Shuffle	31
2031	50632.jpg	Cut8_C4_S2	Cut_Shuffle	32
2032	50633.jpg	Cut8_C4_S2	Cut_Shuffle	33
2033	50634.jpg	Cut8_C4_S2	Cut_Shuffle	34
2034	50635.jpg	Cut8_C4_S2	Cut_Shuffle	35
2035	50636.jpg	Cut8_C4_S2	Cut_Shuffle	36
2036	50637.jpg	Cut8_C4_S2	Cut_Shuffle	37
2037	50638.jpg	Cut8_C4_S2	Cut_Shuffle	38
2038	50639.jpg	Cut8_C4_S2	Cut_Shuffle	39
2039	50640.jpg	Cut8_C4_S2	Cut_Shuffle	40
2040	50641.jpg	Cut9_C3_S3	Cut_Shuffle	1
2041	50642.jpg	Cut9_C3_S3	Cut_Shuffle	2
2042	50643.jpg	Cut9_C3_S3	Cut_Shuffle	3
2043	50644.jpg	Cut9_C3_S3	Cut_Shuffle	4
2044	50645.jpg	Cut9_C3_S3	Cut_Shuffle	5
2045	50646.jpg	Cut9_C3_S3	Cut_Shuffle	6
2046	50647.jpg	Cut9_C3_S3	Cut_Shuffle	7
2047	50648.jpg	Cut9_C3_S3	Cut_Shuffle	8
2048	50649.jpg	Cut9_C3_S3	Cut_Shuffle	9
2049	50650.jpg	Cut9_C3_S3	Cut_Shuffle	10
2050	50651.jpg	Cut9_C3_S3	Cut_Shuffle	11
2051	50652.jpg	Cut9_C3_S3	Cut_Shuffle	12
2052	50653.jpg	Cut9_C3_S3	Cut_Shuffle	13
2053	50654.jpg	Cut9_C3_S3	Cut_Shuffle	14
2054	50655.jpg	Cut9_C3_S3	Cut_Shuffle	15
2055	50656.jpg	Cut9_C3_S3	Cut_Shuffle	16
2056	50657.jpg	Cut9_C3_S3	Cut_Shuffle	17
2057	50658.jpg	Cut9_C3_S3	Cut_Shuffle	18
2058	50659.jpg	Cut9_C3_S3	Cut_Shuffle	19
2059	50660.jpg	Cut9_C3_S3	Cut_Shuffle	20
2060	50661.jpg	Cut9_C3_S3	Cut_Shuffle	21
2061	50662.jpg	Cut9_C3_S3	Cut_Shuffle	22
2062	50663.jpg	Cut9_C3_S3	Cut_Shuffle	23
2063	50664.jpg	Cut9_C3_S3	Cut_Shuffle	24
2064	50665.jpg	Cut9_C3_S3	Cut_Shuffle	25
2065	50666.jpg	Cut9_C3_S3	Cut_Shuffle	26
2066	50667.jpg	Cut9_C3_S3	Cut_Shuffle	27
2067	50668.jpg	Cut9_C3_S3	Cut_Shuffle	28
2068	50669.jpg	Cut9_C3_S3	Cut_Shuffle	29
2069	50670.jpg	Cut9_C3_S3	Cut_Shuffle	30
2070	50671.jpg	Cut9_C3_S3	Cut_Shuffle	31
2071	50672.jpg	Cut9_C3_S3	Cut_Shuffle	32
2072	50673.jpg	Cut9_C3_S3	Cut_Shuffle	33
2073	50674.jpg	Cut9_C3_S3	Cut_Shuffle	34
2074	50675.jpg	Cut9_C3_S3	Cut_Shuffle	35
2075	50676.jpg	Cut9_C3_S3	Cut_Shuffle	36
2076	50677.jpg	Cut9_C3_S3	Cut_Shuffle	37
2077	50678.jpg	Cut9_C3_S3	Cut_Shuffle	38
2078	50679.jpg	Cut9_C3_S3	Cut_Shuffle	39
2079	50680.jpg	Cut9_C3_S3	Cut_Shuffle	40
2080	50681.jpg	Cut8_C2_S4	Cut_Shuffle	1
2081	50682.jpg	Cut8_C2_S4	Cut_Shuffle	2
2082	50683.jpg	Cut8_C2_S4	Cut_Shuffle	3
2083	50684.jpg	Cut8_C2_S4	Cut_Shuffle	4
2084	50685.jpg	Cut8_C2_S4	Cut_Shuffle	5
2085	50686.jpg	Cut8_C2_S4	Cut_Shuffle	6
2086	50687.jpg	Cut8_C2_S4	Cut_Shuffle	7
2087	50688.jpg	Cut8_C2_S4	Cut_Shuffle	8
2088	50689.jpg	Cut8_C2_S4	Cut_Shuffle	9
2089	50690.jpg	Cut8_C2_S4	Cut_Shuffle	10
2090	50691.jpg	Cut8_C2_S4	Cut_Shuffle	11
2091	50692.jpg	Cut8_C2_S4	Cut_Shuffle	12
2092	50693.jpg	Cut8_C2_S4	Cut_Shuffle	13
2093	50694.jpg	Cut8_C2_S4	Cut_Shuffle	14
2094	50695.jpg	Cut8_C2_S4	Cut_Shuffle	15
2095	50696.jpg	Cut8_C2_S4	Cut_Shuffle	16
2096	50697.jpg	Cut8_C2_S4	Cut_Shuffle	17
2097	50698.jpg	Cut8_C2_S4	Cut_Shuffle	18
2098	50699.jpg	Cut8_C2_S4	Cut_Shuffle	19
2099	50700.jpg	Cut8_C2_S4	Cut_Shuffle	20
2100	50701.jpg	Cut8_C2_S4	Cut_Shuffle	21
2101	50702.jpg	Cut8_C2_S4	Cut_Shuffle	22
2102	50703.jpg	Cut8_C2_S4	Cut_Shuffle	23
2103	50704.jpg	Cut8_C2_S4	Cut_Shuffle	24
2104	50705.jpg	Cut8_C2_S4	Cut_Shuffle	25
2105	50706.jpg	Cut8_C2_S4	Cut_Shuffle	26
2106	50707.jpg	Cut8_C2_S4	Cut_Shuffle	27
2107	50708.jpg	Cut8_C2_S4	Cut_Shuffle	28
2108	50709.jpg	Cut8_C2_S4	Cut_Shuffle	29
2109	50710.jpg	Cut8_C2_S4	Cut_Shuffle	30
2110	50711.jpg	Cut8_C2_S4	Cut_Shuffle	31
2111	50712.jpg	Cut8_C2_S4	Cut_Shuffle	32
2112	50713.jpg	Cut8_C2_S4	Cut_Shuffle	33
2113	50714.jpg	Cut8_C2_S4	Cut_Shuffle	34
2114	50715.jpg	Cut8_C2_S4	Cut_Shuffle	35
2115	50716.jpg	Cut8_C2_S4	Cut_Shuffle	36
2116	50717.jpg	Cut8_C2_S4	Cut_Shuffle	37
2117	50718.jpg	Cut8_C2_S4	Cut_Shuffle	38
2118	50719.jpg	Cut8_C2_S4	Cut_Shuffle	39
2119	50720.jpg	Cut8_C2_S4	Cut_Shuffle	40
2120	50721.jpg	Cut8_C1_S8	Cut_Shuffle	1
2121	50722.jpg	Cut8_C1_S8	Cut_Shuffle	2
2122	50723.jpg	Cut8_C1_S8	Cut_Shuffle	3
2123	50724.jpg	Cut8_C1_S8	Cut_Shuffle	4
2124	50725.jpg	Cut8_C1_S8	Cut_Shuffle	5
2125	50726.jpg	Cut8_C1_S8	Cut_Shuffle	6
2126	50727.jpg	Cut8_C1_S8	Cut_Shuffle	7
2127	50728.jpg	Cut8_C1_S8	Cut_Shuffle	8
2128	50729.jpg	Cut8_C1_S8	Cut_Shuffle	9
2129	50730.jpg	Cut8_C1_S8	Cut_Shuffle	10
2130	50731.jpg	Cut8_C1_S8	Cut_Shuffle	11
2131	50732.jpg	Cut8_C1_S8	Cut_Shuffle	12
2132	50733.jpg	Cut8_C1_S8	Cut_Shuffle	13
2133	50734.jpg	Cut8_C1_S8	Cut_Shuffle	14
2134	50735.jpg	Cut8_C1_S8	Cut_Shuffle	15
2135	50736.jpg	Cut8_C1_S8	Cut_Shuffle	16
2136	50737.jpg	Cut8_C1_S8	Cut_Shuffle	17
2137	50738.jpg	Cut8_C1_S8	Cut_Shuffle	18
2138	50739.jpg	Cut8_C1_S8	Cut_Shuffle	19
2139	50740.jpg	Cut8_C1_S8	Cut_Shuffle	20
2140	50741.jpg	Cut8_C1_S8	Cut_Shuffle	21
2141	50742.jpg	Cut8_C1_S8	Cut_Shuffle	22
2142	50743.jpg	Cut8_C1_S8	Cut_Shuffle	23
2143	50744.jpg	Cut8_C1_S8	Cut_Shuffle	24
2144	50745.jpg	Cut8_C1_S8	Cut_Shuffle	25
2145	50746.jpg	Cut8_C1_S8	Cut_Shuffle	26
2146	50747.jpg	Cut8_C1_S8	Cut_Shuffle	27
2147	50748.jpg	Cut8_C1_S8	Cut_Shuffle	28
2148	50749.jpg	Cut8_C1_S8	Cut_Shuffle	29
2149	50750.jpg	Cut8_C1_S8	Cut_Shuffle	30
2150	50751.jpg	Cut8_C1_S8	Cut_Shuffle	31
2151	50752.jpg	Cut8_C1_S8	Cut_Shuffle	32
2152	50753.jpg	Cut8_C1_S8	Cut_Shuffle	33
2153	50754.jpg	Cut8_C1_S8	Cut_Shuffle	34
2154	50755.jpg	Cut8_C1_S8	Cut_Shuffle	35
2155	50756.jpg	Cut8_C1_S8	Cut_Shuffle	36
2156	50757.jpg	Cut8_C1_S8	Cut_Shuffle	37
2157	50758.jpg	Cut8_C1_S8	Cut_Shuffle	38
2158	50759.jpg	Cut8_C1_S8	Cut_Shuffle	39
2159	50760.jpg	Cut8_C1_S8	Cut_Shuffle	40
2160	50761.jpg	Cut4_C1_S4	Cut_Shuffle	1
2161	50762.jpg	Cut4_C1_S4	Cut_Shuffle	2
2162	50763.jpg	Cut4_C1_S4	Cut_Shuffle	3
2163	50764.jpg	Cut4_C1_S4	Cut_Shuffle	4
2164	50765.jpg	Cut4_C1_S4	Cut_Shuffle	5
2165	50766.jpg	Cut4_C1_S4	Cut_Shuffle	6
2166	50767.jpg	Cut4_C1_S4	Cut_Shuffle	7
2167	50768.jpg	Cut4_C1_S4	Cut_Shuffle	8
2168	50769.jpg	Cut4_C1_S4	Cut_Shuffle	9
2169	50770.jpg	Cut4_C1_S4	Cut_Shuffle	10
2170	50771.jpg	Cut4_C1_S4	Cut_Shuffle	11
2171	50772.jpg	Cut4_C1_S4	Cut_Shuffle	12
2172	50773.jpg	Cut4_C1_S4	Cut_Shuffle	13
2173	50774.jpg	Cut4_C1_S4	Cut_Shuffle	14
2174	50775.jpg	Cut4_C1_S4	Cut_Shuffle	15
2175	50776.jpg	Cut4_C1_S4	Cut_Shuffle	16
2176	50777.jpg	Cut4_C1_S4	Cut_Shuffle	17
2177	50778.jpg	Cut4_C1_S4	Cut_Shuffle	18
2178	50779.jpg	Cut4_C1_S4	Cut_Shuffle	19
2179	50780.jpg	Cut4_C1_S4	Cut_Shuffle	20
2180	50781.jpg	Cut4_C1_S4	Cut_Shuffle	21
2181	50782.jpg	Cut4_C1_S4	Cut_Shuffle	22
2182	50783.jpg	Cut4_C1_S4	Cut_Shuffle	23
2183	50784.jpg	Cut4_C1_S4	Cut_Shuffle	24
2184	50785.jpg	Cut4_C1_S4	Cut_Shuffle	25
2185	50786.jpg	Cut4_C1_S4	Cut_Shuffle	26
2186	50787.jpg	Cut4_C1_S4	Cut_Shuffle	27
2187	50788.jpg	Cut4_C1_S4	Cut_Shuffle	28
2188	50789.jpg	Cut4_C1_S4	Cut_Shuffle	29
2189	50790.jpg	Cut4_C1_S4	Cut_Shuffle	30
2190	50791.jpg	Cut4_C1_S4	Cut_Shuffle	31
2191	50792.jpg	Cut4_C1_S4	Cut_Shuffle	32
2192	50793.jpg	Cut4_C1_S4	Cut_Shuffle	33
2193	50794.jpg	Cut4_C1_S4	Cut_Shuffle	34
2194	50795.jpg	Cut4_C1_S4	Cut_Shuffle	35
2195	50796.jpg	Cut4_C1_S4	Cut_Shuffle	36
2196	50797.jpg	Cut4_C1_S4	Cut_Shuffle	37
2197	50798.jpg	Cut4_C1_S4	Cut_Shuffle	38
2198	50799.jpg	Cut4_C1_S4	Cut_Shuffle	39
2199	50800.jpg	Cut4_C1_S4	Cut_Shuffle	40
2200	50801.jpg	Cut4_C2_S2	Cut_Shuffle	1
2201	50802.jpg	Cut4_C2_S2	Cut_Shuffle	2
2202	50803.jpg	Cut4_C2_S2	Cut_Shuffle	3
2203	50804.jpg	Cut4_C2_S2	Cut_Shuffle	4
2204	50805.jpg	Cut4_C2_S2	Cut_Shuffle	5
2205	50806.jpg	Cut4_C2_S2	Cut_Shuffle	6
2206	50807.jpg	Cut4_C2_S2	Cut_Shuffle	7
2207	50808.jpg	Cut4_C2_S2	Cut_Shuffle	8
2208	50809.jpg	Cut4_C2_S2	Cut_Shuffle	9
2209	50810.jpg	Cut4_C2_S2	Cut_Shuffle	10
2210	50811.jpg	Cut4_C2_S2	Cut_Shuffle	11
2211	50812.jpg	Cut4_C2_S2	Cut_Shuffle	12
2212	50813.jpg	Cut4_C2_S2	Cut_Shuffle	13
2213	50814.jpg	Cut4_C2_S2	Cut_Shuffle	14
2214	50815.jpg	Cut4_C2_S2	Cut_Shuffle	15
2215	50816.jpg	Cut4_C2_S2	Cut_Shuffle	16
2216	50817.jpg	Cut4_C2_S2	Cut_Shuffle	17
2217	50818.jpg	Cut4_C2_S2	Cut_Shuffle	18
2218	50819.jpg	Cut4_C2_S2	Cut_Shuffle	19
2219	50820.jpg	Cut4_C2_S2	Cut_Shuffle	20
2220	50821.jpg	Cut4_C2_S2	Cut_Shuffle	21
2221	50822.jpg	Cut4_C2_S2	Cut_Shuffle	22
2222	50823.jpg	Cut4_C2_S2	Cut_Shuffle	23
2223	50824.jpg	Cut4_C2_S2	Cut_Shuffle	24
2224	50825.jpg	Cut4_C2_S2	Cut_Shuffle	25
2225	50826.jpg	Cut4_C2_S2	Cut_Shuffle	26
2226	50827.jpg	Cut4_C2_S2	Cut_Shuffle	27
2227	50828.jpg	Cut4_C2_S2	Cut_Shuffle	28
2228	50829.jpg	Cut4_C2_S2	Cut_Shuffle	29
2229	50830.jpg	Cut4_C2_S2	Cut_Shuffle	30
2230	50831.jpg	Cut4_C2_S2	Cut_Shuffle	31
2231	50832.jpg	Cut4_C2_S2	Cut_Shuffle	32
2232	50833.jpg	Cut4_C2_S2	Cut_Shuffle	33
2233	50834.jpg	Cut4_C2_S2	Cut_Shuffle	34
2234	50835.jpg	Cut4_C2_S2	Cut_Shuffle	35
2235	50836.jpg	Cut4_C2_S2	Cut_Shuffle	36
2236	50837.jpg	Cut4_C2_S2	Cut_Shuffle	37
2237	50838.jpg	Cut4_C2_S2	Cut_Shuffle	38
2238	50839.jpg	Cut4_C2_S2	Cut_Shuffle	39
2239	50840.jpg	Cut4_C2_S2	Cut_Shuffle	40
2240	60001.jpg	L1_1	Cut_Octo	1
2241	60002.jpg	L1_1	Cut_Octo	2
2242	60003.jpg	L1_1	Cut_Octo	3
2243	60004.jpg	L1_1	Cut_Octo	4
2244	60005.jpg	L1_1	Cut_Octo	5
2245	60006.jpg	L1_1	Cut_Octo	6
2246	60007.jpg	L1_1	Cut_Octo	7
2247	60008.jpg	L1_1	Cut_Octo	8
2248	60009.jpg	L1_1	Cut_Octo	9
2249	60010.jpg	L1_1	Cut_Octo	10
2250	60011.jpg	L1_1	Cut_Octo	11
2251	60012.jpg	L1_1	Cut_Octo	12
2252	60013.jpg	L1_1	Cut_Octo	13
2253	60014.jpg	L1_1	Cut_Octo	14
2254	60015.jpg	L1_1	Cut_Octo	15
2255	60016.jpg	L1_1	Cut_Octo	16
2256	60017.jpg	L1_1	Cut_Octo	17
2257	60018.jpg	L1_1	Cut_Octo	18
2258	60019.jpg	L1_1	Cut_Octo	19
2259	60020.jpg	L1_1	Cut_Octo	20
2260	60021.jpg	L1_2	Cut_Octo	1
2261	60022.jpg	L1_2	Cut_Octo	2
2262	60023.jpg	L1_2	Cut_Octo	3
2263	60024.jpg	L1_2	Cut_Octo	4
2264	60025.jpg	L1_2	Cut_Octo	5
2265	60026.jpg	L1_2	Cut_Octo	6
2266	60027.jpg	L1_2	Cut_Octo	7
2267	60028.jpg	L1_2	Cut_Octo	8
2268	60029.jpg	L1_2	Cut_Octo	9
2269	60030.jpg	L1_2	Cut_Octo	10
2270	60031.jpg	L1_2	Cut_Octo	11
2271	60032.jpg	L1_2	Cut_Octo	12
2272	60033.jpg	L1_2	Cut_Octo	13
2273	60034.jpg	L1_2	Cut_Octo	14
2274	60035.jpg	L1_2	Cut_Octo	15
2275	60036.jpg	L1_2	Cut_Octo	16
2276	60037.jpg	L1_2	Cut_Octo	17
2277	60038.jpg	L1_2	Cut_Octo	18
2278	60039.jpg	L1_2	Cut_Octo	19
2279	60040.jpg	L1_2	Cut_Octo	20
2280	60041.jpg	L1_3	Cut_Octo	1
2281	60042.jpg	L1_3	Cut_Octo	2
2282	60043.jpg	L1_3	Cut_Octo	3
2283	60044.jpg	L1_3	Cut_Octo	4
2284	60045.jpg	L1_3	Cut_Octo	5
2285	60046.jpg	L1_3	Cut_Octo	6
2286	60047.jpg	L1_3	Cut_Octo	7
2287	60048.jpg	L1_3	Cut_Octo	8
2288	60049.jpg	L1_3	Cut_Octo	9
2289	60050.jpg	L1_3	Cut_Octo	10
2290	60051.jpg	L1_3	Cut_Octo	11
2291	60052.jpg	L1_3	Cut_Octo	12
2292	60053.jpg	L1_3	Cut_Octo	13
2293	60054.jpg	L1_3	Cut_Octo	14
2294	60055.jpg	L1_3	Cut_Octo	15
2295	60056.jpg	L1_3	Cut_Octo	16
2296	60057.jpg	L1_3	Cut_Octo	17
2297	60058.jpg	L1_3	Cut_Octo	18
2298	60059.jpg	L1_3	Cut_Octo	19
2299	60060.jpg	L1_3	Cut_Octo	20
2300	60061.jpg	L1_4	Cut_Octo	1
2301	60062.jpg	L1_4	Cut_Octo	2
2302	60063.jpg	L1_4	Cut_Octo	3
2303	60064.jpg	L1_4	Cut_Octo	4
2304	60065.jpg	L1_4	Cut_Octo	5
2305	60066.jpg	L1_4	Cut_Octo	6
2306	60067.jpg	L1_4	Cut_Octo	7
2307	60068.jpg	L1_4	Cut_Octo	8
2308	60069.jpg	L1_4	Cut_Octo	9
2309	60070.jpg	L1_4	Cut_Octo	10
2310	60071.jpg	L1_4	Cut_Octo	11
2311	60072.jpg	L1_4	Cut_Octo	12
2312	60073.jpg	L1_4	Cut_Octo	13
2313	60074.jpg	L1_4	Cut_Octo	14
2314	60075.jpg	L1_4	Cut_Octo	15
2315	60076.jpg	L1_4	Cut_Octo	16
2316	60077.jpg	L1_4	Cut_Octo	17
2317	60078.jpg	L1_4	Cut_Octo	18
2318	60079.jpg	L1_4	Cut_Octo	19
2319	60080.jpg	L1_4	Cut_Octo	20
2320	60081.jpg	L1_5	Cut_Octo	1
2321	60082.jpg	L1_5	Cut_Octo	2
2322	60083.jpg	L1_5	Cut_Octo	3
2323	60084.jpg	L1_5	Cut_Octo	4
2324	60085.jpg	L1_5	Cut_Octo	5
2325	60086.jpg	L1_5	Cut_Octo	6
2326	60087.jpg	L1_5	Cut_Octo	7
2327	60088.jpg	L1_5	Cut_Octo	8
2328	60089.jpg	L1_5	Cut_Octo	9
2329	60090.jpg	L1_5	Cut_Octo	10
2330	60091.jpg	L1_5	Cut_Octo	11
2331	60092.jpg	L1_5	Cut_Octo	12
2332	60093.jpg	L1_5	Cut_Octo	13
2333	60094.jpg	L1_5	Cut_Octo	14
2334	60095.jpg	L1_5	Cut_Octo	15
2335	60096.jpg	L1_5	Cut_Octo	16
2336	60097.jpg	L1_5	Cut_Octo	17
2337	60098.jpg	L1_5	Cut_Octo	18
2338	60099.jpg	L1_5	Cut_Octo	19
2339	60100.jpg	L1_5	Cut_Octo	20
2340	60101.jpg	L1_6	Cut_Octo	1
2341	60102.jpg	L1_6	Cut_Octo	2
2342	60103.jpg	L1_6	Cut_Octo	3
2343	60104.jpg	L1_6	Cut_Octo	4
2344	60105.jpg	L1_6	Cut_Octo	5
2345	60106.jpg	L1_6	Cut_Octo	6
2346	60107.jpg	L1_6	Cut_Octo	7
2347	60108.jpg	L1_6	Cut_Octo	8
2348	60109.jpg	L1_6	Cut_Octo	9
2349	60110.jpg	L1_6	Cut_Octo	10
2350	60111.jpg	L1_6	Cut_Octo	11
2351	60112.jpg	L1_6	Cut_Octo	12
2352	60113.jpg	L1_6	Cut_Octo	13
2353	60114.jpg	L1_6	Cut_Octo	14
2354	60115.jpg	L1_6	Cut_Octo	15
2355	60116.jpg	L1_6	Cut_Octo	16
2356	60117.jpg	L1_6	Cut_Octo	17
2357	60118.jpg	L1_6	Cut_Octo	18
2358	60119.jpg	L1_6	Cut_Octo	19
2359	60120.jpg	L1_6	Cut_Octo	20
2360	60121.jpg	L1_7	Cut_Octo	1
2361	60122.jpg	L1_7	Cut_Octo	2
2362	60123.jpg	L1_7	Cut_Octo	3
2363	60124.jpg	L1_7	Cut_Octo	4
2364	60125.jpg	L1_7	Cut_Octo	5
2365	60126.jpg	L1_7	Cut_Octo	6
2366	60127.jpg	L1_7	Cut_Octo	7
2367	60128.jpg	L1_7	Cut_Octo	8
2368	60129.jpg	L1_7	Cut_Octo	9
2369	60130.jpg	L1_7	Cut_Octo	10
2370	60131.jpg	L1_7	Cut_Octo	11
2371	60132.jpg	L1_7	Cut_Octo	12
2372	60133.jpg	L1_7	Cut_Octo	13
2373	60134.jpg	L1_7	Cut_Octo	14
2374	60135.jpg	L1_7	Cut_Octo	15
2375	60136.jpg	L1_7	Cut_Octo	16
2376	60137.jpg	L1_7	Cut_Octo	17
2377	60138.jpg	L1_7	Cut_Octo	18
2378	60139.jpg	L1_7	Cut_Octo	19
2379	60140.jpg	L1_7	Cut_Octo	20
2380	60141.jpg	L1_8	Cut_Octo	1
2381	60142.jpg	L1_8	Cut_Octo	2
2382	60143.jpg	L1_8	Cut_Octo	3
2383	60144.jpg	L1_8	Cut_Octo	4
2384	60145.jpg	L1_8	Cut_Octo	5
2385	60146.jpg	L1_8	Cut_Octo	6
2386	60147.jpg	L1_8	Cut_Octo	7
2387	60148.jpg	L1_8	Cut_Octo	8
2388	60149.jpg	L1_8	Cut_Octo	9
2389	60150.jpg	L1_8	Cut_Octo	10
2390	60151.jpg	L1_8	Cut_Octo	11
2391	60152.jpg	L1_8	Cut_Octo	12
2392	60153.jpg	L1_8	Cut_Octo	13
2393	60154.jpg	L1_8	Cut_Octo	14
2394	60155.jpg	L1_8	Cut_Octo	15
2395	60156.jpg	L1_8	Cut_Octo	16
2396	60157.jpg	L1_8	Cut_Octo	17
2397	60158.jpg	L1_8	Cut_Octo	18
2398	60159.jpg	L1_8	Cut_Octo	19
2399	60160.jpg	L1_8	Cut_Octo	20
2400	60161.jpg	L2_12	Cut_Octo	1
2401	60162.jpg	L2_12	Cut_Octo	2
2402	60163.jpg	L2_12	Cut_Octo	3
2403	60164.jpg	L2_12	Cut_Octo	4
2404	60165.jpg	L2_12	Cut_Octo	5
2405	60166.jpg	L2_12	Cut_Octo	6
2406	60167.jpg	L2_12	Cut_Octo	7
2407	60168.jpg	L2_12	Cut_Octo	8
2408	60169.jpg	L2_12	Cut_Octo	9
2409	60170.jpg	L2_12	Cut_Octo	10
2410	60171.jpg	L2_12	Cut_Octo	11
2411	60172.jpg	L2_12	Cut_Octo	12
2412	60173.jpg	L2_12	Cut_Octo	13
2413	60174.jpg	L2_12	Cut_Octo	14
2414	60175.jpg	L2_12	Cut_Octo	15
2415	60176.jpg	L2_12	Cut_Octo	16
2416	60177.jpg	L2_12	Cut_Octo	17
2417	60178.jpg	L2_12	Cut_Octo	18
2418	60179.jpg	L2_12	Cut_Octo	19
2419	60180.jpg	L2_12	Cut_Octo	20
2420	60181.jpg	L2_34	Cut_Octo	1
2421	60182.jpg	L2_34	Cut_Octo	2
2422	60183.jpg	L2_34	Cut_Octo	3
2423	60184.jpg	L2_34	Cut_Octo	4
2424	60185.jpg	L2_34	Cut_Octo	5
2425	60186.jpg	L2_34	Cut_Octo	6
2426	60187.jpg	L2_34	Cut_Octo	7
2427	60188.jpg	L2_34	Cut_Octo	8
2428	60189.jpg	L2_34	Cut_Octo	9
2429	60190.jpg	L2_34	Cut_Octo	10
2430	60191.jpg	L2_34	Cut_Octo	11
2431	60192.jpg	L2_34	Cut_Octo	12
2432	60193.jpg	L2_34	Cut_Octo	13
2433	60194.jpg	L2_34	Cut_Octo	14
2434	60195.jpg	L2_34	Cut_Octo	15
2435	60196.jpg	L2_34	Cut_Octo	16
2436	60197.jpg	L2_34	Cut_Octo	17
2437	60198.jpg	L2_34	Cut_Octo	18
2438	60199.jpg	L2_34	Cut_Octo	19
2439	60200.jpg	L2_34	Cut_Octo	20
2440	60201.jpg	L2_56	Cut_Octo	1
2441	60202.jpg	L2_56	Cut_Octo	2
2442	60203.jpg	L2_56	Cut_Octo	3
2443	60204.jpg	L2_56	Cut_Octo	4
2444	60205.jpg	L2_56	Cut_Octo	5
2445	60206.jpg	L2_56	Cut_Octo	6
2446	60207.jpg	L2_56	Cut_Octo	7
2447	60208.jpg	L2_56	Cut_Octo	8
2448	60209.jpg	L2_56	Cut_Octo	9
2449	60210.jpg	L2_56	Cut_Octo	10
2450	60211.jpg	L2_56	Cut_Octo	11
2451	60212.jpg	L2_56	Cut_Octo	12
2452	60213.jpg	L2_56	Cut_Octo	13
2453	60214.jpg	L2_56	Cut_Octo	14
2454	60215.jpg	L2_56	Cut_Octo	15
2455	60216.jpg	L2_56	Cut_Octo	16
2456	60217.jpg	L2_56	Cut_Octo	17
2457	60218.jpg	L2_56	Cut_Octo	18
2458	60219.jpg	L2_56	Cut_Octo	19
2459	60220.jpg	L2_56	Cut_Octo	20
2460	60221.jpg	L2_78	Cut_Octo	1
2461	60222.jpg	L2_78	Cut_Octo	2
2462	60223.jpg	L2_78	Cut_Octo	3
2463	60224.jpg	L2_78	Cut_Octo	4
2464	60225.jpg	L2_78	Cut_Octo	5
2465	60226.jpg	L2_78	Cut_Octo	6
2466	60227.jpg	L2_78	Cut_Octo	7
2467	60228.jpg	L2_78	Cut_Octo	8
2468	60229.jpg	L2_78	Cut_Octo	9
2469	60230.jpg	L2_78	Cut_Octo	10
2470	60231.jpg	L2_78	Cut_Octo	11
2471	60232.jpg	L2_78	Cut_Octo	12
2472	60233.jpg	L2_78	Cut_Octo	13
2473	60234.jpg	L2_78	Cut_Octo	14
2474	60235.jpg	L2_78	Cut_Octo	15
2475	60236.jpg	L2_78	Cut_Octo	16
2476	60237.jpg	L2_78	Cut_Octo	17
2477	60238.jpg	L2_78	Cut_Octo	18
2478	60239.jpg	L2_78	Cut_Octo	19
2479	60240.jpg	L2_78	Cut_Octo	20
2480	60241.jpg	L2_15	Cut_Octo	1
2481	60242.jpg	L2_15	Cut_Octo	2
2482	60243.jpg	L2_15	Cut_Octo	3
2483	60244.jpg	L2_15	Cut_Octo	4
2484	60245.jpg	L2_15	Cut_Octo	5
2485	60246.jpg	L2_15	Cut_Octo	6
2486	60247.jpg	L2_15	Cut_Octo	7
2487	60248.jpg	L2_15	Cut_Octo	8
2488	60249.jpg	L2_15	Cut_Octo	9
2489	60250.jpg	L2_15	Cut_Octo	10
2490	60251.jpg	L2_15	Cut_Octo	11
2491	60252.jpg	L2_15	Cut_Octo	12
2492	60253.jpg	L2_15	Cut_Octo	13
2493	60254.jpg	L2_15	Cut_Octo	14
2494	60255.jpg	L2_15	Cut_Octo	15
2495	60256.jpg	L2_15	Cut_Octo	16
2496	60257.jpg	L2_15	Cut_Octo	17
2497	60258.jpg	L2_15	Cut_Octo	18
2498	60259.jpg	L2_15	Cut_Octo	19
2499	60260.jpg	L2_15	Cut_Octo	20
2500	60261.jpg	L2_26	Cut_Octo	1
2501	60262.jpg	L2_26	Cut_Octo	2
2502	60263.jpg	L2_26	Cut_Octo	3
2503	60264.jpg	L2_26	Cut_Octo	4
2504	60265.jpg	L2_26	Cut_Octo	5
2505	60266.jpg	L2_26	Cut_Octo	6
2506	60267.jpg	L2_26	Cut_Octo	7
2507	60268.jpg	L2_26	Cut_Octo	8
2508	60269.jpg	L2_26	Cut_Octo	9
2509	60270.jpg	L2_26	Cut_Octo	10
2510	60271.jpg	L2_26	Cut_Octo	11
2511	60272.jpg	L2_26	Cut_Octo	12
2512	60273.jpg	L2_26	Cut_Octo	13
2513	60274.jpg	L2_26	Cut_Octo	14
2514	60275.jpg	L2_26	Cut_Octo	15
2515	60276.jpg	L2_26	Cut_Octo	16
2516	60277.jpg	L2_26	Cut_Octo	17
2517	60278.jpg	L2_26	Cut_Octo	18
2518	60279.jpg	L2_26	Cut_Octo	19
2519	60280.jpg	L2_26	Cut_Octo	20
2520	60281.jpg	L2_37	Cut_Octo	1
2521	60282.jpg	L2_37	Cut_Octo	2
2522	60283.jpg	L2_37	Cut_Octo	3
2523	60284.jpg	L2_37	Cut_Octo	4
2524	60285.jpg	L2_37	Cut_Octo	5
2525	60286.jpg	L2_37	Cut_Octo	6
2526	60287.jpg	L2_37	Cut_Octo	7
2527	60288.jpg	L2_37	Cut_Octo	8
2528	60289.jpg	L2_37	Cut_Octo	9
2529	60290.jpg	L2_37	Cut_Octo	10
2530	60291.jpg	L2_37	Cut_Octo	11
2531	60292.jpg	L2_37	Cut_Octo	12
2532	60293.jpg	L2_37	Cut_Octo	13
2533	60294.jpg	L2_37	Cut_Octo	14
2534	60295.jpg	L2_37	Cut_Octo	15
2535	60296.jpg	L2_37	Cut_Octo	16
2536	60297.jpg	L2_37	Cut_Octo	17
2537	60298.jpg	L2_37	Cut_Octo	18
2538	60299.jpg	L2_37	Cut_Octo	19
2539	60300.jpg	L2_37	Cut_Octo	20
2540	60301.jpg	L2_48	Cut_Octo	1
2541	60302.jpg	L2_48	Cut_Octo	2
2542	60303.jpg	L2_48	Cut_Octo	3
2543	60304.jpg	L2_48	Cut_Octo	4
2544	60305.jpg	L2_48	Cut_Octo	5
2545	60306.jpg	L2_48	Cut_Octo	6
2546	60307.jpg	L2_48	Cut_Octo	7
2547	60308.jpg	L2_48	Cut_Octo	8
2548	60309.jpg	L2_48	Cut_Octo	9
2549	60310.jpg	L2_48	Cut_Octo	10
2550	60311.jpg	L2_48	Cut_Octo	11
2551	60312.jpg	L2_48	Cut_Octo	12
2552	60313.jpg	L2_48	Cut_Octo	13
2553	60314.jpg	L2_48	Cut_Octo	14
2554	60315.jpg	L2_48	Cut_Octo	15
2555	60316.jpg	L2_48	Cut_Octo	16
2556	60317.jpg	L2_48	Cut_Octo	17
2557	60318.jpg	L2_48	Cut_Octo	18
2558	60319.jpg	L2_48	Cut_Octo	19
2559	60320.jpg	L2_48	Cut_Octo	20
2560	60321.jpg	L4_1357	Cut_Octo	1
2561	60322.jpg	L4_1357	Cut_Octo	2
2562	60323.jpg	L4_1357	Cut_Octo	3
2563	60324.jpg	L4_1357	Cut_Octo	4
2564	60325.jpg	L4_1357	Cut_Octo	5
2565	60326.jpg	L4_1357	Cut_Octo	6
2566	60327.jpg	L4_1357	Cut_Octo	7
2567	60328.jpg	L4_1357	Cut_Octo	8
2568	60329.jpg	L4_1357	Cut_Octo	9
2569	60330.jpg	L4_1357	Cut_Octo	10
2570	60331.jpg	L4_1357	Cut_Octo	11
2571	60332.jpg	L4_1357	Cut_Octo	12
2572	60333.jpg	L4_1357	Cut_Octo	13
2573	60334.jpg	L4_1357	Cut_Octo	14
2574	60335.jpg	L4_1357	Cut_Octo	15
2575	60336.jpg	L4_1357	Cut_Octo	16
2576	60337.jpg	L4_1357	Cut_Octo	17
2577	60338.jpg	L4_1357	Cut_Octo	18
2578	60339.jpg	L4_1357	Cut_Octo	19
2579	60340.jpg	L4_1357	Cut_Octo	20
2580	60341.jpg	L4_2468	Cut_Octo	1
2581	60342.jpg	L4_2468	Cut_Octo	2
2582	60343.jpg	L4_2468	Cut_Octo	3
2583	60344.jpg	L4_2468	Cut_Octo	4
2584	60345.jpg	L4_2468	Cut_Octo	5
2585	60346.jpg	L4_2468	Cut_Octo	6
2586	60347.jpg	L4_2468	Cut_Octo	7
2587	60348.jpg	L4_2468	Cut_Octo	8
2588	60349.jpg	L4_2468	Cut_Octo	9
2589	60350.jpg	L4_2468	Cut_Octo	10
2590	60351.jpg	L4_2468	Cut_Octo	11
2591	60352.jpg	L4_2468	Cut_Octo	12
2592	60353.jpg	L4_2468	Cut_Octo	13
2593	60354.jpg	L4_2468	Cut_Octo	14
2594	60355.jpg	L4_2468	Cut_Octo	15
2595	60356.jpg	L4_2468	Cut_Octo	16
2596	60357.jpg	L4_2468	Cut_Octo	17
2597	60358.jpg	L4_2468	Cut_Octo	18
2598	60359.jpg	L4_2468	Cut_Octo	19
2599	60360.jpg	L4_2468	Cut_Octo	20
2600	60361.jpg	L4_1234	Cut_Octo	1
2601	60362.jpg	L4_1234	Cut_Octo	2
2602	60363.jpg	L4_1234	Cut_Octo	3
2603	60364.jpg	L4_1234	Cut_Octo	4
2604	60365.jpg	L4_1234	Cut_Octo	5
2605	60366.jpg	L4_1234	Cut_Octo	6
2606	60367.jpg	L4_1234	Cut_Octo	7
2607	60368.jpg	L4_1234	Cut_Octo	8
2608	60369.jpg	L4_1234	Cut_Octo	9
2609	60370.jpg	L4_1234	Cut_Octo	10
2610	60371.jpg	L4_1234	Cut_Octo	11
2611	60372.jpg	L4_1234	Cut_Octo	12
2612	60373.jpg	L4_1234	Cut_Octo	13
2613	60374.jpg	L4_1234	Cut_Octo	14
2614	60375.jpg	L4_1234	Cut_Octo	15
2615	60376.jpg	L4_1234	Cut_Octo	16
2616	60377.jpg	L4_1234	Cut_Octo	17
2617	60378.jpg	L4_1234	Cut_Octo	18
2618	60379.jpg	L4_1234	Cut_Octo	19
2619	60380.jpg	L4_1234	Cut_Octo	20
2620	60381.jpg	L4_5678	Cut_Octo	1
2621	60382.jpg	L4_5678	Cut_Octo	2
2622	60383.jpg	L4_5678	Cut_Octo	3
2623	60384.jpg	L4_5678	Cut_Octo	4
2624	60385.jpg	L4_5678	Cut_Octo	5
2625	60386.jpg	L4_5678	Cut_Octo	6
2626	60387.jpg	L4_5678	Cut_Octo	7
2627	60388.jpg	L4_5678	Cut_Octo	8
2628	60389.jpg	L4_5678	Cut_Octo	9
2629	60390.jpg	L4_5678	Cut_Octo	10
2630	60391.jpg	L4_5678	Cut_Octo	11
2631	60392.jpg	L4_5678	Cut_Octo	12
2632	60393.jpg	L4_5678	Cut_Octo	13
2633	60394.jpg	L4_5678	Cut_Octo	14
2634	60395.jpg	L4_5678	Cut_Octo	15
2635	60396.jpg	L4_5678	Cut_Octo	16
2636	60397.jpg	L4_5678	Cut_Octo	17
2637	60398.jpg	L4_5678	Cut_Octo	18
2638	60399.jpg	L4_5678	Cut_Octo	19
2639	60400.jpg	L4_5678	Cut_Octo	20
2640	60401.jpg	L4_3456	Cut_Octo	1
2641	60402.jpg	L4_3456	Cut_Octo	2
2642	60403.jpg	L4_3456	Cut_Octo	3
2643	60404.jpg	L4_3456	Cut_Octo	4
2644	60405.jpg	L4_3456	Cut_Octo	5
2645	60406.jpg	L4_3456	Cut_Octo	6
2646	60407.jpg	L4_3456	Cut_Octo	7
2647	60408.jpg	L4_3456	Cut_Octo	8
2648	60409.jpg	L4_3456	Cut_Octo	9
2649	60410.jpg	L4_3456	Cut_Octo	10
2650	60411.jpg	L4_3456	Cut_Octo	11
2651	60412.jpg	L4_3456	Cut_Octo	12
2652	60413.jpg	L4_3456	Cut_Octo	13
2653	60414.jpg	L4_3456	Cut_Octo	14
2654	60415.jpg	L4_3456	Cut_Octo	15
2655	60416.jpg	L4_3456	Cut_Octo	16
2656	60417.jpg	L4_3456	Cut_Octo	17
2657	60418.jpg	L4_3456	Cut_Octo	18
2658	60419.jpg	L4_3456	Cut_Octo	19
2659	60420.jpg	L4_3456	Cut_Octo	20
2660	60421.jpg	L4_1278	Cut_Octo	1
2661	60422.jpg	L4_1278	Cut_Octo	2
2662	60423.jpg	L4_1278	Cut_Octo	3
2663	60424.jpg	L4_1278	Cut_Octo	4
2664	60425.jpg	L4_1278	Cut_Octo	5
2665	60426.jpg	L4_1278	Cut_Octo	6
2666	60427.jpg	L4_1278	Cut_Octo	7
2667	60428.jpg	L4_1278	Cut_Octo	8
2668	60429.jpg	L4_1278	Cut_Octo	9
2669	60430.jpg	L4_1278	Cut_Octo	10
2670	60431.jpg	L4_1278	Cut_Octo	11
2671	60432.jpg	L4_1278	Cut_Octo	12
2672	60433.jpg	L4_1278	Cut_Octo	13
2673	60434.jpg	L4_1278	Cut_Octo	14
2674	60435.jpg	L4_1278	Cut_Octo	15
2675	60436.jpg	L4_1278	Cut_Octo	16
2676	60437.jpg	L4_1278	Cut_Octo	17
2677	60438.jpg	L4_1278	Cut_Octo	18
2678	60439.jpg	L4_1278	Cut_Octo	19
2679	60440.jpg	L4_1278	Cut_Octo	20
2680	60441.jpg	L6_345678	Cut_Octo	1
2681	60442.jpg	L6_345678	Cut_Octo	2
2682	60443.jpg	L6_345678	Cut_Octo	3
2683	60444.jpg	L6_345678	Cut_Octo	4
2684	60445.jpg	L6_345678	Cut_Octo	5
2685	60446.jpg	L6_345678	Cut_Octo	6
2686	60447.jpg	L6_345678	Cut_Octo	7
2687	60448.jpg	L6_345678	Cut_Octo	8
2688	60449.jpg	L6_345678	Cut_Octo	9
2689	60450.jpg	L6_345678	Cut_Octo	10
2690	60451.jpg	L6_345678	Cut_Octo	11
2691	60452.jpg	L6_345678	Cut_Octo	12
2692	60453.jpg	L6_345678	Cut_Octo	13
2693	60454.jpg	L6_345678	Cut_Octo	14
2694	60455.jpg	L6_345678	Cut_Octo	15
2695	60456.jpg	L6_345678	Cut_Octo	16
2696	60457.jpg	L6_345678	Cut_Octo	17
2697	60458.jpg	L6_345678	Cut_Octo	18
2698	60459.jpg	L6_345678	Cut_Octo	19
2699	60460.jpg	L6_345678	Cut_Octo	20
2700	60461.jpg	L6_125678	Cut_Octo	1
2701	60462.jpg	L6_125678	Cut_Octo	2
2702	60463.jpg	L6_125678	Cut_Octo	3
2703	60464.jpg	L6_125678	Cut_Octo	4
2704	60465.jpg	L6_125678	Cut_Octo	5
2705	60466.jpg	L6_125678	Cut_Octo	6
2706	60467.jpg	L6_125678	Cut_Octo	7
2707	60468.jpg	L6_125678	Cut_Octo	8
2708	60469.jpg	L6_125678	Cut_Octo	9
2709	60470.jpg	L6_125678	Cut_Octo	10
2710	60471.jpg	L6_125678	Cut_Octo	11
2711	60472.jpg	L6_125678	Cut_Octo	12
2712	60473.jpg	L6_125678	Cut_Octo	13
2713	60474.jpg	L6_125678	Cut_Octo	14
2714	60475.jpg	L6_125678	Cut_Octo	15
2715	60476.jpg	L6_125678	Cut_Octo	16
2716	60477.jpg	L6_125678	Cut_Octo	17
2717	60478.jpg	L6_125678	Cut_Octo	18
2718	60479.jpg	L6_125678	Cut_Octo	19
2719	60480.jpg	L6_125678	Cut_Octo	20
2720	60481.jpg	L6_123478	Cut_Octo	1
2721	60482.jpg	L6_123478	Cut_Octo	2
2722	60483.jpg	L6_123478	Cut_Octo	3
2723	60484.jpg	L6_123478	Cut_Octo	4
2724	60485.jpg	L6_123478	Cut_Octo	5
2725	60486.jpg	L6_123478	Cut_Octo	6
2726	60487.jpg	L6_123478	Cut_Octo	7
2727	60488.jpg	L6_123478	Cut_Octo	8
2728	60489.jpg	L6_123478	Cut_Octo	9
2729	60490.jpg	L6_123478	Cut_Octo	10
2730	60491.jpg	L6_123478	Cut_Octo	11
2731	60492.jpg	L6_123478	Cut_Octo	12
2732	60493.jpg	L6_123478	Cut_Octo	13
2733	60494.jpg	L6_123478	Cut_Octo	14
2734	60495.jpg	L6_123478	Cut_Octo	15
2735	60496.jpg	L6_123478	Cut_Octo	16
2736	60497.jpg	L6_123478	Cut_Octo	17
2737	60498.jpg	L6_123478	Cut_Octo	18
2738	60499.jpg	L6_123478	Cut_Octo	19
2739	60500.jpg	L6_123478	Cut_Octo	20
2740	60501.jpg	L6_123456	Cut_Octo	1
2741	60502.jpg	L6_123456	Cut_Octo	2
2742	60503.jpg	L6_123456	Cut_Octo	3
2743	60504.jpg	L6_123456	Cut_Octo	4
2744	60505.jpg	L6_123456	Cut_Octo	5
2745	60506.jpg	L6_123456	Cut_Octo	6
2746	60507.jpg	L6_123456	Cut_Octo	7
2747	60508.jpg	L6_123456	Cut_Octo	8
2748	60509.jpg	L6_123456	Cut_Octo	9
2749	60510.jpg	L6_123456	Cut_Octo	10
2750	60511.jpg	L6_123456	Cut_Octo	11
2751	60512.jpg	L6_123456	Cut_Octo	12
2752	60513.jpg	L6_123456	Cut_Octo	13
2753	60514.jpg	L6_123456	Cut_Octo	14
2754	60515.jpg	L6_123456	Cut_Octo	15
2755	60516.jpg	L6_123456	Cut_Octo	16
2756	60517.jpg	L6_123456	Cut_Octo	17
2757	60518.jpg	L6_123456	Cut_Octo	18
2758	60519.jpg	L6_123456	Cut_Octo	19
2759	60520.jpg	L6_123456	Cut_Octo	20
2760	60521.jpg	L7_2345678	Cut_Octo	1
2761	60522.jpg	L7_2345678	Cut_Octo	2
2762	60523.jpg	L7_2345678	Cut_Octo	3
2763	60524.jpg	L7_2345678	Cut_Octo	4
2764	60525.jpg	L7_2345678	Cut_Octo	5
2765	60526.jpg	L7_2345678	Cut_Octo	6
2766	60527.jpg	L7_2345678	Cut_Octo	7
2767	60528.jpg	L7_2345678	Cut_Octo	8
2768	60529.jpg	L7_2345678	Cut_Octo	9
2769	60530.jpg	L7_2345678	Cut_Octo	10
2770	60531.jpg	L7_2345678	Cut_Octo	11
2771	60532.jpg	L7_2345678	Cut_Octo	12
2772	60533.jpg	L7_2345678	Cut_Octo	13
2773	60534.jpg	L7_2345678	Cut_Octo	14
2774	60535.jpg	L7_2345678	Cut_Octo	15
2775	60536.jpg	L7_2345678	Cut_Octo	16
2776	60537.jpg	L7_2345678	Cut_Octo	17
2777	60538.jpg	L7_2345678	Cut_Octo	18
2778	60539.jpg	L7_2345678	Cut_Octo	19
2779	60540.jpg	L7_2345678	Cut_Octo	20
2780	60541.jpg	L7_1345678	Cut_Octo	1
2781	60542.jpg	L7_1345678	Cut_Octo	2
2782	60543.jpg	L7_1345678	Cut_Octo	3
2783	60544.jpg	L7_1345678	Cut_Octo	4
2784	60545.jpg	L7_1345678	Cut_Octo	5
2785	60546.jpg	L7_1345678	Cut_Octo	6
2786	60547.jpg	L7_1345678	Cut_Octo	7
2787	60548.jpg	L7_1345678	Cut_Octo	8
2788	60549.jpg	L7_1345678	Cut_Octo	9
2789	60550.jpg	L7_1345678	Cut_Octo	10
2790	60551.jpg	L7_1345678	Cut_Octo	11
2791	60552.jpg	L7_1345678	Cut_Octo	12
2792	60553.jpg	L7_1345678	Cut_Octo	13
2793	60554.jpg	L7_1345678	Cut_Octo	14
2794	60555.jpg	L7_1345678	Cut_Octo	15
2795	60556.jpg	L7_1345678	Cut_Octo	16
2796	60557.jpg	L7_1345678	Cut_Octo	17
2797	60558.jpg	L7_1345678	Cut_Octo	18
2798	60559.jpg	L7_1345678	Cut_Octo	19
2799	60560.jpg	L7_1345678	Cut_Octo	20
2800	60561.jpg	L7_1245678	Cut_Octo	1
2801	60562.jpg	L7_1245678	Cut_Octo	2
2802	60563.jpg	L7_1245678	Cut_Octo	3
2803	60564.jpg	L7_1245678	Cut_Octo	4
2804	60565.jpg	L7_1245678	Cut_Octo	5
2805	60566.jpg	L7_1245678	Cut_Octo	6
2806	60567.jpg	L7_1245678	Cut_Octo	7
2807	60568.jpg	L7_1245678	Cut_Octo	8
2808	60569.jpg	L7_1245678	Cut_Octo	9
2809	60570.jpg	L7_1245678	Cut_Octo	10
2810	60571.jpg	L7_1245678	Cut_Octo	11
2811	60572.jpg	L7_1245678	Cut_Octo	12
2812	60573.jpg	L7_1245678	Cut_Octo	13
2813	60574.jpg	L7_1245678	Cut_Octo	14
2814	60575.jpg	L7_1245678	Cut_Octo	15
2815	60576.jpg	L7_1245678	Cut_Octo	16
2816	60577.jpg	L7_1245678	Cut_Octo	17
2817	60578.jpg	L7_1245678	Cut_Octo	18
2818	60579.jpg	L7_1245678	Cut_Octo	19
2819	60580.jpg	L7_1245678	Cut_Octo	20
2820	60581.jpg	L7_1235678	Cut_Octo	1
2821	60582.jpg	L7_1235678	Cut_Octo	2
2822	60583.jpg	L7_1235678	Cut_Octo	3
2823	60584.jpg	L7_1235678	Cut_Octo	4
2824	60585.jpg	L7_1235678	Cut_Octo	5
2825	60586.jpg	L7_1235678	Cut_Octo	6
2826	60587.jpg	L7_1235678	Cut_Octo	7
2827	60588.jpg	L7_1235678	Cut_Octo	8
2828	60589.jpg	L7_1235678	Cut_Octo	9
2829	60590.jpg	L7_1235678	Cut_Octo	10
2830	60591.jpg	L7_1235678	Cut_Octo	11
2831	60592.jpg	L7_1235678	Cut_Octo	12
2832	60593.jpg	L7_1235678	Cut_Octo	13
2833	60594.jpg	L7_1235678	Cut_Octo	14
2834	60595.jpg	L7_1235678	Cut_Octo	15
2835	60596.jpg	L7_1235678	Cut_Octo	16
2836	60597.jpg	L7_1235678	Cut_Octo	17
2837	60598.jpg	L7_1235678	Cut_Octo	18
2838	60599.jpg	L7_1235678	Cut_Octo	19
2839	60600.jpg	L7_1235678	Cut_Octo	20
2840	60601.jpg	L7_1234678	Cut_Octo	1
2841	60602.jpg	L7_1234678	Cut_Octo	2
2842	60603.jpg	L7_1234678	Cut_Octo	3
2843	60604.jpg	L7_1234678	Cut_Octo	4
2844	60605.jpg	L7_1234678	Cut_Octo	5
2845	60606.jpg	L7_1234678	Cut_Octo	6
2846	60607.jpg	L7_1234678	Cut_Octo	7
2847	60608.jpg	L7_1234678	Cut_Octo	8
2848	60609.jpg	L7_1234678	Cut_Octo	9
2849	60610.jpg	L7_1234678	Cut_Octo	10
2850	60611.jpg	L7_1234678	Cut_Octo	11
2851	60612.jpg	L7_1234678	Cut_Octo	12
2852	60613.jpg	L7_1234678	Cut_Octo	13
2853	60614.jpg	L7_1234678	Cut_Octo	14
2854	60615.jpg	L7_1234678	Cut_Octo	15
2855	60616.jpg	L7_1234678	Cut_Octo	16
2856	60617.jpg	L7_1234678	Cut_Octo	17
2857	60618.jpg	L7_1234678	Cut_Octo	18
2858	60619.jpg	L7_1234678	Cut_Octo	19
2859	60620.jpg	L7_1234678	Cut_Octo	20
2860	60621.jpg	L7_1234578	Cut_Octo	1
2861	60622.jpg	L7_1234578	Cut_Octo	2
2862	60623.jpg	L7_1234578	Cut_Octo	3
2863	60624.jpg	L7_1234578	Cut_Octo	4
2864	60625.jpg	L7_1234578	Cut_Octo	5
2865	60626.jpg	L7_1234578	Cut_Octo	6
2866	60627.jpg	L7_1234578	Cut_Octo	7
2867	60628.jpg	L7_1234578	Cut_Octo	8
2868	60629.jpg	L7_1234578	Cut_Octo	9
2869	60630.jpg	L7_1234578	Cut_Octo	10
2870	60631.jpg	L7_1234578	Cut_Octo	11
2871	60632.jpg	L7_1234578	Cut_Octo	12
2872	60633.jpg	L7_1234578	Cut_Octo	13
2873	60634.jpg	L7_1234578	Cut_Octo	14
2874	60635.jpg	L7_1234578	Cut_Octo	15
2875	60636.jpg	L7_1234578	Cut_Octo	16
2876	60637.jpg	L7_1234578	Cut_Octo	17
2877	60638.jpg	L7_1234578	Cut_Octo	18
2878	60639.jpg	L7_1234578	Cut_Octo	19
2879	60640.jpg	L7_1234578	Cut_Octo	20
2880	60641.jpg	L7_1234568	Cut_Octo	1
2881	60642.jpg	L7_1234568	Cut_Octo	2
2882	60643.jpg	L7_1234568	Cut_Octo	3
2883	60644.jpg	L7_1234568	Cut_Octo	4
2884	60645.jpg	L7_1234568	Cut_Octo	5
2885	60646.jpg	L7_1234568	Cut_Octo	6
2886	60647.jpg	L7_1234568	Cut_Octo	7
2887	60648.jpg	L7_1234568	Cut_Octo	8
2888	60649.jpg	L7_1234568	Cut_Octo	9
2889	60650.jpg	L7_1234568	Cut_Octo	10
2890	60651.jpg	L7_1234568	Cut_Octo	11
2891	60652.jpg	L7_1234568	Cut_Octo	12
2892	60653.jpg	L7_1234568	Cut_Octo	13
2893	60654.jpg	L7_1234568	Cut_Octo	14
2894	60655.jpg	L7_1234568	Cut_Octo	15
2895	60656.jpg	L7_1234568	Cut_Octo	16
2896	60657.jpg	L7_1234568	Cut_Octo	17
2897	60658.jpg	L7_1234568	Cut_Octo	18
2898	60659.jpg	L7_1234568	Cut_Octo	19
2899	60660.jpg	L7_1234568	Cut_Octo	20
2900	60661.jpg	L7_1234567	Cut_Octo	1
2901	60662.jpg	L7_1234567	Cut_Octo	2
2902	60663.jpg	L7_1234567	Cut_Octo	3
2903	60664.jpg	L7_1234567	Cut_Octo	4
2904	60665.jpg	L7_1234567	Cut_Octo	5
2905	60666.jpg	L7_1234567	Cut_Octo	6
2906	60667.jpg	L7_1234567	Cut_Octo	7
2907	60668.jpg	L7_1234567	Cut_Octo	8
2908	60669.jpg	L7_1234567	Cut_Octo	9
2909	60670.jpg	L7_1234567	Cut_Octo	10
2910	60671.jpg	L7_1234567	Cut_Octo	11
2911	60672.jpg	L7_1234567	Cut_Octo	12
2912	60673.jpg	L7_1234567	Cut_Octo	13
2913	60674.jpg	L7_1234567	Cut_Octo	14
2914	60675.jpg	L7_1234567	Cut_Octo	15
2915	60676.jpg	L7_1234567	Cut_Octo	16
2916	60677.jpg	L7_1234567	Cut_Octo	17
2917	60678.jpg	L7_1234567	Cut_Octo	18
2918	60679.jpg	L7_1234567	Cut_Octo	19
2919	60680.jpg	L7_1234567	Cut_Octo	20
2920	70001.jpg	L1_1	Cut_Ninegrid	1
2921	70002.jpg	L1_1	Cut_Ninegrid	2
2922	70003.jpg	L1_1	Cut_Ninegrid	3
2923	70004.jpg	L1_1	Cut_Ninegrid	4
2924	70005.jpg	L1_1	Cut_Ninegrid	5
2925	70006.jpg	L1_1	Cut_Ninegrid	6
2926	70007.jpg	L1_1	Cut_Ninegrid	7
2927	70008.jpg	L1_1	Cut_Ninegrid	8
2928	70009.jpg	L1_1	Cut_Ninegrid	9
2929	70010.jpg	L1_1	Cut_Ninegrid	10
2930	70011.jpg	L1_1	Cut_Ninegrid	11
2931	70012.jpg	L1_1	Cut_Ninegrid	12
2932	70013.jpg	L1_1	Cut_Ninegrid	13
2933	70014.jpg	L1_1	Cut_Ninegrid	14
2934	70015.jpg	L1_1	Cut_Ninegrid	15
2935	70016.jpg	L1_1	Cut_Ninegrid	16
2936	70017.jpg	L1_1	Cut_Ninegrid	17
2937	70018.jpg	L1_1	Cut_Ninegrid	18
2938	70019.jpg	L1_1	Cut_Ninegrid	19
2939	70020.jpg	L1_1	Cut_Ninegrid	20
2940	70021.jpg	L1_2	Cut_Ninegrid	1
2941	70022.jpg	L1_2	Cut_Ninegrid	2
2942	70023.jpg	L1_2	Cut_Ninegrid	3
2943	70024.jpg	L1_2	Cut_Ninegrid	4
2944	70025.jpg	L1_2	Cut_Ninegrid	5
2945	70026.jpg	L1_2	Cut_Ninegrid	6
2946	70027.jpg	L1_2	Cut_Ninegrid	7
2947	70028.jpg	L1_2	Cut_Ninegrid	8
2948	70029.jpg	L1_2	Cut_Ninegrid	9
2949	70030.jpg	L1_2	Cut_Ninegrid	10
2950	70031.jpg	L1_2	Cut_Ninegrid	11
2951	70032.jpg	L1_2	Cut_Ninegrid	12
2952	70033.jpg	L1_2	Cut_Ninegrid	13
2953	70034.jpg	L1_2	Cut_Ninegrid	14
2954	70035.jpg	L1_2	Cut_Ninegrid	15
2955	70036.jpg	L1_2	Cut_Ninegrid	16
2956	70037.jpg	L1_2	Cut_Ninegrid	17
2957	70038.jpg	L1_2	Cut_Ninegrid	18
2958	70039.jpg	L1_2	Cut_Ninegrid	19
2959	70040.jpg	L1_2	Cut_Ninegrid	20
2960	70041.jpg	L1_3	Cut_Ninegrid	1
2961	70042.jpg	L1_3	Cut_Ninegrid	2
2962	70043.jpg	L1_3	Cut_Ninegrid	3
2963	70044.jpg	L1_3	Cut_Ninegrid	4
2964	70045.jpg	L1_3	Cut_Ninegrid	5
2965	70046.jpg	L1_3	Cut_Ninegrid	6
2966	70047.jpg	L1_3	Cut_Ninegrid	7
2967	70048.jpg	L1_3	Cut_Ninegrid	8
2968	70049.jpg	L1_3	Cut_Ninegrid	9
2969	70050.jpg	L1_3	Cut_Ninegrid	10
2970	70051.jpg	L1_3	Cut_Ninegrid	11
2971	70052.jpg	L1_3	Cut_Ninegrid	12
2972	70053.jpg	L1_3	Cut_Ninegrid	13
2973	70054.jpg	L1_3	Cut_Ninegrid	14
2974	70055.jpg	L1_3	Cut_Ninegrid	15
2975	70056.jpg	L1_3	Cut_Ninegrid	16
2976	70057.jpg	L1_3	Cut_Ninegrid	17
2977	70058.jpg	L1_3	Cut_Ninegrid	18
2978	70059.jpg	L1_3	Cut_Ninegrid	19
2979	70060.jpg	L1_3	Cut_Ninegrid	20
2980	70061.jpg	L1_4	Cut_Ninegrid	1
2981	70062.jpg	L1_4	Cut_Ninegrid	2
2982	70063.jpg	L1_4	Cut_Ninegrid	3
2983	70064.jpg	L1_4	Cut_Ninegrid	4
2984	70065.jpg	L1_4	Cut_Ninegrid	5
2985	70066.jpg	L1_4	Cut_Ninegrid	6
2986	70067.jpg	L1_4	Cut_Ninegrid	7
2987	70068.jpg	L1_4	Cut_Ninegrid	8
2988	70069.jpg	L1_4	Cut_Ninegrid	9
2989	70070.jpg	L1_4	Cut_Ninegrid	10
2990	70071.jpg	L1_4	Cut_Ninegrid	11
2991	70072.jpg	L1_4	Cut_Ninegrid	12
2992	70073.jpg	L1_4	Cut_Ninegrid	13
2993	70074.jpg	L1_4	Cut_Ninegrid	14
2994	70075.jpg	L1_4	Cut_Ninegrid	15
2995	70076.jpg	L1_4	Cut_Ninegrid	16
2996	70077.jpg	L1_4	Cut_Ninegrid	17
2997	70078.jpg	L1_4	Cut_Ninegrid	18
2998	70079.jpg	L1_4	Cut_Ninegrid	19
2999	70080.jpg	L1_4	Cut_Ninegrid	20
3000	70081.jpg	L1_5	Cut_Ninegrid	1
3001	70082.jpg	L1_5	Cut_Ninegrid	2
3002	70083.jpg	L1_5	Cut_Ninegrid	3
3003	70084.jpg	L1_5	Cut_Ninegrid	4
3004	70085.jpg	L1_5	Cut_Ninegrid	5
3005	70086.jpg	L1_5	Cut_Ninegrid	6
3006	70087.jpg	L1_5	Cut_Ninegrid	7
3007	70088.jpg	L1_5	Cut_Ninegrid	8
3008	70089.jpg	L1_5	Cut_Ninegrid	9
3009	70090.jpg	L1_5	Cut_Ninegrid	10
3010	70091.jpg	L1_5	Cut_Ninegrid	11
3011	70092.jpg	L1_5	Cut_Ninegrid	12
3012	70093.jpg	L1_5	Cut_Ninegrid	13
3013	70094.jpg	L1_5	Cut_Ninegrid	14
3014	70095.jpg	L1_5	Cut_Ninegrid	15
3015	70096.jpg	L1_5	Cut_Ninegrid	16
3016	70097.jpg	L1_5	Cut_Ninegrid	17
3017	70098.jpg	L1_5	Cut_Ninegrid	18
3018	70099.jpg	L1_5	Cut_Ninegrid	19
3019	70100.jpg	L1_5	Cut_Ninegrid	20
3020	70101.jpg	L1_6	Cut_Ninegrid	1
3021	70102.jpg	L1_6	Cut_Ninegrid	2
3022	70103.jpg	L1_6	Cut_Ninegrid	3
3023	70104.jpg	L1_6	Cut_Ninegrid	4
3024	70105.jpg	L1_6	Cut_Ninegrid	5
3025	70106.jpg	L1_6	Cut_Ninegrid	6
3026	70107.jpg	L1_6	Cut_Ninegrid	7
3027	70108.jpg	L1_6	Cut_Ninegrid	8
3028	70109.jpg	L1_6	Cut_Ninegrid	9
3029	70110.jpg	L1_6	Cut_Ninegrid	10
3030	70111.jpg	L1_6	Cut_Ninegrid	11
3031	70112.jpg	L1_6	Cut_Ninegrid	12
3032	70113.jpg	L1_6	Cut_Ninegrid	13
3033	70114.jpg	L1_6	Cut_Ninegrid	14
3034	70115.jpg	L1_6	Cut_Ninegrid	15
3035	70116.jpg	L1_6	Cut_Ninegrid	16
3036	70117.jpg	L1_6	Cut_Ninegrid	17
3037	70118.jpg	L1_6	Cut_Ninegrid	18
3038	70119.jpg	L1_6	Cut_Ninegrid	19
3039	70120.jpg	L1_6	Cut_Ninegrid	20
3040	70121.jpg	L1_7	Cut_Ninegrid	1
3041	70122.jpg	L1_7	Cut_Ninegrid	2
3042	70123.jpg	L1_7	Cut_Ninegrid	3
3043	70124.jpg	L1_7	Cut_Ninegrid	4
3044	70125.jpg	L1_7	Cut_Ninegrid	5
3045	70126.jpg	L1_7	Cut_Ninegrid	6
3046	70127.jpg	L1_7	Cut_Ninegrid	7
3047	70128.jpg	L1_7	Cut_Ninegrid	8
3048	70129.jpg	L1_7	Cut_Ninegrid	9
3049	70130.jpg	L1_7	Cut_Ninegrid	10
3050	70131.jpg	L1_7	Cut_Ninegrid	11
3051	70132.jpg	L1_7	Cut_Ninegrid	12
3052	70133.jpg	L1_7	Cut_Ninegrid	13
3053	70134.jpg	L1_7	Cut_Ninegrid	14
3054	70135.jpg	L1_7	Cut_Ninegrid	15
3055	70136.jpg	L1_7	Cut_Ninegrid	16
3056	70137.jpg	L1_7	Cut_Ninegrid	17
3057	70138.jpg	L1_7	Cut_Ninegrid	18
3058	70139.jpg	L1_7	Cut_Ninegrid	19
3059	70140.jpg	L1_7	Cut_Ninegrid	20
3060	70141.jpg	L1_8	Cut_Ninegrid	1
3061	70142.jpg	L1_8	Cut_Ninegrid	2
3062	70143.jpg	L1_8	Cut_Ninegrid	3
3063	70144.jpg	L1_8	Cut_Ninegrid	4
3064	70145.jpg	L1_8	Cut_Ninegrid	5
3065	70146.jpg	L1_8	Cut_Ninegrid	6
3066	70147.jpg	L1_8	Cut_Ninegrid	7
3067	70148.jpg	L1_8	Cut_Ninegrid	8
3068	70149.jpg	L1_8	Cut_Ninegrid	9
3069	70150.jpg	L1_8	Cut_Ninegrid	10
3070	70151.jpg	L1_8	Cut_Ninegrid	11
3071	70152.jpg	L1_8	Cut_Ninegrid	12
3072	70153.jpg	L1_8	Cut_Ninegrid	13
3073	70154.jpg	L1_8	Cut_Ninegrid	14
3074	70155.jpg	L1_8	Cut_Ninegrid	15
3075	70156.jpg	L1_8	Cut_Ninegrid	16
3076	70157.jpg	L1_8	Cut_Ninegrid	17
3077	70158.jpg	L1_8	Cut_Ninegrid	18
3078	70159.jpg	L1_8	Cut_Ninegrid	19
3079	70160.jpg	L1_8	Cut_Ninegrid	20
3080	70161.jpg	L1_9	Cut_Ninegrid	1
3081	70162.jpg	L1_9	Cut_Ninegrid	2
3082	70163.jpg	L1_9	Cut_Ninegrid	3
3083	70164.jpg	L1_9	Cut_Ninegrid	4
3084	70165.jpg	L1_9	Cut_Ninegrid	5
3085	70166.jpg	L1_9	Cut_Ninegrid	6
3086	70167.jpg	L1_9	Cut_Ninegrid	7
3087	70168.jpg	L1_9	Cut_Ninegrid	8
3088	70169.jpg	L1_9	Cut_Ninegrid	9
3089	70170.jpg	L1_9	Cut_Ninegrid	10
3090	70171.jpg	L1_9	Cut_Ninegrid	11
3091	70172.jpg	L1_9	Cut_Ninegrid	12
3092	70173.jpg	L1_9	Cut_Ninegrid	13
3093	70174.jpg	L1_9	Cut_Ninegrid	14
3094	70175.jpg	L1_9	Cut_Ninegrid	15
3095	70176.jpg	L1_9	Cut_Ninegrid	16
3096	70177.jpg	L1_9	Cut_Ninegrid	17
3097	70178.jpg	L1_9	Cut_Ninegrid	18
3098	70179.jpg	L1_9	Cut_Ninegrid	19
3099	70180.jpg	L1_9	Cut_Ninegrid	20
3100	70181.jpg	L3_123	Cut_Ninegrid	1
3101	70182.jpg	L3_123	Cut_Ninegrid	2
3102	70183.jpg	L3_123	Cut_Ninegrid	3
3103	70184.jpg	L3_123	Cut_Ninegrid	4
3104	70185.jpg	L3_123	Cut_Ninegrid	5
3105	70186.jpg	L3_123	Cut_Ninegrid	6
3106	70187.jpg	L3_123	Cut_Ninegrid	7
3107	70188.jpg	L3_123	Cut_Ninegrid	8
3108	70189.jpg	L3_123	Cut_Ninegrid	9
3109	70190.jpg	L3_123	Cut_Ninegrid	10
3110	70191.jpg	L3_123	Cut_Ninegrid	11
3111	70192.jpg	L3_123	Cut_Ninegrid	12
3112	70193.jpg	L3_123	Cut_Ninegrid	13
3113	70194.jpg	L3_123	Cut_Ninegrid	14
3114	70195.jpg	L3_123	Cut_Ninegrid	15
3115	70196.jpg	L3_123	Cut_Ninegrid	16
3116	70197.jpg	L3_123	Cut_Ninegrid	17
3117	70198.jpg	L3_123	Cut_Ninegrid	18
3118	70199.jpg	L3_123	Cut_Ninegrid	19
3119	70200.jpg	L3_123	Cut_Ninegrid	20
3120	70201.jpg	L3_456	Cut_Ninegrid	1
3121	70202.jpg	L3_456	Cut_Ninegrid	2
3122	70203.jpg	L3_456	Cut_Ninegrid	3
3123	70204.jpg	L3_456	Cut_Ninegrid	4
3124	70205.jpg	L3_456	Cut_Ninegrid	5
3125	70206.jpg	L3_456	Cut_Ninegrid	6
3126	70207.jpg	L3_456	Cut_Ninegrid	7
3127	70208.jpg	L3_456	Cut_Ninegrid	8
3128	70209.jpg	L3_456	Cut_Ninegrid	9
3129	70210.jpg	L3_456	Cut_Ninegrid	10
3130	70211.jpg	L3_456	Cut_Ninegrid	11
3131	70212.jpg	L3_456	Cut_Ninegrid	12
3132	70213.jpg	L3_456	Cut_Ninegrid	13
3133	70214.jpg	L3_456	Cut_Ninegrid	14
3134	70215.jpg	L3_456	Cut_Ninegrid	15
3135	70216.jpg	L3_456	Cut_Ninegrid	16
3136	70217.jpg	L3_456	Cut_Ninegrid	17
3137	70218.jpg	L3_456	Cut_Ninegrid	18
3138	70219.jpg	L3_456	Cut_Ninegrid	19
3139	70220.jpg	L3_456	Cut_Ninegrid	20
3140	70221.jpg	L3_789	Cut_Ninegrid	1
3141	70222.jpg	L3_789	Cut_Ninegrid	2
3142	70223.jpg	L3_789	Cut_Ninegrid	3
3143	70224.jpg	L3_789	Cut_Ninegrid	4
3144	70225.jpg	L3_789	Cut_Ninegrid	5
3145	70226.jpg	L3_789	Cut_Ninegrid	6
3146	70227.jpg	L3_789	Cut_Ninegrid	7
3147	70228.jpg	L3_789	Cut_Ninegrid	8
3148	70229.jpg	L3_789	Cut_Ninegrid	9
3149	70230.jpg	L3_789	Cut_Ninegrid	10
3150	70231.jpg	L3_789	Cut_Ninegrid	11
3151	70232.jpg	L3_789	Cut_Ninegrid	12
3152	70233.jpg	L3_789	Cut_Ninegrid	13
3153	70234.jpg	L3_789	Cut_Ninegrid	14
3154	70235.jpg	L3_789	Cut_Ninegrid	15
3155	70236.jpg	L3_789	Cut_Ninegrid	16
3156	70237.jpg	L3_789	Cut_Ninegrid	17
3157	70238.jpg	L3_789	Cut_Ninegrid	18
3158	70239.jpg	L3_789	Cut_Ninegrid	19
3159	70240.jpg	L3_789	Cut_Ninegrid	20
3160	70241.jpg	L3_147	Cut_Ninegrid	1
3161	70242.jpg	L3_147	Cut_Ninegrid	2
3162	70243.jpg	L3_147	Cut_Ninegrid	3
3163	70244.jpg	L3_147	Cut_Ninegrid	4
3164	70245.jpg	L3_147	Cut_Ninegrid	5
3165	70246.jpg	L3_147	Cut_Ninegrid	6
3166	70247.jpg	L3_147	Cut_Ninegrid	7
3167	70248.jpg	L3_147	Cut_Ninegrid	8
3168	70249.jpg	L3_147	Cut_Ninegrid	9
3169	70250.jpg	L3_147	Cut_Ninegrid	10
3170	70251.jpg	L3_147	Cut_Ninegrid	11
3171	70252.jpg	L3_147	Cut_Ninegrid	12
3172	70253.jpg	L3_147	Cut_Ninegrid	13
3173	70254.jpg	L3_147	Cut_Ninegrid	14
3174	70255.jpg	L3_147	Cut_Ninegrid	15
3175	70256.jpg	L3_147	Cut_Ninegrid	16
3176	70257.jpg	L3_147	Cut_Ninegrid	17
3177	70258.jpg	L3_147	Cut_Ninegrid	18
3178	70259.jpg	L3_147	Cut_Ninegrid	19
3179	70260.jpg	L3_147	Cut_Ninegrid	20
3180	70261.jpg	L3_258	Cut_Ninegrid	1
3181	70262.jpg	L3_258	Cut_Ninegrid	2
3182	70263.jpg	L3_258	Cut_Ninegrid	3
3183	70264.jpg	L3_258	Cut_Ninegrid	4
3184	70265.jpg	L3_258	Cut_Ninegrid	5
3185	70266.jpg	L3_258	Cut_Ninegrid	6
3186	70267.jpg	L3_258	Cut_Ninegrid	7
3187	70268.jpg	L3_258	Cut_Ninegrid	8
3188	70269.jpg	L3_258	Cut_Ninegrid	9
3189	70270.jpg	L3_258	Cut_Ninegrid	10
3190	70271.jpg	L3_258	Cut_Ninegrid	11
3191	70272.jpg	L3_258	Cut_Ninegrid	12
3192	70273.jpg	L3_258	Cut_Ninegrid	13
3193	70274.jpg	L3_258	Cut_Ninegrid	14
3194	70275.jpg	L3_258	Cut_Ninegrid	15
3195	70276.jpg	L3_258	Cut_Ninegrid	16
3196	70277.jpg	L3_258	Cut_Ninegrid	17
3197	70278.jpg	L3_258	Cut_Ninegrid	18
3198	70279.jpg	L3_258	Cut_Ninegrid	19
3199	70280.jpg	L3_258	Cut_Ninegrid	20
3200	70281.jpg	L3_369	Cut_Ninegrid	1
3201	70282.jpg	L3_369	Cut_Ninegrid	2
3202	70283.jpg	L3_369	Cut_Ninegrid	3
3203	70284.jpg	L3_369	Cut_Ninegrid	4
3204	70285.jpg	L3_369	Cut_Ninegrid	5
3205	70286.jpg	L3_369	Cut_Ninegrid	6
3206	70287.jpg	L3_369	Cut_Ninegrid	7
3207	70288.jpg	L3_369	Cut_Ninegrid	8
3208	70289.jpg	L3_369	Cut_Ninegrid	9
3209	70290.jpg	L3_369	Cut_Ninegrid	10
3210	70291.jpg	L3_369	Cut_Ninegrid	11
3211	70292.jpg	L3_369	Cut_Ninegrid	12
3212	70293.jpg	L3_369	Cut_Ninegrid	13
3213	70294.jpg	L3_369	Cut_Ninegrid	14
3214	70295.jpg	L3_369	Cut_Ninegrid	15
3215	70296.jpg	L3_369	Cut_Ninegrid	16
3216	70297.jpg	L3_369	Cut_Ninegrid	17
3217	70298.jpg	L3_369	Cut_Ninegrid	18
3218	70299.jpg	L3_369	Cut_Ninegrid	19
3219	70300.jpg	L3_369	Cut_Ninegrid	20
3220	70301.jpg	L3_159	Cut_Ninegrid	1
3221	70302.jpg	L3_159	Cut_Ninegrid	2
3222	70303.jpg	L3_159	Cut_Ninegrid	3
3223	70304.jpg	L3_159	Cut_Ninegrid	4
3224	70305.jpg	L3_159	Cut_Ninegrid	5
3225	70306.jpg	L3_159	Cut_Ninegrid	6
3226	70307.jpg	L3_159	Cut_Ninegrid	7
3227	70308.jpg	L3_159	Cut_Ninegrid	8
3228	70309.jpg	L3_159	Cut_Ninegrid	9
3229	70310.jpg	L3_159	Cut_Ninegrid	10
3230	70311.jpg	L3_159	Cut_Ninegrid	11
3231	70312.jpg	L3_159	Cut_Ninegrid	12
3232	70313.jpg	L3_159	Cut_Ninegrid	13
3233	70314.jpg	L3_159	Cut_Ninegrid	14
3234	70315.jpg	L3_159	Cut_Ninegrid	15
3235	70316.jpg	L3_159	Cut_Ninegrid	16
3236	70317.jpg	L3_159	Cut_Ninegrid	17
3237	70318.jpg	L3_159	Cut_Ninegrid	18
3238	70319.jpg	L3_159	Cut_Ninegrid	19
3239	70320.jpg	L3_159	Cut_Ninegrid	20
3240	70321.jpg	L3_357	Cut_Ninegrid	1
3241	70322.jpg	L3_357	Cut_Ninegrid	2
3242	70323.jpg	L3_357	Cut_Ninegrid	3
3243	70324.jpg	L3_357	Cut_Ninegrid	4
3244	70325.jpg	L3_357	Cut_Ninegrid	5
3245	70326.jpg	L3_357	Cut_Ninegrid	6
3246	70327.jpg	L3_357	Cut_Ninegrid	7
3247	70328.jpg	L3_357	Cut_Ninegrid	8
3248	70329.jpg	L3_357	Cut_Ninegrid	9
3249	70330.jpg	L3_357	Cut_Ninegrid	10
3250	70331.jpg	L3_357	Cut_Ninegrid	11
3251	70332.jpg	L3_357	Cut_Ninegrid	12
3252	70333.jpg	L3_357	Cut_Ninegrid	13
3253	70334.jpg	L3_357	Cut_Ninegrid	14
3254	70335.jpg	L3_357	Cut_Ninegrid	15
3255	70336.jpg	L3_357	Cut_Ninegrid	16
3256	70337.jpg	L3_357	Cut_Ninegrid	17
3257	70338.jpg	L3_357	Cut_Ninegrid	18
3258	70339.jpg	L3_357	Cut_Ninegrid	19
3259	70340.jpg	L3_357	Cut_Ninegrid	20
3260	70341.jpg	L4_1359	Cut_Ninegrid	1
3261	70342.jpg	L4_1359	Cut_Ninegrid	2
3262	70343.jpg	L4_1359	Cut_Ninegrid	3
3263	70344.jpg	L4_1359	Cut_Ninegrid	4
3264	70345.jpg	L4_1359	Cut_Ninegrid	5
3265	70346.jpg	L4_1359	Cut_Ninegrid	6
3266	70347.jpg	L4_1359	Cut_Ninegrid	7
3267	70348.jpg	L4_1359	Cut_Ninegrid	8
3268	70349.jpg	L4_1359	Cut_Ninegrid	9
3269	70350.jpg	L4_1359	Cut_Ninegrid	10
3270	70351.jpg	L4_1359	Cut_Ninegrid	11
3271	70352.jpg	L4_1359	Cut_Ninegrid	12
3272	70353.jpg	L4_1359	Cut_Ninegrid	13
3273	70354.jpg	L4_1359	Cut_Ninegrid	14
3274	70355.jpg	L4_1359	Cut_Ninegrid	15
3275	70356.jpg	L4_1359	Cut_Ninegrid	16
3276	70357.jpg	L4_1359	Cut_Ninegrid	17
3277	70358.jpg	L4_1359	Cut_Ninegrid	18
3278	70359.jpg	L4_1359	Cut_Ninegrid	19
3279	70360.jpg	L4_1359	Cut_Ninegrid	20
3280	70361.jpg	L4_2468	Cut_Ninegrid	1
3281	70362.jpg	L4_2468	Cut_Ninegrid	2
3282	70363.jpg	L4_2468	Cut_Ninegrid	3
3283	70364.jpg	L4_2468	Cut_Ninegrid	4
3284	70365.jpg	L4_2468	Cut_Ninegrid	5
3285	70366.jpg	L4_2468	Cut_Ninegrid	6
3286	70367.jpg	L4_2468	Cut_Ninegrid	7
3287	70368.jpg	L4_2468	Cut_Ninegrid	8
3288	70369.jpg	L4_2468	Cut_Ninegrid	9
3289	70370.jpg	L4_2468	Cut_Ninegrid	10
3290	70371.jpg	L4_2468	Cut_Ninegrid	11
3291	70372.jpg	L4_2468	Cut_Ninegrid	12
3292	70373.jpg	L4_2468	Cut_Ninegrid	13
3293	70374.jpg	L4_2468	Cut_Ninegrid	14
3294	70375.jpg	L4_2468	Cut_Ninegrid	15
3295	70376.jpg	L4_2468	Cut_Ninegrid	16
3296	70377.jpg	L4_2468	Cut_Ninegrid	17
3297	70378.jpg	L4_2468	Cut_Ninegrid	18
3298	70379.jpg	L4_2468	Cut_Ninegrid	19
3299	70380.jpg	L4_2468	Cut_Ninegrid	20
3300	70381.jpg	L5_24568	Cut_Ninegrid	1
3301	70382.jpg	L5_24568	Cut_Ninegrid	2
3302	70383.jpg	L5_24568	Cut_Ninegrid	3
3303	70384.jpg	L5_24568	Cut_Ninegrid	4
3304	70385.jpg	L5_24568	Cut_Ninegrid	5
3305	70386.jpg	L5_24568	Cut_Ninegrid	6
3306	70387.jpg	L5_24568	Cut_Ninegrid	7
3307	70388.jpg	L5_24568	Cut_Ninegrid	8
3308	70389.jpg	L5_24568	Cut_Ninegrid	9
3309	70390.jpg	L5_24568	Cut_Ninegrid	10
3310	70391.jpg	L5_24568	Cut_Ninegrid	11
3311	70392.jpg	L5_24568	Cut_Ninegrid	12
3312	70393.jpg	L5_24568	Cut_Ninegrid	13
3313	70394.jpg	L5_24568	Cut_Ninegrid	14
3314	70395.jpg	L5_24568	Cut_Ninegrid	15
3315	70396.jpg	L5_24568	Cut_Ninegrid	16
3316	70397.jpg	L5_24568	Cut_Ninegrid	17
3317	70398.jpg	L5_24568	Cut_Ninegrid	18
3318	70399.jpg	L5_24568	Cut_Ninegrid	19
3319	70400.jpg	L5_24568	Cut_Ninegrid	20
3320	70401.jpg	L5_13579	Cut_Ninegrid	1
3321	70402.jpg	L5_13579	Cut_Ninegrid	2
3322	70403.jpg	L5_13579	Cut_Ninegrid	3
3323	70404.jpg	L5_13579	Cut_Ninegrid	4
3324	70405.jpg	L5_13579	Cut_Ninegrid	5
3325	70406.jpg	L5_13579	Cut_Ninegrid	6
3326	70407.jpg	L5_13579	Cut_Ninegrid	7
3327	70408.jpg	L5_13579	Cut_Ninegrid	8
3328	70409.jpg	L5_13579	Cut_Ninegrid	9
3329	70410.jpg	L5_13579	Cut_Ninegrid	10
3330	70411.jpg	L5_13579	Cut_Ninegrid	11
3331	70412.jpg	L5_13579	Cut_Ninegrid	12
3332	70413.jpg	L5_13579	Cut_Ninegrid	13
3333	70414.jpg	L5_13579	Cut_Ninegrid	14
3334	70415.jpg	L5_13579	Cut_Ninegrid	15
3335	70416.jpg	L5_13579	Cut_Ninegrid	16
3336	70417.jpg	L5_13579	Cut_Ninegrid	17
3337	70418.jpg	L5_13579	Cut_Ninegrid	18
3338	70419.jpg	L5_13579	Cut_Ninegrid	19
3339	70420.jpg	L5_13579	Cut_Ninegrid	20
3340	70421.jpg	L6_123456	Cut_Ninegrid	1
3341	70422.jpg	L6_123456	Cut_Ninegrid	2
3342	70423.jpg	L6_123456	Cut_Ninegrid	3
3343	70424.jpg	L6_123456	Cut_Ninegrid	4
3344	70425.jpg	L6_123456	Cut_Ninegrid	5
3345	70426.jpg	L6_123456	Cut_Ninegrid	6
3346	70427.jpg	L6_123456	Cut_Ninegrid	7
3347	70428.jpg	L6_123456	Cut_Ninegrid	8
3348	70429.jpg	L6_123456	Cut_Ninegrid	9
3349	70430.jpg	L6_123456	Cut_Ninegrid	10
3350	70431.jpg	L6_123456	Cut_Ninegrid	11
3351	70432.jpg	L6_123456	Cut_Ninegrid	12
3352	70433.jpg	L6_123456	Cut_Ninegrid	13
3353	70434.jpg	L6_123456	Cut_Ninegrid	14
3354	70435.jpg	L6_123456	Cut_Ninegrid	15
3355	70436.jpg	L6_123456	Cut_Ninegrid	16
3356	70437.jpg	L6_123456	Cut_Ninegrid	17
3357	70438.jpg	L6_123456	Cut_Ninegrid	18
3358	70439.jpg	L6_123456	Cut_Ninegrid	19
3359	70440.jpg	L6_123456	Cut_Ninegrid	20
3360	70441.jpg	L6_123789	Cut_Ninegrid	1
3361	70442.jpg	L6_123789	Cut_Ninegrid	2
3362	70443.jpg	L6_123789	Cut_Ninegrid	3
3363	70444.jpg	L6_123789	Cut_Ninegrid	4
3364	70445.jpg	L6_123789	Cut_Ninegrid	5
3365	70446.jpg	L6_123789	Cut_Ninegrid	6
3366	70447.jpg	L6_123789	Cut_Ninegrid	7
3367	70448.jpg	L6_123789	Cut_Ninegrid	8
3368	70449.jpg	L6_123789	Cut_Ninegrid	9
3369	70450.jpg	L6_123789	Cut_Ninegrid	10
3370	70451.jpg	L6_123789	Cut_Ninegrid	11
3371	70452.jpg	L6_123789	Cut_Ninegrid	12
3372	70453.jpg	L6_123789	Cut_Ninegrid	13
3373	70454.jpg	L6_123789	Cut_Ninegrid	14
3374	70455.jpg	L6_123789	Cut_Ninegrid	15
3375	70456.jpg	L6_123789	Cut_Ninegrid	16
3376	70457.jpg	L6_123789	Cut_Ninegrid	17
3377	70458.jpg	L6_123789	Cut_Ninegrid	18
3378	70459.jpg	L6_123789	Cut_Ninegrid	19
3379	70460.jpg	L6_123789	Cut_Ninegrid	20
3380	70461.jpg	L6_456789	Cut_Ninegrid	1
3381	70462.jpg	L6_456789	Cut_Ninegrid	2
3382	70463.jpg	L6_456789	Cut_Ninegrid	3
3383	70464.jpg	L6_456789	Cut_Ninegrid	4
3384	70465.jpg	L6_456789	Cut_Ninegrid	5
3385	70466.jpg	L6_456789	Cut_Ninegrid	6
3386	70467.jpg	L6_456789	Cut_Ninegrid	7
3387	70468.jpg	L6_456789	Cut_Ninegrid	8
3388	70469.jpg	L6_456789	Cut_Ninegrid	9
3389	70470.jpg	L6_456789	Cut_Ninegrid	10
3390	70471.jpg	L6_456789	Cut_Ninegrid	11
3391	70472.jpg	L6_456789	Cut_Ninegrid	12
3392	70473.jpg	L6_456789	Cut_Ninegrid	13
3393	70474.jpg	L6_456789	Cut_Ninegrid	14
3394	70475.jpg	L6_456789	Cut_Ninegrid	15
3395	70476.jpg	L6_456789	Cut_Ninegrid	16
3396	70477.jpg	L6_456789	Cut_Ninegrid	17
3397	70478.jpg	L6_456789	Cut_Ninegrid	18
3398	70479.jpg	L6_456789	Cut_Ninegrid	19
3399	70480.jpg	L6_456789	Cut_Ninegrid	20
3400	70481.jpg	L6_235689	Cut_Ninegrid	1
3401	70482.jpg	L6_235689	Cut_Ninegrid	2
3402	70483.jpg	L6_235689	Cut_Ninegrid	3
3403	70484.jpg	L6_235689	Cut_Ninegrid	4
3404	70485.jpg	L6_235689	Cut_Ninegrid	5
3405	70486.jpg	L6_235689	Cut_Ninegrid	6
3406	70487.jpg	L6_235689	Cut_Ninegrid	7
3407	70488.jpg	L6_235689	Cut_Ninegrid	8
3408	70489.jpg	L6_235689	Cut_Ninegrid	9
3409	70490.jpg	L6_235689	Cut_Ninegrid	10
3410	70491.jpg	L6_235689	Cut_Ninegrid	11
3411	70492.jpg	L6_235689	Cut_Ninegrid	12
3412	70493.jpg	L6_235689	Cut_Ninegrid	13
3413	70494.jpg	L6_235689	Cut_Ninegrid	14
3414	70495.jpg	L6_235689	Cut_Ninegrid	15
3415	70496.jpg	L6_235689	Cut_Ninegrid	16
3416	70497.jpg	L6_235689	Cut_Ninegrid	17
3417	70498.jpg	L6_235689	Cut_Ninegrid	18
3418	70499.jpg	L6_235689	Cut_Ninegrid	19
3419	70500.jpg	L6_235689	Cut_Ninegrid	20
3420	70501.jpg	L6_134679	Cut_Ninegrid	1
3421	70502.jpg	L6_134679	Cut_Ninegrid	2
3422	70503.jpg	L6_134679	Cut_Ninegrid	3
3423	70504.jpg	L6_134679	Cut_Ninegrid	4
3424	70505.jpg	L6_134679	Cut_Ninegrid	5
3425	70506.jpg	L6_134679	Cut_Ninegrid	6
3426	70507.jpg	L6_134679	Cut_Ninegrid	7
3427	70508.jpg	L6_134679	Cut_Ninegrid	8
3428	70509.jpg	L6_134679	Cut_Ninegrid	9
3429	70510.jpg	L6_134679	Cut_Ninegrid	10
3430	70511.jpg	L6_134679	Cut_Ninegrid	11
3431	70512.jpg	L6_134679	Cut_Ninegrid	12
3432	70513.jpg	L6_134679	Cut_Ninegrid	13
3433	70514.jpg	L6_134679	Cut_Ninegrid	14
3434	70515.jpg	L6_134679	Cut_Ninegrid	15
3435	70516.jpg	L6_134679	Cut_Ninegrid	16
3436	70517.jpg	L6_134679	Cut_Ninegrid	17
3437	70518.jpg	L6_134679	Cut_Ninegrid	18
3438	70519.jpg	L6_134679	Cut_Ninegrid	19
3439	70520.jpg	L6_134679	Cut_Ninegrid	20
3440	70521.jpg	L6_124578	Cut_Ninegrid	1
3441	70522.jpg	L6_124578	Cut_Ninegrid	2
3442	70523.jpg	L6_124578	Cut_Ninegrid	3
3443	70524.jpg	L6_124578	Cut_Ninegrid	4
3444	70525.jpg	L6_124578	Cut_Ninegrid	5
3445	70526.jpg	L6_124578	Cut_Ninegrid	6
3446	70527.jpg	L6_124578	Cut_Ninegrid	7
3447	70528.jpg	L6_124578	Cut_Ninegrid	8
3448	70529.jpg	L6_124578	Cut_Ninegrid	9
3449	70530.jpg	L6_124578	Cut_Ninegrid	10
3450	70531.jpg	L6_124578	Cut_Ninegrid	11
3451	70532.jpg	L6_124578	Cut_Ninegrid	12
3452	70533.jpg	L6_124578	Cut_Ninegrid	13
3453	70534.jpg	L6_124578	Cut_Ninegrid	14
3454	70535.jpg	L6_124578	Cut_Ninegrid	15
3455	70536.jpg	L6_124578	Cut_Ninegrid	16
3456	70537.jpg	L6_124578	Cut_Ninegrid	17
3457	70538.jpg	L6_124578	Cut_Ninegrid	18
3458	70539.jpg	L6_124578	Cut_Ninegrid	19
3459	70540.jpg	L6_124578	Cut_Ninegrid	20
3460	70541.jpg	L6_234678	Cut_Ninegrid	1
3461	70542.jpg	L6_234678	Cut_Ninegrid	2
3462	70543.jpg	L6_234678	Cut_Ninegrid	3
3463	70544.jpg	L6_234678	Cut_Ninegrid	4
3464	70545.jpg	L6_234678	Cut_Ninegrid	5
3465	70546.jpg	L6_234678	Cut_Ninegrid	6
3466	70547.jpg	L6_234678	Cut_Ninegrid	7
3467	70548.jpg	L6_234678	Cut_Ninegrid	8
3468	70549.jpg	L6_234678	Cut_Ninegrid	9
3469	70550.jpg	L6_234678	Cut_Ninegrid	10
3470	70551.jpg	L6_234678	Cut_Ninegrid	11
3471	70552.jpg	L6_234678	Cut_Ninegrid	12
3472	70553.jpg	L6_234678	Cut_Ninegrid	13
3473	70554.jpg	L6_234678	Cut_Ninegrid	14
3474	70555.jpg	L6_234678	Cut_Ninegrid	15
3475	70556.jpg	L6_234678	Cut_Ninegrid	16
3476	70557.jpg	L6_234678	Cut_Ninegrid	17
3477	70558.jpg	L6_234678	Cut_Ninegrid	18
3478	70559.jpg	L6_234678	Cut_Ninegrid	19
3479	70560.jpg	L6_234678	Cut_Ninegrid	20
3480	70561.jpg	L6_124689	Cut_Ninegrid	1
3481	70562.jpg	L6_124689	Cut_Ninegrid	2
3482	70563.jpg	L6_124689	Cut_Ninegrid	3
3483	70564.jpg	L6_124689	Cut_Ninegrid	4
3484	70565.jpg	L6_124689	Cut_Ninegrid	5
3485	70566.jpg	L6_124689	Cut_Ninegrid	6
3486	70567.jpg	L6_124689	Cut_Ninegrid	7
3487	70568.jpg	L6_124689	Cut_Ninegrid	8
3488	70569.jpg	L6_124689	Cut_Ninegrid	9
3489	70570.jpg	L6_124689	Cut_Ninegrid	10
3490	70571.jpg	L6_124689	Cut_Ninegrid	11
3491	70572.jpg	L6_124689	Cut_Ninegrid	12
3492	70573.jpg	L6_124689	Cut_Ninegrid	13
3493	70574.jpg	L6_124689	Cut_Ninegrid	14
3494	70575.jpg	L6_124689	Cut_Ninegrid	15
3495	70576.jpg	L6_124689	Cut_Ninegrid	16
3496	70577.jpg	L6_124689	Cut_Ninegrid	17
3497	70578.jpg	L6_124689	Cut_Ninegrid	18
3498	70579.jpg	L6_124689	Cut_Ninegrid	19
3499	70580.jpg	L6_124689	Cut_Ninegrid	20
3500	70581.jpg	L8_23456789	Cut_Ninegrid	1
3501	70582.jpg	L8_23456789	Cut_Ninegrid	2
3502	70583.jpg	L8_23456789	Cut_Ninegrid	3
3503	70584.jpg	L8_23456789	Cut_Ninegrid	4
3504	70585.jpg	L8_23456789	Cut_Ninegrid	5
3505	70586.jpg	L8_23456789	Cut_Ninegrid	6
3506	70587.jpg	L8_23456789	Cut_Ninegrid	7
3507	70588.jpg	L8_23456789	Cut_Ninegrid	8
3508	70589.jpg	L8_23456789	Cut_Ninegrid	9
3509	70590.jpg	L8_23456789	Cut_Ninegrid	10
3510	70591.jpg	L8_23456789	Cut_Ninegrid	11
3511	70592.jpg	L8_23456789	Cut_Ninegrid	12
3512	70593.jpg	L8_23456789	Cut_Ninegrid	13
3513	70594.jpg	L8_23456789	Cut_Ninegrid	14
3514	70595.jpg	L8_23456789	Cut_Ninegrid	15
3515	70596.jpg	L8_23456789	Cut_Ninegrid	16
3516	70597.jpg	L8_23456789	Cut_Ninegrid	17
3517	70598.jpg	L8_23456789	Cut_Ninegrid	18
3518	70599.jpg	L8_23456789	Cut_Ninegrid	19
3519	70600.jpg	L8_23456789	Cut_Ninegrid	20
3520	70601.jpg	L8_13456789	Cut_Ninegrid	1
3521	70602.jpg	L8_13456789	Cut_Ninegrid	2
3522	70603.jpg	L8_13456789	Cut_Ninegrid	3
3523	70604.jpg	L8_13456789	Cut_Ninegrid	4
3524	70605.jpg	L8_13456789	Cut_Ninegrid	5
3525	70606.jpg	L8_13456789	Cut_Ninegrid	6
3526	70607.jpg	L8_13456789	Cut_Ninegrid	7
3527	70608.jpg	L8_13456789	Cut_Ninegrid	8
3528	70609.jpg	L8_13456789	Cut_Ninegrid	9
3529	70610.jpg	L8_13456789	Cut_Ninegrid	10
3530	70611.jpg	L8_13456789	Cut_Ninegrid	11
3531	70612.jpg	L8_13456789	Cut_Ninegrid	12
3532	70613.jpg	L8_13456789	Cut_Ninegrid	13
3533	70614.jpg	L8_13456789	Cut_Ninegrid	14
3534	70615.jpg	L8_13456789	Cut_Ninegrid	15
3535	70616.jpg	L8_13456789	Cut_Ninegrid	16
3536	70617.jpg	L8_13456789	Cut_Ninegrid	17
3537	70618.jpg	L8_13456789	Cut_Ninegrid	18
3538	70619.jpg	L8_13456789	Cut_Ninegrid	19
3539	70620.jpg	L8_13456789	Cut_Ninegrid	20
3540	70621.jpg	L8_12456789	Cut_Ninegrid	1
3541	70622.jpg	L8_12456789	Cut_Ninegrid	2
3542	70623.jpg	L8_12456789	Cut_Ninegrid	3
3543	70624.jpg	L8_12456789	Cut_Ninegrid	4
3544	70625.jpg	L8_12456789	Cut_Ninegrid	5
3545	70626.jpg	L8_12456789	Cut_Ninegrid	6
3546	70627.jpg	L8_12456789	Cut_Ninegrid	7
3547	70628.jpg	L8_12456789	Cut_Ninegrid	8
3548	70629.jpg	L8_12456789	Cut_Ninegrid	9
3549	70630.jpg	L8_12456789	Cut_Ninegrid	10
3550	70631.jpg	L8_12456789	Cut_Ninegrid	11
3551	70632.jpg	L8_12456789	Cut_Ninegrid	12
3552	70633.jpg	L8_12456789	Cut_Ninegrid	13
3553	70634.jpg	L8_12456789	Cut_Ninegrid	14
3554	70635.jpg	L8_12456789	Cut_Ninegrid	15
3555	70636.jpg	L8_12456789	Cut_Ninegrid	16
3556	70637.jpg	L8_12456789	Cut_Ninegrid	17
3557	70638.jpg	L8_12456789	Cut_Ninegrid	18
3558	70639.jpg	L8_12456789	Cut_Ninegrid	19
3559	70640.jpg	L8_12456789	Cut_Ninegrid	20
3560	70641.jpg	L8_12356789	Cut_Ninegrid	1
3561	70642.jpg	L8_12356789	Cut_Ninegrid	2
3562	70643.jpg	L8_12356789	Cut_Ninegrid	3
3563	70644.jpg	L8_12356789	Cut_Ninegrid	4
3564	70645.jpg	L8_12356789	Cut_Ninegrid	5
3565	70646.jpg	L8_12356789	Cut_Ninegrid	6
3566	70647.jpg	L8_12356789	Cut_Ninegrid	7
3567	70648.jpg	L8_12356789	Cut_Ninegrid	8
3568	70649.jpg	L8_12356789	Cut_Ninegrid	9
3569	70650.jpg	L8_12356789	Cut_Ninegrid	10
3570	70651.jpg	L8_12356789	Cut_Ninegrid	11
3571	70652.jpg	L8_12356789	Cut_Ninegrid	12
3572	70653.jpg	L8_12356789	Cut_Ninegrid	13
3573	70654.jpg	L8_12356789	Cut_Ninegrid	14
3574	70655.jpg	L8_12356789	Cut_Ninegrid	15
3575	70656.jpg	L8_12356789	Cut_Ninegrid	16
3576	70657.jpg	L8_12356789	Cut_Ninegrid	17
3577	70658.jpg	L8_12356789	Cut_Ninegrid	18
3578	70659.jpg	L8_12356789	Cut_Ninegrid	19
3579	70660.jpg	L8_12356789	Cut_Ninegrid	20
3580	70661.jpg	L8_12346789	Cut_Ninegrid	1
3581	70662.jpg	L8_12346789	Cut_Ninegrid	2
3582	70663.jpg	L8_12346789	Cut_Ninegrid	3
3583	70664.jpg	L8_12346789	Cut_Ninegrid	4
3584	70665.jpg	L8_12346789	Cut_Ninegrid	5
3585	70666.jpg	L8_12346789	Cut_Ninegrid	6
3586	70667.jpg	L8_12346789	Cut_Ninegrid	7
3587	70668.jpg	L8_12346789	Cut_Ninegrid	8
3588	70669.jpg	L8_12346789	Cut_Ninegrid	9
3589	70670.jpg	L8_12346789	Cut_Ninegrid	10
3590	70671.jpg	L8_12346789	Cut_Ninegrid	11
3591	70672.jpg	L8_12346789	Cut_Ninegrid	12
3592	70673.jpg	L8_12346789	Cut_Ninegrid	13
3593	70674.jpg	L8_12346789	Cut_Ninegrid	14
3594	70675.jpg	L8_12346789	Cut_Ninegrid	15
3595	70676.jpg	L8_12346789	Cut_Ninegrid	16
3596	70677.jpg	L8_12346789	Cut_Ninegrid	17
3597	70678.jpg	L8_12346789	Cut_Ninegrid	18
3598	70679.jpg	L8_12346789	Cut_Ninegrid	19
3599	70680.jpg	L8_12346789	Cut_Ninegrid	20
3600	70681.jpg	L8_12345789	Cut_Ninegrid	1
3601	70682.jpg	L8_12345789	Cut_Ninegrid	2
3602	70683.jpg	L8_12345789	Cut_Ninegrid	3
3603	70684.jpg	L8_12345789	Cut_Ninegrid	4
3604	70685.jpg	L8_12345789	Cut_Ninegrid	5
3605	70686.jpg	L8_12345789	Cut_Ninegrid	6
3606	70687.jpg	L8_12345789	Cut_Ninegrid	7
3607	70688.jpg	L8_12345789	Cut_Ninegrid	8
3608	70689.jpg	L8_12345789	Cut_Ninegrid	9
3609	70690.jpg	L8_12345789	Cut_Ninegrid	10
3610	70691.jpg	L8_12345789	Cut_Ninegrid	11
3611	70692.jpg	L8_12345789	Cut_Ninegrid	12
3612	70693.jpg	L8_12345789	Cut_Ninegrid	13
3613	70694.jpg	L8_12345789	Cut_Ninegrid	14
3614	70695.jpg	L8_12345789	Cut_Ninegrid	15
3615	70696.jpg	L8_12345789	Cut_Ninegrid	16
3616	70697.jpg	L8_12345789	Cut_Ninegrid	17
3617	70698.jpg	L8_12345789	Cut_Ninegrid	18
3618	70699.jpg	L8_12345789	Cut_Ninegrid	19
3619	70700.jpg	L8_12345789	Cut_Ninegrid	20
3620	70701.jpg	L8_12345689	Cut_Ninegrid	1
3621	70702.jpg	L8_12345689	Cut_Ninegrid	2
3622	70703.jpg	L8_12345689	Cut_Ninegrid	3
3623	70704.jpg	L8_12345689	Cut_Ninegrid	4
3624	70705.jpg	L8_12345689	Cut_Ninegrid	5
3625	70706.jpg	L8_12345689	Cut_Ninegrid	6
3626	70707.jpg	L8_12345689	Cut_Ninegrid	7
3627	70708.jpg	L8_12345689	Cut_Ninegrid	8
3628	70709.jpg	L8_12345689	Cut_Ninegrid	9
3629	70710.jpg	L8_12345689	Cut_Ninegrid	10
3630	70711.jpg	L8_12345689	Cut_Ninegrid	11
3631	70712.jpg	L8_12345689	Cut_Ninegrid	12
3632	70713.jpg	L8_12345689	Cut_Ninegrid	13
3633	70714.jpg	L8_12345689	Cut_Ninegrid	14
3634	70715.jpg	L8_12345689	Cut_Ninegrid	15
3635	70716.jpg	L8_12345689	Cut_Ninegrid	16
3636	70717.jpg	L8_12345689	Cut_Ninegrid	17
3637	70718.jpg	L8_12345689	Cut_Ninegrid	18
3638	70719.jpg	L8_12345689	Cut_Ninegrid	19
3639	70720.jpg	L8_12345689	Cut_Ninegrid	20
3640	70721.jpg	L8_12345679	Cut_Ninegrid	1
3641	70722.jpg	L8_12345679	Cut_Ninegrid	2
3642	70723.jpg	L8_12345679	Cut_Ninegrid	3
3643	70724.jpg	L8_12345679	Cut_Ninegrid	4
3644	70725.jpg	L8_12345679	Cut_Ninegrid	5
3645	70726.jpg	L8_12345679	Cut_Ninegrid	6
3646	70727.jpg	L8_12345679	Cut_Ninegrid	7
3647	70728.jpg	L8_12345679	Cut_Ninegrid	8
3648	70729.jpg	L8_12345679	Cut_Ninegrid	9
3649	70730.jpg	L8_12345679	Cut_Ninegrid	10
3650	70731.jpg	L8_12345679	Cut_Ninegrid	11
3651	70732.jpg	L8_12345679	Cut_Ninegrid	12
3652	70733.jpg	L8_12345679	Cut_Ninegrid	13
3653	70734.jpg	L8_12345679	Cut_Ninegrid	14
3654	70735.jpg	L8_12345679	Cut_Ninegrid	15
3655	70736.jpg	L8_12345679	Cut_Ninegrid	16
3656	70737.jpg	L8_12345679	Cut_Ninegrid	17
3657	70738.jpg	L8_12345679	Cut_Ninegrid	18
3658	70739.jpg	L8_12345679	Cut_Ninegrid	19
3659	70740.jpg	L8_12345679	Cut_Ninegrid	20
3660	70741.jpg	L8_12345678	Cut_Ninegrid	1
3661	70742.jpg	L8_12345678	Cut_Ninegrid	2
3662	70743.jpg	L8_12345678	Cut_Ninegrid	3
3663	70744.jpg	L8_12345678	Cut_Ninegrid	4
3664	70745.jpg	L8_12345678	Cut_Ninegrid	5
3665	70746.jpg	L8_12345678	Cut_Ninegrid	6
3666	70747.jpg	L8_12345678	Cut_Ninegrid	7
3667	70748.jpg	L8_12345678	Cut_Ninegrid	8
3668	70749.jpg	L8_12345678	Cut_Ninegrid	9
3669	70750.jpg	L8_12345678	Cut_Ninegrid	10
3670	70751.jpg	L8_12345678	Cut_Ninegrid	11
3671	70752.jpg	L8_12345678	Cut_Ninegrid	12
3672	70753.jpg	L8_12345678	Cut_Ninegrid	13
3673	70754.jpg	L8_12345678	Cut_Ninegrid	14
3674	70755.jpg	L8_12345678	Cut_Ninegrid	15
3675	70756.jpg	L8_12345678	Cut_Ninegrid	16
3676	70757.jpg	L8_12345678	Cut_Ninegrid	17
3677	70758.jpg	L8_12345678	Cut_Ninegrid	18
3678	70759.jpg	L8_12345678	Cut_Ninegrid	19
3679	70760.jpg	L8_12345678	Cut_Ninegrid	20
