	FileName	Category	Stim_Set	Object
0	00001.jpg	Face	FOB_STI150	-1
1	00002.jpg	Face	FOB_STI150	-1
2	00003.jpg	Face	FOB_STI150	-1
3	00004.jpg	Face	FOB_STI150	-1
4	00005.jpg	Face	FOB_STI150	-1
5	00006.jpg	Face	FOB_STI150	-1
6	00007.jpg	Face	FOB_STI150	-1
7	00008.jpg	Face	FOB_STI150	-1
8	00009.jpg	Face	FOB_STI150	-1
9	00010.jpg	Face	FOB_STI150	-1
10	00011.jpg	Face	FOB_STI150	-1
11	00012.jpg	Face	FOB_STI150	-1
12	00013.jpg	Face	FOB_STI150	-1
13	00014.jpg	Face	FOB_STI150	-1
14	00015.jpg	Face	FOB_STI150	-1
15	00016.jpg	Body	FOB_STI150	-1
16	00017.jpg	Body	FOB_STI150	-1
17	00018.jpg	Body	FOB_STI150	-1
18	00019.jpg	Body	FOB_STI150	-1
19	00020.jpg	Body	FOB_STI150	-1
20	00021.jpg	Body	FOB_STI150	-1
21	00022.jpg	Body	FOB_STI150	-1
22	00023.jpg	Body	FOB_STI150	-1
23	00024.jpg	Body	FOB_STI150	-1
24	00025.jpg	Body	FOB_STI150	-1
25	00026.jpg	Body	FOB_STI150	-1
26	00027.jpg	Body	FOB_STI150	-1
27	00028.jpg	Body	FOB_STI150	-1
28	00029.jpg	Body	FOB_STI150	-1
29	00030.jpg	Body	FOB_STI150	-1
30	00031.jpg	Object	FOB_STI150	-1
31	00032.jpg	Object	FOB_STI150	-1
32	00033.jpg	Object	FOB_STI150	-1
33	00034.jpg	Object	FOB_STI150	-1
34	00035.jpg	Object	FOB_STI150	-1
35	00036.jpg	Object	FOB_STI150	-1
36	00037.jpg	Object	FOB_STI150	-1
37	00038.jpg	Object	FOB_STI150	-1
38	00039.jpg	Object	FOB_STI150	-1
39	00040.jpg	Object	FOB_STI150	-1
40	00041.jpg	Object	FOB_STI150	-1
41	00042.jpg	Object	FOB_STI150	-1
42	00043.jpg	Object	FOB_STI150	-1
43	00044.jpg	Object	FOB_STI150	-1
44	00045.jpg	Object	FOB_STI150	-1
45	00046.jpg	Scene	FOB_STI150	-1
46	00047.jpg	Scene	FOB_STI150	-1
47	00048.jpg	Scene	FOB_STI150	-1
48	00049.jpg	Scene	FOB_STI150	-1
49	00050.jpg	Scene	FOB_STI150	-1
50	00051.jpg	Scene	FOB_STI150	-1
51	00052.jpg	Scene	FOB_STI150	-1
52	00053.jpg	Scene	FOB_STI150	-1
53	00054.jpg	Scene	FOB_STI150	-1
54	00055.jpg	Scene	FOB_STI150	-1
55	00056.jpg	Scene	FOB_STI150	-1
56	00057.jpg	Scene	FOB_STI150	-1
57	00058.jpg	Scene	FOB_STI150	-1
58	00059.jpg	Scene	FOB_STI150	-1
59	00060.jpg	Scene	FOB_STI150	-1
60	00061.jpg	Food	FOB_STI150	-1
61	00062.jpg	Food	FOB_STI150	-1
62	00063.jpg	Food	FOB_STI150	-1
63	00064.jpg	Food	FOB_STI150	-1
64	00065.jpg	Food	FOB_STI150	-1
65	00066.jpg	Food	FOB_STI150	-1
66	00067.jpg	Food	FOB_STI150	-1
67	00068.jpg	Food	FOB_STI150	-1
68	00069.jpg	Food	FOB_STI150	-1
69	00070.jpg	Food	FOB_STI150	-1
70	00071.jpg	Food	FOB_STI150	-1
71	00072.jpg	Food	FOB_STI150	-1
72	00073.jpg	Food	FOB_STI150	-1
73	00074.jpg	Food	FOB_STI150	-1
74	00075.jpg	Food	FOB_STI150	-1
75	00076.jpg	Face_g	FOB_STI150	-1
76	00077.jpg	Face_g	FOB_STI150	-1
77	00078.jpg	Face_g	FOB_STI150	-1
78	00079.jpg	Face_g	FOB_STI150	-1
79	00080.jpg	Face_g	FOB_STI150	-1
80	00081.jpg	Face_g	FOB_STI150	-1
81	00082.jpg	Face_g	FOB_STI150	-1
82	00083.jpg	Face_g	FOB_STI150	-1
83	00084.jpg	Face_g	FOB_STI150	-1
84	00085.jpg	Face_g	FOB_STI150	-1
85	00086.jpg	Face_g	FOB_STI150	-1
86	00087.jpg	Face_g	FOB_STI150	-1
87	00088.jpg	Face_g	FOB_STI150	-1
88	00089.jpg	Face_g	FOB_STI150	-1
89	00090.jpg	Face_g	FOB_STI150	-1
90	00091.jpg	Body_g	FOB_STI150	-1
91	00092.jpg	Body_g	FOB_STI150	-1
92	00093.jpg	Body_g	FOB_STI150	-1
93	00094.jpg	Body_g	FOB_STI150	-1
94	00095.jpg	Body_g	FOB_STI150	-1
95	00096.jpg	Body_g	FOB_STI150	-1
96	00097.jpg	Body_g	FOB_STI150	-1
97	00098.jpg	Body_g	FOB_STI150	-1
98	00099.jpg	Body_g	FOB_STI150	-1
99	00100.jpg	Body_g	FOB_STI150	-1
100	00101.jpg	Body_g	FOB_STI150	-1
101	00102.jpg	Body_g	FOB_STI150	-1
102	00103.jpg	Body_g	FOB_STI150	-1
103	00104.jpg	Body_g	FOB_STI150	-1
104	00105.jpg	Body_g	FOB_STI150	-1
105	00106.jpg	Object_g	FOB_STI150	-1
106	00107.jpg	Object_g	FOB_STI150	-1
107	00108.jpg	Object_g	FOB_STI150	-1
108	00109.jpg	Object_g	FOB_STI150	-1
109	00110.jpg	Object_g	FOB_STI150	-1
110	00111.jpg	Object_g	FOB_STI150	-1
111	00112.jpg	Object_g	FOB_STI150	-1
112	00113.jpg	Object_g	FOB_STI150	-1
113	00114.jpg	Object_g	FOB_STI150	-1
114	00115.jpg	Object_g	FOB_STI150	-1
115	00116.jpg	Object_g	FOB_STI150	-1
116	00117.jpg	Object_g	FOB_STI150	-1
117	00118.jpg	Object_g	FOB_STI150	-1
118	00119.jpg	Object_g	FOB_STI150	-1
119	00120.jpg	Object_g	FOB_STI150	-1
120	00121.jpg	Scene_g	FOB_STI150	-1
121	00122.jpg	Scene_g	FOB_STI150	-1
122	00123.jpg	Scene_g	FOB_STI150	-1
123	00124.jpg	Scene_g	FOB_STI150	-1
124	00125.jpg	Scene_g	FOB_STI150	-1
125	00126.jpg	Scene_g	FOB_STI150	-1
126	00127.jpg	Scene_g	FOB_STI150	-1
127	00128.jpg	Scene_g	FOB_STI150	-1
128	00129.jpg	Scene_g	FOB_STI150	-1
129	00130.jpg	Scene_g	FOB_STI150	-1
130	00131.jpg	Scene_g	FOB_STI150	-1
131	00132.jpg	Scene_g	FOB_STI150	-1
132	00133.jpg	Scene_g	FOB_STI150	-1
133	00134.jpg	Scene_g	FOB_STI150	-1
134	00135.jpg	Scene_g	FOB_STI150	-1
135	00136.jpg	Food_g	FOB_STI150	-1
136	00137.jpg	Food_g	FOB_STI150	-1
137	00138.jpg	Food_g	FOB_STI150	-1
138	00139.jpg	Food_g	FOB_STI150	-1
139	00140.jpg	Food_g	FOB_STI150	-1
140	00141.jpg	Food_g	FOB_STI150	-1
141	00142.jpg	Food_g	FOB_STI150	-1
142	00143.jpg	Food_g	FOB_STI150	-1
143	00144.jpg	Food_g	FOB_STI150	-1
144	00145.jpg	Food_g	FOB_STI150	-1
145	00146.jpg	Food_g	FOB_STI150	-1
146	00147.jpg	Food_g	FOB_STI150	-1
147	00148.jpg	Food_g	FOB_STI150	-1
148	00149.jpg	Food_g	FOB_STI150	-1
149	00150.jpg	Food_g	FOB_STI150	-1
150	00151.jpg	Face	FOB_STI150	-1
151	00152.jpg	Face	FOB_STI150	-1
152	00153.jpg	Face	FOB_STI150	-1
153	00154.jpg	Face	FOB_STI150	-1
154	00155.jpg	Face	FOB_STI150	-1
155	00156.jpg	Face	FOB_STI150	-1
156	00157.jpg	Face	FOB_STI150	-1
157	00158.jpg	Face	FOB_STI150	-1
158	00159.jpg	Face	FOB_STI150	-1
159	00160.jpg	Face	FOB_STI150	-1
160	00161.jpg	Face	FOB_STI150	-1
161	00162.jpg	Face	FOB_STI150	-1
162	00163.jpg	Face	FOB_STI150	-1
163	00164.jpg	Face	FOB_STI150	-1
164	00165.jpg	Face	FOB_STI150	-1
165	00166.jpg	Body	FOB_STI150	-1
166	00167.jpg	Body	FOB_STI150	-1
167	00168.jpg	Body	FOB_STI150	-1
168	00169.jpg	Body	FOB_STI150	-1
169	00170.jpg	Body	FOB_STI150	-1
170	00171.jpg	Body	FOB_STI150	-1
171	00172.jpg	Body	FOB_STI150	-1
172	00173.jpg	Body	FOB_STI150	-1
173	00174.jpg	Body	FOB_STI150	-1
174	00175.jpg	Body	FOB_STI150	-1
175	00176.jpg	Body	FOB_STI150	-1
176	00177.jpg	Body	FOB_STI150	-1
177	00178.jpg	Body	FOB_STI150	-1
178	00179.jpg	Body	FOB_STI150	-1
179	00180.jpg	Body	FOB_STI150	-1
180	00181.jpg	Object	FOB_STI150	-1
181	00182.jpg	Object	FOB_STI150	-1
182	00183.jpg	Object	FOB_STI150	-1
183	00184.jpg	Object	FOB_STI150	-1
184	00185.jpg	Object	FOB_STI150	-1
185	00186.jpg	Object	FOB_STI150	-1
186	00187.jpg	Object	FOB_STI150	-1
187	00188.jpg	Object	FOB_STI150	-1
188	00189.jpg	Object	FOB_STI150	-1
189	00190.jpg	Object	FOB_STI150	-1
190	00191.jpg	Object	FOB_STI150	-1
191	00192.jpg	Object	FOB_STI150	-1
192	00193.jpg	Object	FOB_STI150	-1
193	00194.jpg	Object	FOB_STI150	-1
194	00195.jpg	Object	FOB_STI150	-1
195	00196.jpg	Scene	FOB_STI150	-1
196	00197.jpg	Scene	FOB_STI150	-1
197	00198.jpg	Scene	FOB_STI150	-1
198	00199.jpg	Scene	FOB_STI150	-1
199	00200.jpg	Scene	FOB_STI150	-1
200	00201.jpg	Scene	FOB_STI150	-1
201	00202.jpg	Scene	FOB_STI150	-1
202	00203.jpg	Scene	FOB_STI150	-1
203	00204.jpg	Scene	FOB_STI150	-1
204	00205.jpg	Scene	FOB_STI150	-1
205	00206.jpg	Scene	FOB_STI150	-1
206	00207.jpg	Scene	FOB_STI150	-1
207	00208.jpg	Scene	FOB_STI150	-1
208	00209.jpg	Scene	FOB_STI150	-1
209	00210.jpg	Scene	FOB_STI150	-1
210	00211.jpg	Food	FOB_STI150	-1
211	00212.jpg	Food	FOB_STI150	-1
212	00213.jpg	Food	FOB_STI150	-1
213	00214.jpg	Food	FOB_STI150	-1
214	00215.jpg	Food	FOB_STI150	-1
215	00216.jpg	Food	FOB_STI150	-1
216	00217.jpg	Food	FOB_STI150	-1
217	00218.jpg	Food	FOB_STI150	-1
218	00219.jpg	Food	FOB_STI150	-1
219	00220.jpg	Food	FOB_STI150	-1
220	00221.jpg	Food	FOB_STI150	-1
221	00222.jpg	Food	FOB_STI150	-1
222	00223.jpg	Food	FOB_STI150	-1
223	00224.jpg	Food	FOB_STI150	-1
224	00225.jpg	Food	FOB_STI150	-1
225	00226.jpg	Face_g	FOB_STI150	-1
226	00227.jpg	Face_g	FOB_STI150	-1
227	00228.jpg	Face_g	FOB_STI150	-1
228	00229.jpg	Face_g	FOB_STI150	-1
229	00230.jpg	Face_g	FOB_STI150	-1
230	00231.jpg	Face_g	FOB_STI150	-1
231	00232.jpg	Face_g	FOB_STI150	-1
232	00233.jpg	Face_g	FOB_STI150	-1
233	00234.jpg	Face_g	FOB_STI150	-1
234	00235.jpg	Face_g	FOB_STI150	-1
235	00236.jpg	Face_g	FOB_STI150	-1
236	00237.jpg	Face_g	FOB_STI150	-1
237	00238.jpg	Face_g	FOB_STI150	-1
238	00239.jpg	Face_g	FOB_STI150	-1
239	00240.jpg	Face_g	FOB_STI150	-1
240	00241.jpg	Body_g	FOB_STI150	-1
241	00242.jpg	Body_g	FOB_STI150	-1
242	00243.jpg	Body_g	FOB_STI150	-1
243	00244.jpg	Body_g	FOB_STI150	-1
244	00245.jpg	Body_g	FOB_STI150	-1
245	00246.jpg	Body_g	FOB_STI150	-1
246	00247.jpg	Body_g	FOB_STI150	-1
247	00248.jpg	Body_g	FOB_STI150	-1
248	00249.jpg	Body_g	FOB_STI150	-1
249	00250.jpg	Body_g	FOB_STI150	-1
250	00251.jpg	Body_g	FOB_STI150	-1
251	00252.jpg	Body_g	FOB_STI150	-1
252	00253.jpg	Body_g	FOB_STI150	-1
253	00254.jpg	Body_g	FOB_STI150	-1
254	00255.jpg	Body_g	FOB_STI150	-1
255	00256.jpg	Object_g	FOB_STI150	-1
256	00257.jpg	Object_g	FOB_STI150	-1
257	00258.jpg	Object_g	FOB_STI150	-1
258	00259.jpg	Object_g	FOB_STI150	-1
259	00260.jpg	Object_g	FOB_STI150	-1
260	00261.jpg	Object_g	FOB_STI150	-1
261	00262.jpg	Object_g	FOB_STI150	-1
262	00263.jpg	Object_g	FOB_STI150	-1
263	00264.jpg	Object_g	FOB_STI150	-1
264	00265.jpg	Object_g	FOB_STI150	-1
265	00266.jpg	Object_g	FOB_STI150	-1
266	00267.jpg	Object_g	FOB_STI150	-1
267	00268.jpg	Object_g	FOB_STI150	-1
268	00269.jpg	Object_g	FOB_STI150	-1
269	00270.jpg	Object_g	FOB_STI150	-1
270	00271.jpg	Scene_g	FOB_STI150	-1
271	00272.jpg	Scene_g	FOB_STI150	-1
272	00273.jpg	Scene_g	FOB_STI150	-1
273	00274.jpg	Scene_g	FOB_STI150	-1
274	00275.jpg	Scene_g	FOB_STI150	-1
275	00276.jpg	Scene_g	FOB_STI150	-1
276	00277.jpg	Scene_g	FOB_STI150	-1
277	00278.jpg	Scene_g	FOB_STI150	-1
278	00279.jpg	Scene_g	FOB_STI150	-1
279	00280.jpg	Scene_g	FOB_STI150	-1
280	00281.jpg	Scene_g	FOB_STI150	-1
281	00282.jpg	Scene_g	FOB_STI150	-1
282	00283.jpg	Scene_g	FOB_STI150	-1
283	00284.jpg	Scene_g	FOB_STI150	-1
284	00285.jpg	Scene_g	FOB_STI150	-1
285	00286.jpg	Food_g	FOB_STI150	-1
286	00287.jpg	Food_g	FOB_STI150	-1
287	00288.jpg	Food_g	FOB_STI150	-1
288	00289.jpg	Food_g	FOB_STI150	-1
289	00290.jpg	Food_g	FOB_STI150	-1
290	00291.jpg	Food_g	FOB_STI150	-1
291	00292.jpg	Food_g	FOB_STI150	-1
292	00293.jpg	Food_g	FOB_STI150	-1
293	00294.jpg	Food_g	FOB_STI150	-1
294	00295.jpg	Food_g	FOB_STI150	-1
295	00296.jpg	Food_g	FOB_STI150	-1
296	00297.jpg	Food_g	FOB_STI150	-1
297	00298.jpg	Food_g	FOB_STI150	-1
298	00299.jpg	Food_g	FOB_STI150	-1
299	00300.jpg	Food_g	FOB_STI150	-1
300	10001.jpg	Raw_Raw_Ani	Metamer	1
301	10002.jpg	Raw_Raw_Ani	Metamer	2
302	10003.jpg	Raw_Raw_Ani	Metamer	3
303	10004.jpg	Raw_Raw_Ani	Metamer	4
304	10005.jpg	Raw_Raw_Ani	Metamer	5
305	10006.jpg	Raw_Raw_Ani	Metamer	6
306	10007.jpg	Raw_Raw_Ani	Metamer	7
307	10008.jpg	Raw_Raw_Ani	Metamer	8
308	10009.jpg	Raw_Raw_Ani	Metamer	9
309	10010.jpg	Raw_Raw_Ani	Metamer	10
310	10011.jpg	Raw_Raw_Ani	Metamer	11
311	10012.jpg	Raw_Raw_Ani	Metamer	12
312	10013.jpg	Raw_Raw_Ani	Metamer	13
313	10014.jpg	Raw_Raw_Ani	Metamer	14
314	10015.jpg	Raw_Raw_Ani	Metamer	15
315	10016.jpg	Raw_Raw_Ani	Metamer	16
316	10017.jpg	Raw_Raw_Ani	Metamer	17
317	10018.jpg	Raw_Raw_Ani	Metamer	18
318	10019.jpg	Raw_Raw_Ani	Metamer	19
319	10020.jpg	Raw_Raw_Ani	Metamer	20
320	10021.jpg	Raw_Raw_Inani	Metamer	21
321	10022.jpg	Raw_Raw_Inani	Metamer	22
322	10023.jpg	Raw_Raw_Inani	Metamer	23
323	10024.jpg	Raw_Raw_Inani	Metamer	24
324	10025.jpg	Raw_Raw_Inani	Metamer	25
325	10026.jpg	Raw_Raw_Inani	Metamer	26
326	10027.jpg	Raw_Raw_Inani	Metamer	27
327	10028.jpg	Raw_Raw_Inani	Metamer	28
328	10029.jpg	Raw_Raw_Inani	Metamer	29
329	10030.jpg	Raw_Raw_Inani	Metamer	30
330	10031.jpg	Raw_Raw_Inani	Metamer	31
331	10032.jpg	Raw_Raw_Inani	Metamer	32
332	10033.jpg	Raw_Raw_Inani	Metamer	33
333	10034.jpg	Raw_Raw_Inani	Metamer	34
334	10035.jpg	Raw_Raw_Inani	Metamer	35
335	10036.jpg	Raw_Raw_Inani	Metamer	36
336	10037.jpg	Raw_Raw_Inani	Metamer	37
337	10038.jpg	Raw_Raw_Inani	Metamer	38
338	10039.jpg	Raw_Raw_Inani	Metamer	39
339	10040.jpg	Raw_Raw_Inani	Metamer	40
340	10041.jpg	P4_C4_Ani	Metamer	1
341	10042.jpg	P4_C4_Ani	Metamer	2
342	10043.jpg	P4_C4_Ani	Metamer	3
343	10044.jpg	P4_C4_Ani	Metamer	4
344	10045.jpg	P4_C4_Ani	Metamer	5
345	10046.jpg	P4_C4_Ani	Metamer	6
346	10047.jpg	P4_C4_Ani	Metamer	7
347	10048.jpg	P4_C4_Ani	Metamer	8
348	10049.jpg	P4_C4_Ani	Metamer	9
349	10050.jpg	P4_C4_Ani	Metamer	10
350	10051.jpg	P4_C4_Ani	Metamer	11
351	10052.jpg	P4_C4_Ani	Metamer	12
352	10053.jpg	P4_C4_Ani	Metamer	13
353	10054.jpg	P4_C4_Ani	Metamer	14
354	10055.jpg	P4_C4_Ani	Metamer	15
355	10056.jpg	P4_C4_Ani	Metamer	16
356	10057.jpg	P4_C4_Ani	Metamer	17
357	10058.jpg	P4_C4_Ani	Metamer	18
358	10059.jpg	P4_C4_Ani	Metamer	19
359	10060.jpg	P4_C4_Ani	Metamer	20
360	10061.jpg	P4_C4_Inani	Metamer	21
361	10062.jpg	P4_C4_Inani	Metamer	22
362	10063.jpg	P4_C4_Inani	Metamer	23
363	10064.jpg	P4_C4_Inani	Metamer	24
364	10065.jpg	P4_C4_Inani	Metamer	25
365	10066.jpg	P4_C4_Inani	Metamer	26
366	10067.jpg	P4_C4_Inani	Metamer	27
367	10068.jpg	P4_C4_Inani	Metamer	28
368	10069.jpg	P4_C4_Inani	Metamer	29
369	10070.jpg	P4_C4_Inani	Metamer	30
370	10071.jpg	P4_C4_Inani	Metamer	31
371	10072.jpg	P4_C4_Inani	Metamer	32
372	10073.jpg	P4_C4_Inani	Metamer	33
373	10074.jpg	P4_C4_Inani	Metamer	34
374	10075.jpg	P4_C4_Inani	Metamer	35
375	10076.jpg	P4_C4_Inani	Metamer	36
376	10077.jpg	P4_C4_Inani	Metamer	37
377	10078.jpg	P4_C4_Inani	Metamer	38
378	10079.jpg	P4_C4_Inani	Metamer	39
379	10080.jpg	P4_C4_Inani	Metamer	40
380	10081.jpg	P4_C3_Ani	Metamer	1
381	10082.jpg	P4_C3_Ani	Metamer	2
382	10083.jpg	P4_C3_Ani	Metamer	3
383	10084.jpg	P4_C3_Ani	Metamer	4
384	10085.jpg	P4_C3_Ani	Metamer	5
385	10086.jpg	P4_C3_Ani	Metamer	6
386	10087.jpg	P4_C3_Ani	Metamer	7
387	10088.jpg	P4_C3_Ani	Metamer	8
388	10089.jpg	P4_C3_Ani	Metamer	9
389	10090.jpg	P4_C3_Ani	Metamer	10
390	10091.jpg	P4_C3_Ani	Metamer	11
391	10092.jpg	P4_C3_Ani	Metamer	12
392	10093.jpg	P4_C3_Ani	Metamer	13
393	10094.jpg	P4_C3_Ani	Metamer	14
394	10095.jpg	P4_C3_Ani	Metamer	15
395	10096.jpg	P4_C3_Ani	Metamer	16
396	10097.jpg	P4_C3_Ani	Metamer	17
397	10098.jpg	P4_C3_Ani	Metamer	18
398	10099.jpg	P4_C3_Ani	Metamer	19
399	10100.jpg	P4_C3_Ani	Metamer	20
400	10101.jpg	P4_C3_Inani	Metamer	21
401	10102.jpg	P4_C3_Inani	Metamer	22
402	10103.jpg	P4_C3_Inani	Metamer	23
403	10104.jpg	P4_C3_Inani	Metamer	24
404	10105.jpg	P4_C3_Inani	Metamer	25
405	10106.jpg	P4_C3_Inani	Metamer	26
406	10107.jpg	P4_C3_Inani	Metamer	27
407	10108.jpg	P4_C3_Inani	Metamer	28
408	10109.jpg	P4_C3_Inani	Metamer	29
409	10110.jpg	P4_C3_Inani	Metamer	30
410	10111.jpg	P4_C3_Inani	Metamer	31
411	10112.jpg	P4_C3_Inani	Metamer	32
412	10113.jpg	P4_C3_Inani	Metamer	33
413	10114.jpg	P4_C3_Inani	Metamer	34
414	10115.jpg	P4_C3_Inani	Metamer	35
415	10116.jpg	P4_C3_Inani	Metamer	36
416	10117.jpg	P4_C3_Inani	Metamer	37
417	10118.jpg	P4_C3_Inani	Metamer	38
418	10119.jpg	P4_C3_Inani	Metamer	39
419	10120.jpg	P4_C3_Inani	Metamer	40
420	10121.jpg	P4_C2_Ani	Metamer	1
421	10122.jpg	P4_C2_Ani	Metamer	2
422	10123.jpg	P4_C2_Ani	Metamer	3
423	10124.jpg	P4_C2_Ani	Metamer	4
424	10125.jpg	P4_C2_Ani	Metamer	5
425	10126.jpg	P4_C2_Ani	Metamer	6
426	10127.jpg	P4_C2_Ani	Metamer	7
427	10128.jpg	P4_C2_Ani	Metamer	8
428	10129.jpg	P4_C2_Ani	Metamer	9
429	10130.jpg	P4_C2_Ani	Metamer	10
430	10131.jpg	P4_C2_Ani	Metamer	11
431	10132.jpg	P4_C2_Ani	Metamer	12
432	10133.jpg	P4_C2_Ani	Metamer	13
433	10134.jpg	P4_C2_Ani	Metamer	14
434	10135.jpg	P4_C2_Ani	Metamer	15
435	10136.jpg	P4_C2_Ani	Metamer	16
436	10137.jpg	P4_C2_Ani	Metamer	17
437	10138.jpg	P4_C2_Ani	Metamer	18
438	10139.jpg	P4_C2_Ani	Metamer	19
439	10140.jpg	P4_C2_Ani	Metamer	20
440	10141.jpg	P4_C2_Inani	Metamer	21
441	10142.jpg	P4_C2_Inani	Metamer	22
442	10143.jpg	P4_C2_Inani	Metamer	23
443	10144.jpg	P4_C2_Inani	Metamer	24
444	10145.jpg	P4_C2_Inani	Metamer	25
445	10146.jpg	P4_C2_Inani	Metamer	26
446	10147.jpg	P4_C2_Inani	Metamer	27
447	10148.jpg	P4_C2_Inani	Metamer	28
448	10149.jpg	P4_C2_Inani	Metamer	29
449	10150.jpg	P4_C2_Inani	Metamer	30
450	10151.jpg	P4_C2_Inani	Metamer	31
451	10152.jpg	P4_C2_Inani	Metamer	32
452	10153.jpg	P4_C2_Inani	Metamer	33
453	10154.jpg	P4_C2_Inani	Metamer	34
454	10155.jpg	P4_C2_Inani	Metamer	35
455	10156.jpg	P4_C2_Inani	Metamer	36
456	10157.jpg	P4_C2_Inani	Metamer	37
457	10158.jpg	P4_C2_Inani	Metamer	38
458	10159.jpg	P4_C2_Inani	Metamer	39
459	10160.jpg	P4_C2_Inani	Metamer	40
460	10161.jpg	P4_C1_Ani	Metamer	1
461	10162.jpg	P4_C1_Ani	Metamer	2
462	10163.jpg	P4_C1_Ani	Metamer	3
463	10164.jpg	P4_C1_Ani	Metamer	4
464	10165.jpg	P4_C1_Ani	Metamer	5
465	10166.jpg	P4_C1_Ani	Metamer	6
466	10167.jpg	P4_C1_Ani	Metamer	7
467	10168.jpg	P4_C1_Ani	Metamer	8
468	10169.jpg	P4_C1_Ani	Metamer	9
469	10170.jpg	P4_C1_Ani	Metamer	10
470	10171.jpg	P4_C1_Ani	Metamer	11
471	10172.jpg	P4_C1_Ani	Metamer	12
472	10173.jpg	P4_C1_Ani	Metamer	13
473	10174.jpg	P4_C1_Ani	Metamer	14
474	10175.jpg	P4_C1_Ani	Metamer	15
475	10176.jpg	P4_C1_Ani	Metamer	16
476	10177.jpg	P4_C1_Ani	Metamer	17
477	10178.jpg	P4_C1_Ani	Metamer	18
478	10179.jpg	P4_C1_Ani	Metamer	19
479	10180.jpg	P4_C1_Ani	Metamer	20
480	10181.jpg	P4_C1_Inani	Metamer	21
481	10182.jpg	P4_C1_Inani	Metamer	22
482	10183.jpg	P4_C1_Inani	Metamer	23
483	10184.jpg	P4_C1_Inani	Metamer	24
484	10185.jpg	P4_C1_Inani	Metamer	25
485	10186.jpg	P4_C1_Inani	Metamer	26
486	10187.jpg	P4_C1_Inani	Metamer	27
487	10188.jpg	P4_C1_Inani	Metamer	28
488	10189.jpg	P4_C1_Inani	Metamer	29
489	10190.jpg	P4_C1_Inani	Metamer	30
490	10191.jpg	P4_C1_Inani	Metamer	31
491	10192.jpg	P4_C1_Inani	Metamer	32
492	10193.jpg	P4_C1_Inani	Metamer	33
493	10194.jpg	P4_C1_Inani	Metamer	34
494	10195.jpg	P4_C1_Inani	Metamer	35
495	10196.jpg	P4_C1_Inani	Metamer	36
496	10197.jpg	P4_C1_Inani	Metamer	37
497	10198.jpg	P4_C1_Inani	Metamer	38
498	10199.jpg	P4_C1_Inani	Metamer	39
499	10200.jpg	P4_C1_Inani	Metamer	40
500	10201.jpg	Raw_Raw_Ani	Metamer	1
501	10202.jpg	Raw_Raw_Ani	Metamer	2
502	10203.jpg	Raw_Raw_Ani	Metamer	3
503	10204.jpg	Raw_Raw_Ani	Metamer	4
504	10205.jpg	Raw_Raw_Ani	Metamer	5
505	10206.jpg	Raw_Raw_Ani	Metamer	6
506	10207.jpg	Raw_Raw_Ani	Metamer	7
507	10208.jpg	Raw_Raw_Ani	Metamer	8
508	10209.jpg	Raw_Raw_Ani	Metamer	9
509	10210.jpg	Raw_Raw_Ani	Metamer	10
510	10211.jpg	Raw_Raw_Ani	Metamer	11
511	10212.jpg	Raw_Raw_Ani	Metamer	12
512	10213.jpg	Raw_Raw_Ani	Metamer	13
513	10214.jpg	Raw_Raw_Ani	Metamer	14
514	10215.jpg	Raw_Raw_Ani	Metamer	15
515	10216.jpg	Raw_Raw_Ani	Metamer	16
516	10217.jpg	Raw_Raw_Ani	Metamer	17
517	10218.jpg	Raw_Raw_Ani	Metamer	18
518	10219.jpg	Raw_Raw_Ani	Metamer	19
519	10220.jpg	Raw_Raw_Ani	Metamer	20
520	10221.jpg	Raw_Raw_Inani	Metamer	21
521	10222.jpg	Raw_Raw_Inani	Metamer	22
522	10223.jpg	Raw_Raw_Inani	Metamer	23
523	10224.jpg	Raw_Raw_Inani	Metamer	24
524	10225.jpg	Raw_Raw_Inani	Metamer	25
525	10226.jpg	Raw_Raw_Inani	Metamer	26
526	10227.jpg	Raw_Raw_Inani	Metamer	27
527	10228.jpg	Raw_Raw_Inani	Metamer	28
528	10229.jpg	Raw_Raw_Inani	Metamer	29
529	10230.jpg	Raw_Raw_Inani	Metamer	30
530	10231.jpg	Raw_Raw_Inani	Metamer	31
531	10232.jpg	Raw_Raw_Inani	Metamer	32
532	10233.jpg	Raw_Raw_Inani	Metamer	33
533	10234.jpg	Raw_Raw_Inani	Metamer	34
534	10235.jpg	Raw_Raw_Inani	Metamer	35
535	10236.jpg	Raw_Raw_Inani	Metamer	36
536	10237.jpg	Raw_Raw_Inani	Metamer	37
537	10238.jpg	Raw_Raw_Inani	Metamer	38
538	10239.jpg	Raw_Raw_Inani	Metamer	39
539	10240.jpg	Raw_Raw_Inani	Metamer	40
540	10241.jpg	P4_C4_Ani	Metamer	1
541	10242.jpg	P4_C4_Ani	Metamer	2
542	10243.jpg	P4_C4_Ani	Metamer	3
543	10244.jpg	P4_C4_Ani	Metamer	4
544	10245.jpg	P4_C4_Ani	Metamer	5
545	10246.jpg	P4_C4_Ani	Metamer	6
546	10247.jpg	P4_C4_Ani	Metamer	7
547	10248.jpg	P4_C4_Ani	Metamer	8
548	10249.jpg	P4_C4_Ani	Metamer	9
549	10250.jpg	P4_C4_Ani	Metamer	10
550	10251.jpg	P4_C4_Ani	Metamer	11
551	10252.jpg	P4_C4_Ani	Metamer	12
552	10253.jpg	P4_C4_Ani	Metamer	13
553	10254.jpg	P4_C4_Ani	Metamer	14
554	10255.jpg	P4_C4_Ani	Metamer	15
555	10256.jpg	P4_C4_Ani	Metamer	16
556	10257.jpg	P4_C4_Ani	Metamer	17
557	10258.jpg	P4_C4_Ani	Metamer	18
558	10259.jpg	P4_C4_Ani	Metamer	19
559	10260.jpg	P4_C4_Ani	Metamer	20
560	10261.jpg	P4_C4_Inani	Metamer	21
561	10262.jpg	P4_C4_Inani	Metamer	22
562	10263.jpg	P4_C4_Inani	Metamer	23
563	10264.jpg	P4_C4_Inani	Metamer	24
564	10265.jpg	P4_C4_Inani	Metamer	25
565	10266.jpg	P4_C4_Inani	Metamer	26
566	10267.jpg	P4_C4_Inani	Metamer	27
567	10268.jpg	P4_C4_Inani	Metamer	28
568	10269.jpg	P4_C4_Inani	Metamer	29
569	10270.jpg	P4_C4_Inani	Metamer	30
570	10271.jpg	P4_C4_Inani	Metamer	31
571	10272.jpg	P4_C4_Inani	Metamer	32
572	10273.jpg	P4_C4_Inani	Metamer	33
573	10274.jpg	P4_C4_Inani	Metamer	34
574	10275.jpg	P4_C4_Inani	Metamer	35
575	10276.jpg	P4_C4_Inani	Metamer	36
576	10277.jpg	P4_C4_Inani	Metamer	37
577	10278.jpg	P4_C4_Inani	Metamer	38
578	10279.jpg	P4_C4_Inani	Metamer	39
579	10280.jpg	P4_C4_Inani	Metamer	40
580	10281.jpg	P4_C3_Ani	Metamer	1
581	10282.jpg	P4_C3_Ani	Metamer	2
582	10283.jpg	P4_C3_Ani	Metamer	3
583	10284.jpg	P4_C3_Ani	Metamer	4
584	10285.jpg	P4_C3_Ani	Metamer	5
585	10286.jpg	P4_C3_Ani	Metamer	6
586	10287.jpg	P4_C3_Ani	Metamer	7
587	10288.jpg	P4_C3_Ani	Metamer	8
588	10289.jpg	P4_C3_Ani	Metamer	9
589	10290.jpg	P4_C3_Ani	Metamer	10
590	10291.jpg	P4_C3_Ani	Metamer	11
591	10292.jpg	P4_C3_Ani	Metamer	12
592	10293.jpg	P4_C3_Ani	Metamer	13
593	10294.jpg	P4_C3_Ani	Metamer	14
594	10295.jpg	P4_C3_Ani	Metamer	15
595	10296.jpg	P4_C3_Ani	Metamer	16
596	10297.jpg	P4_C3_Ani	Metamer	17
597	10298.jpg	P4_C3_Ani	Metamer	18
598	10299.jpg	P4_C3_Ani	Metamer	19
599	10300.jpg	P4_C3_Ani	Metamer	20
600	10301.jpg	P4_C3_Inani	Metamer	21
601	10302.jpg	P4_C3_Inani	Metamer	22
602	10303.jpg	P4_C3_Inani	Metamer	23
603	10304.jpg	P4_C3_Inani	Metamer	24
604	10305.jpg	P4_C3_Inani	Metamer	25
605	10306.jpg	P4_C3_Inani	Metamer	26
606	10307.jpg	P4_C3_Inani	Metamer	27
607	10308.jpg	P4_C3_Inani	Metamer	28
608	10309.jpg	P4_C3_Inani	Metamer	29
609	10310.jpg	P4_C3_Inani	Metamer	30
610	10311.jpg	P4_C3_Inani	Metamer	31
611	10312.jpg	P4_C3_Inani	Metamer	32
612	10313.jpg	P4_C3_Inani	Metamer	33
613	10314.jpg	P4_C3_Inani	Metamer	34
614	10315.jpg	P4_C3_Inani	Metamer	35
615	10316.jpg	P4_C3_Inani	Metamer	36
616	10317.jpg	P4_C3_Inani	Metamer	37
617	10318.jpg	P4_C3_Inani	Metamer	38
618	10319.jpg	P4_C3_Inani	Metamer	39
619	10320.jpg	P4_C3_Inani	Metamer	40
620	10321.jpg	P4_C2_Ani	Metamer	1
621	10322.jpg	P4_C2_Ani	Metamer	2
622	10323.jpg	P4_C2_Ani	Metamer	3
623	10324.jpg	P4_C2_Ani	Metamer	4
624	10325.jpg	P4_C2_Ani	Metamer	5
625	10326.jpg	P4_C2_Ani	Metamer	6
626	10327.jpg	P4_C2_Ani	Metamer	7
627	10328.jpg	P4_C2_Ani	Metamer	8
628	10329.jpg	P4_C2_Ani	Metamer	9
629	10330.jpg	P4_C2_Ani	Metamer	10
630	10331.jpg	P4_C2_Ani	Metamer	11
631	10332.jpg	P4_C2_Ani	Metamer	12
632	10333.jpg	P4_C2_Ani	Metamer	13
633	10334.jpg	P4_C2_Ani	Metamer	14
634	10335.jpg	P4_C2_Ani	Metamer	15
635	10336.jpg	P4_C2_Ani	Metamer	16
636	10337.jpg	P4_C2_Ani	Metamer	17
637	10338.jpg	P4_C2_Ani	Metamer	18
638	10339.jpg	P4_C2_Ani	Metamer	19
639	10340.jpg	P4_C2_Ani	Metamer	20
640	10341.jpg	P4_C2_Inani	Metamer	21
641	10342.jpg	P4_C2_Inani	Metamer	22
642	10343.jpg	P4_C2_Inani	Metamer	23
643	10344.jpg	P4_C2_Inani	Metamer	24
644	10345.jpg	P4_C2_Inani	Metamer	25
645	10346.jpg	P4_C2_Inani	Metamer	26
646	10347.jpg	P4_C2_Inani	Metamer	27
647	10348.jpg	P4_C2_Inani	Metamer	28
648	10349.jpg	P4_C2_Inani	Metamer	29
649	10350.jpg	P4_C2_Inani	Metamer	30
650	10351.jpg	P4_C2_Inani	Metamer	31
651	10352.jpg	P4_C2_Inani	Metamer	32
652	10353.jpg	P4_C2_Inani	Metamer	33
653	10354.jpg	P4_C2_Inani	Metamer	34
654	10355.jpg	P4_C2_Inani	Metamer	35
655	10356.jpg	P4_C2_Inani	Metamer	36
656	10357.jpg	P4_C2_Inani	Metamer	37
657	10358.jpg	P4_C2_Inani	Metamer	38
658	10359.jpg	P4_C2_Inani	Metamer	39
659	10360.jpg	P4_C2_Inani	Metamer	40
660	10361.jpg	P4_C1_Ani	Metamer	1
661	10362.jpg	P4_C1_Ani	Metamer	2
662	10363.jpg	P4_C1_Ani	Metamer	3
663	10364.jpg	P4_C1_Ani	Metamer	4
664	10365.jpg	P4_C1_Ani	Metamer	5
665	10366.jpg	P4_C1_Ani	Metamer	6
666	10367.jpg	P4_C1_Ani	Metamer	7
667	10368.jpg	P4_C1_Ani	Metamer	8
668	10369.jpg	P4_C1_Ani	Metamer	9
669	10370.jpg	P4_C1_Ani	Metamer	10
670	10371.jpg	P4_C1_Ani	Metamer	11
671	10372.jpg	P4_C1_Ani	Metamer	12
672	10373.jpg	P4_C1_Ani	Metamer	13
673	10374.jpg	P4_C1_Ani	Metamer	14
674	10375.jpg	P4_C1_Ani	Metamer	15
675	10376.jpg	P4_C1_Ani	Metamer	16
676	10377.jpg	P4_C1_Ani	Metamer	17
677	10378.jpg	P4_C1_Ani	Metamer	18
678	10379.jpg	P4_C1_Ani	Metamer	19
679	10380.jpg	P4_C1_Ani	Metamer	20
680	10381.jpg	P4_C1_Inani	Metamer	21
681	10382.jpg	P4_C1_Inani	Metamer	22
682	10383.jpg	P4_C1_Inani	Metamer	23
683	10384.jpg	P4_C1_Inani	Metamer	24
684	10385.jpg	P4_C1_Inani	Metamer	25
685	10386.jpg	P4_C1_Inani	Metamer	26
686	10387.jpg	P4_C1_Inani	Metamer	27
687	10388.jpg	P4_C1_Inani	Metamer	28
688	10389.jpg	P4_C1_Inani	Metamer	29
689	10390.jpg	P4_C1_Inani	Metamer	30
690	10391.jpg	P4_C1_Inani	Metamer	31
691	10392.jpg	P4_C1_Inani	Metamer	32
692	10393.jpg	P4_C1_Inani	Metamer	33
693	10394.jpg	P4_C1_Inani	Metamer	34
694	10395.jpg	P4_C1_Inani	Metamer	35
695	10396.jpg	P4_C1_Inani	Metamer	36
696	10397.jpg	P4_C1_Inani	Metamer	37
697	10398.jpg	P4_C1_Inani	Metamer	38
698	10399.jpg	P4_C1_Inani	Metamer	39
699	10400.jpg	P4_C1_Inani	Metamer	40
700	10401.jpg	Raw_Raw_Ani	Metamer	1
701	10402.jpg	Raw_Raw_Ani	Metamer	2
702	10403.jpg	Raw_Raw_Ani	Metamer	3
703	10404.jpg	Raw_Raw_Ani	Metamer	4
704	10405.jpg	Raw_Raw_Ani	Metamer	5
705	10406.jpg	Raw_Raw_Ani	Metamer	6
706	10407.jpg	Raw_Raw_Ani	Metamer	7
707	10408.jpg	Raw_Raw_Ani	Metamer	8
708	10409.jpg	Raw_Raw_Ani	Metamer	9
709	10410.jpg	Raw_Raw_Ani	Metamer	10
710	10411.jpg	Raw_Raw_Ani	Metamer	11
711	10412.jpg	Raw_Raw_Ani	Metamer	12
712	10413.jpg	Raw_Raw_Ani	Metamer	13
713	10414.jpg	Raw_Raw_Ani	Metamer	14
714	10415.jpg	Raw_Raw_Ani	Metamer	15
715	10416.jpg	Raw_Raw_Ani	Metamer	16
716	10417.jpg	Raw_Raw_Ani	Metamer	17
717	10418.jpg	Raw_Raw_Ani	Metamer	18
718	10419.jpg	Raw_Raw_Ani	Metamer	19
719	10420.jpg	Raw_Raw_Ani	Metamer	20
720	10421.jpg	Raw_Raw_Inani	Metamer	21
721	10422.jpg	Raw_Raw_Inani	Metamer	22
722	10423.jpg	Raw_Raw_Inani	Metamer	23
723	10424.jpg	Raw_Raw_Inani	Metamer	24
724	10425.jpg	Raw_Raw_Inani	Metamer	25
725	10426.jpg	Raw_Raw_Inani	Metamer	26
726	10427.jpg	Raw_Raw_Inani	Metamer	27
727	10428.jpg	Raw_Raw_Inani	Metamer	28
728	10429.jpg	Raw_Raw_Inani	Metamer	29
729	10430.jpg	Raw_Raw_Inani	Metamer	30
730	10431.jpg	Raw_Raw_Inani	Metamer	31
731	10432.jpg	Raw_Raw_Inani	Metamer	32
732	10433.jpg	Raw_Raw_Inani	Metamer	33
733	10434.jpg	Raw_Raw_Inani	Metamer	34
734	10435.jpg	Raw_Raw_Inani	Metamer	35
735	10436.jpg	Raw_Raw_Inani	Metamer	36
736	10437.jpg	Raw_Raw_Inani	Metamer	37
737	10438.jpg	Raw_Raw_Inani	Metamer	38
738	10439.jpg	Raw_Raw_Inani	Metamer	39
739	10440.jpg	Raw_Raw_Inani	Metamer	40
740	10441.jpg	P4_C4_Ani	Metamer	1
741	10442.jpg	P4_C4_Ani	Metamer	2
742	10443.jpg	P4_C4_Ani	Metamer	3
743	10444.jpg	P4_C4_Ani	Metamer	4
744	10445.jpg	P4_C4_Ani	Metamer	5
745	10446.jpg	P4_C4_Ani	Metamer	6
746	10447.jpg	P4_C4_Ani	Metamer	7
747	10448.jpg	P4_C4_Ani	Metamer	8
748	10449.jpg	P4_C4_Ani	Metamer	9
749	10450.jpg	P4_C4_Ani	Metamer	10
750	10451.jpg	P4_C4_Ani	Metamer	11
751	10452.jpg	P4_C4_Ani	Metamer	12
752	10453.jpg	P4_C4_Ani	Metamer	13
753	10454.jpg	P4_C4_Ani	Metamer	14
754	10455.jpg	P4_C4_Ani	Metamer	15
755	10456.jpg	P4_C4_Ani	Metamer	16
756	10457.jpg	P4_C4_Ani	Metamer	17
757	10458.jpg	P4_C4_Ani	Metamer	18
758	10459.jpg	P4_C4_Ani	Metamer	19
759	10460.jpg	P4_C4_Ani	Metamer	20
760	10461.jpg	P4_C4_Inani	Metamer	21
761	10462.jpg	P4_C4_Inani	Metamer	22
762	10463.jpg	P4_C4_Inani	Metamer	23
763	10464.jpg	P4_C4_Inani	Metamer	24
764	10465.jpg	P4_C4_Inani	Metamer	25
765	10466.jpg	P4_C4_Inani	Metamer	26
766	10467.jpg	P4_C4_Inani	Metamer	27
767	10468.jpg	P4_C4_Inani	Metamer	28
768	10469.jpg	P4_C4_Inani	Metamer	29
769	10470.jpg	P4_C4_Inani	Metamer	30
770	10471.jpg	P4_C4_Inani	Metamer	31
771	10472.jpg	P4_C4_Inani	Metamer	32
772	10473.jpg	P4_C4_Inani	Metamer	33
773	10474.jpg	P4_C4_Inani	Metamer	34
774	10475.jpg	P4_C4_Inani	Metamer	35
775	10476.jpg	P4_C4_Inani	Metamer	36
776	10477.jpg	P4_C4_Inani	Metamer	37
777	10478.jpg	P4_C4_Inani	Metamer	38
778	10479.jpg	P4_C4_Inani	Metamer	39
779	10480.jpg	P4_C4_Inani	Metamer	40
780	10481.jpg	P4_C3_Ani	Metamer	1
781	10482.jpg	P4_C3_Ani	Metamer	2
782	10483.jpg	P4_C3_Ani	Metamer	3
783	10484.jpg	P4_C3_Ani	Metamer	4
784	10485.jpg	P4_C3_Ani	Metamer	5
785	10486.jpg	P4_C3_Ani	Metamer	6
786	10487.jpg	P4_C3_Ani	Metamer	7
787	10488.jpg	P4_C3_Ani	Metamer	8
788	10489.jpg	P4_C3_Ani	Metamer	9
789	10490.jpg	P4_C3_Ani	Metamer	10
790	10491.jpg	P4_C3_Ani	Metamer	11
791	10492.jpg	P4_C3_Ani	Metamer	12
792	10493.jpg	P4_C3_Ani	Metamer	13
793	10494.jpg	P4_C3_Ani	Metamer	14
794	10495.jpg	P4_C3_Ani	Metamer	15
795	10496.jpg	P4_C3_Ani	Metamer	16
796	10497.jpg	P4_C3_Ani	Metamer	17
797	10498.jpg	P4_C3_Ani	Metamer	18
798	10499.jpg	P4_C3_Ani	Metamer	19
799	10500.jpg	P4_C3_Ani	Metamer	20
800	10501.jpg	P4_C3_Inani	Metamer	21
801	10502.jpg	P4_C3_Inani	Metamer	22
802	10503.jpg	P4_C3_Inani	Metamer	23
803	10504.jpg	P4_C3_Inani	Metamer	24
804	10505.jpg	P4_C3_Inani	Metamer	25
805	10506.jpg	P4_C3_Inani	Metamer	26
806	10507.jpg	P4_C3_Inani	Metamer	27
807	10508.jpg	P4_C3_Inani	Metamer	28
808	10509.jpg	P4_C3_Inani	Metamer	29
809	10510.jpg	P4_C3_Inani	Metamer	30
810	10511.jpg	P4_C3_Inani	Metamer	31
811	10512.jpg	P4_C3_Inani	Metamer	32
812	10513.jpg	P4_C3_Inani	Metamer	33
813	10514.jpg	P4_C3_Inani	Metamer	34
814	10515.jpg	P4_C3_Inani	Metamer	35
815	10516.jpg	P4_C3_Inani	Metamer	36
816	10517.jpg	P4_C3_Inani	Metamer	37
817	10518.jpg	P4_C3_Inani	Metamer	38
818	10519.jpg	P4_C3_Inani	Metamer	39
819	10520.jpg	P4_C3_Inani	Metamer	40
820	10521.jpg	P4_C2_Ani	Metamer	1
821	10522.jpg	P4_C2_Ani	Metamer	2
822	10523.jpg	P4_C2_Ani	Metamer	3
823	10524.jpg	P4_C2_Ani	Metamer	4
824	10525.jpg	P4_C2_Ani	Metamer	5
825	10526.jpg	P4_C2_Ani	Metamer	6
826	10527.jpg	P4_C2_Ani	Metamer	7
827	10528.jpg	P4_C2_Ani	Metamer	8
828	10529.jpg	P4_C2_Ani	Metamer	9
829	10530.jpg	P4_C2_Ani	Metamer	10
830	10531.jpg	P4_C2_Ani	Metamer	11
831	10532.jpg	P4_C2_Ani	Metamer	12
832	10533.jpg	P4_C2_Ani	Metamer	13
833	10534.jpg	P4_C2_Ani	Metamer	14
834	10535.jpg	P4_C2_Ani	Metamer	15
835	10536.jpg	P4_C2_Ani	Metamer	16
836	10537.jpg	P4_C2_Ani	Metamer	17
837	10538.jpg	P4_C2_Ani	Metamer	18
838	10539.jpg	P4_C2_Ani	Metamer	19
839	10540.jpg	P4_C2_Ani	Metamer	20
840	10541.jpg	P4_C2_Inani	Metamer	21
841	10542.jpg	P4_C2_Inani	Metamer	22
842	10543.jpg	P4_C2_Inani	Metamer	23
843	10544.jpg	P4_C2_Inani	Metamer	24
844	10545.jpg	P4_C2_Inani	Metamer	25
845	10546.jpg	P4_C2_Inani	Metamer	26
846	10547.jpg	P4_C2_Inani	Metamer	27
847	10548.jpg	P4_C2_Inani	Metamer	28
848	10549.jpg	P4_C2_Inani	Metamer	29
849	10550.jpg	P4_C2_Inani	Metamer	30
850	10551.jpg	P4_C2_Inani	Metamer	31
851	10552.jpg	P4_C2_Inani	Metamer	32
852	10553.jpg	P4_C2_Inani	Metamer	33
853	10554.jpg	P4_C2_Inani	Metamer	34
854	10555.jpg	P4_C2_Inani	Metamer	35
855	10556.jpg	P4_C2_Inani	Metamer	36
856	10557.jpg	P4_C2_Inani	Metamer	37
857	10558.jpg	P4_C2_Inani	Metamer	38
858	10559.jpg	P4_C2_Inani	Metamer	39
859	10560.jpg	P4_C2_Inani	Metamer	40
860	10561.jpg	P4_C1_Ani	Metamer	1
861	10562.jpg	P4_C1_Ani	Metamer	2
862	10563.jpg	P4_C1_Ani	Metamer	3
863	10564.jpg	P4_C1_Ani	Metamer	4
864	10565.jpg	P4_C1_Ani	Metamer	5
865	10566.jpg	P4_C1_Ani	Metamer	6
866	10567.jpg	P4_C1_Ani	Metamer	7
867	10568.jpg	P4_C1_Ani	Metamer	8
868	10569.jpg	P4_C1_Ani	Metamer	9
869	10570.jpg	P4_C1_Ani	Metamer	10
870	10571.jpg	P4_C1_Ani	Metamer	11
871	10572.jpg	P4_C1_Ani	Metamer	12
872	10573.jpg	P4_C1_Ani	Metamer	13
873	10574.jpg	P4_C1_Ani	Metamer	14
874	10575.jpg	P4_C1_Ani	Metamer	15
875	10576.jpg	P4_C1_Ani	Metamer	16
876	10577.jpg	P4_C1_Ani	Metamer	17
877	10578.jpg	P4_C1_Ani	Metamer	18
878	10579.jpg	P4_C1_Ani	Metamer	19
879	10580.jpg	P4_C1_Ani	Metamer	20
880	10581.jpg	P4_C1_Inani	Metamer	21
881	10582.jpg	P4_C1_Inani	Metamer	22
882	10583.jpg	P4_C1_Inani	Metamer	23
883	10584.jpg	P4_C1_Inani	Metamer	24
884	10585.jpg	P4_C1_Inani	Metamer	25
885	10586.jpg	P4_C1_Inani	Metamer	26
886	10587.jpg	P4_C1_Inani	Metamer	27
887	10588.jpg	P4_C1_Inani	Metamer	28
888	10589.jpg	P4_C1_Inani	Metamer	29
889	10590.jpg	P4_C1_Inani	Metamer	30
890	10591.jpg	P4_C1_Inani	Metamer	31
891	10592.jpg	P4_C1_Inani	Metamer	32
892	10593.jpg	P4_C1_Inani	Metamer	33
893	10594.jpg	P4_C1_Inani	Metamer	34
894	10595.jpg	P4_C1_Inani	Metamer	35
895	10596.jpg	P4_C1_Inani	Metamer	36
896	10597.jpg	P4_C1_Inani	Metamer	37
897	10598.jpg	P4_C1_Inani	Metamer	38
898	10599.jpg	P4_C1_Inani	Metamer	39
899	10600.jpg	P4_C1_Inani	Metamer	40
900	10601.jpg	Raw_Raw_Ani	Metamer	1
901	10602.jpg	Raw_Raw_Ani	Metamer	2
902	10603.jpg	Raw_Raw_Ani	Metamer	3
903	10604.jpg	Raw_Raw_Ani	Metamer	4
904	10605.jpg	Raw_Raw_Ani	Metamer	5
905	10606.jpg	Raw_Raw_Ani	Metamer	6
906	10607.jpg	Raw_Raw_Ani	Metamer	7
907	10608.jpg	Raw_Raw_Ani	Metamer	8
908	10609.jpg	Raw_Raw_Ani	Metamer	9
909	10610.jpg	Raw_Raw_Ani	Metamer	10
910	10611.jpg	Raw_Raw_Ani	Metamer	11
911	10612.jpg	Raw_Raw_Ani	Metamer	12
912	10613.jpg	Raw_Raw_Ani	Metamer	13
913	10614.jpg	Raw_Raw_Ani	Metamer	14
914	10615.jpg	Raw_Raw_Ani	Metamer	15
915	10616.jpg	Raw_Raw_Ani	Metamer	16
916	10617.jpg	Raw_Raw_Ani	Metamer	17
917	10618.jpg	Raw_Raw_Ani	Metamer	18
918	10619.jpg	Raw_Raw_Ani	Metamer	19
919	10620.jpg	Raw_Raw_Ani	Metamer	20
920	10621.jpg	Raw_Raw_Inani	Metamer	21
921	10622.jpg	Raw_Raw_Inani	Metamer	22
922	10623.jpg	Raw_Raw_Inani	Metamer	23
923	10624.jpg	Raw_Raw_Inani	Metamer	24
924	10625.jpg	Raw_Raw_Inani	Metamer	25
925	10626.jpg	Raw_Raw_Inani	Metamer	26
926	10627.jpg	Raw_Raw_Inani	Metamer	27
927	10628.jpg	Raw_Raw_Inani	Metamer	28
928	10629.jpg	Raw_Raw_Inani	Metamer	29
929	10630.jpg	Raw_Raw_Inani	Metamer	30
930	10631.jpg	Raw_Raw_Inani	Metamer	31
931	10632.jpg	Raw_Raw_Inani	Metamer	32
932	10633.jpg	Raw_Raw_Inani	Metamer	33
933	10634.jpg	Raw_Raw_Inani	Metamer	34
934	10635.jpg	Raw_Raw_Inani	Metamer	35
935	10636.jpg	Raw_Raw_Inani	Metamer	36
936	10637.jpg	Raw_Raw_Inani	Metamer	37
937	10638.jpg	Raw_Raw_Inani	Metamer	38
938	10639.jpg	Raw_Raw_Inani	Metamer	39
939	10640.jpg	Raw_Raw_Inani	Metamer	40
940	10641.jpg	P4_C4_Ani	Metamer	1
941	10642.jpg	P4_C4_Ani	Metamer	2
942	10643.jpg	P4_C4_Ani	Metamer	3
943	10644.jpg	P4_C4_Ani	Metamer	4
944	10645.jpg	P4_C4_Ani	Metamer	5
945	10646.jpg	P4_C4_Ani	Metamer	6
946	10647.jpg	P4_C4_Ani	Metamer	7
947	10648.jpg	P4_C4_Ani	Metamer	8
948	10649.jpg	P4_C4_Ani	Metamer	9
949	10650.jpg	P4_C4_Ani	Metamer	10
950	10651.jpg	P4_C4_Ani	Metamer	11
951	10652.jpg	P4_C4_Ani	Metamer	12
952	10653.jpg	P4_C4_Ani	Metamer	13
953	10654.jpg	P4_C4_Ani	Metamer	14
954	10655.jpg	P4_C4_Ani	Metamer	15
955	10656.jpg	P4_C4_Ani	Metamer	16
956	10657.jpg	P4_C4_Ani	Metamer	17
957	10658.jpg	P4_C4_Ani	Metamer	18
958	10659.jpg	P4_C4_Ani	Metamer	19
959	10660.jpg	P4_C4_Ani	Metamer	20
960	10661.jpg	P4_C4_Inani	Metamer	21
961	10662.jpg	P4_C4_Inani	Metamer	22
962	10663.jpg	P4_C4_Inani	Metamer	23
963	10664.jpg	P4_C4_Inani	Metamer	24
964	10665.jpg	P4_C4_Inani	Metamer	25
965	10666.jpg	P4_C4_Inani	Metamer	26
966	10667.jpg	P4_C4_Inani	Metamer	27
967	10668.jpg	P4_C4_Inani	Metamer	28
968	10669.jpg	P4_C4_Inani	Metamer	29
969	10670.jpg	P4_C4_Inani	Metamer	30
970	10671.jpg	P4_C4_Inani	Metamer	31
971	10672.jpg	P4_C4_Inani	Metamer	32
972	10673.jpg	P4_C4_Inani	Metamer	33
973	10674.jpg	P4_C4_Inani	Metamer	34
974	10675.jpg	P4_C4_Inani	Metamer	35
975	10676.jpg	P4_C4_Inani	Metamer	36
976	10677.jpg	P4_C4_Inani	Metamer	37
977	10678.jpg	P4_C4_Inani	Metamer	38
978	10679.jpg	P4_C4_Inani	Metamer	39
979	10680.jpg	P4_C4_Inani	Metamer	40
980	10681.jpg	P4_C3_Ani	Metamer	1
981	10682.jpg	P4_C3_Ani	Metamer	2
982	10683.jpg	P4_C3_Ani	Metamer	3
983	10684.jpg	P4_C3_Ani	Metamer	4
984	10685.jpg	P4_C3_Ani	Metamer	5
985	10686.jpg	P4_C3_Ani	Metamer	6
986	10687.jpg	P4_C3_Ani	Metamer	7
987	10688.jpg	P4_C3_Ani	Metamer	8
988	10689.jpg	P4_C3_Ani	Metamer	9
989	10690.jpg	P4_C3_Ani	Metamer	10
990	10691.jpg	P4_C3_Ani	Metamer	11
991	10692.jpg	P4_C3_Ani	Metamer	12
992	10693.jpg	P4_C3_Ani	Metamer	13
993	10694.jpg	P4_C3_Ani	Metamer	14
994	10695.jpg	P4_C3_Ani	Metamer	15
995	10696.jpg	P4_C3_Ani	Metamer	16
996	10697.jpg	P4_C3_Ani	Metamer	17
997	10698.jpg	P4_C3_Ani	Metamer	18
998	10699.jpg	P4_C3_Ani	Metamer	19
999	10700.jpg	P4_C3_Ani	Metamer	20
1000	10701.jpg	P4_C3_Inani	Metamer	21
1001	10702.jpg	P4_C3_Inani	Metamer	22
1002	10703.jpg	P4_C3_Inani	Metamer	23
1003	10704.jpg	P4_C3_Inani	Metamer	24
1004	10705.jpg	P4_C3_Inani	Metamer	25
1005	10706.jpg	P4_C3_Inani	Metamer	26
1006	10707.jpg	P4_C3_Inani	Metamer	27
1007	10708.jpg	P4_C3_Inani	Metamer	28
1008	10709.jpg	P4_C3_Inani	Metamer	29
1009	10710.jpg	P4_C3_Inani	Metamer	30
1010	10711.jpg	P4_C3_Inani	Metamer	31
1011	10712.jpg	P4_C3_Inani	Metamer	32
1012	10713.jpg	P4_C3_Inani	Metamer	33
1013	10714.jpg	P4_C3_Inani	Metamer	34
1014	10715.jpg	P4_C3_Inani	Metamer	35
1015	10716.jpg	P4_C3_Inani	Metamer	36
1016	10717.jpg	P4_C3_Inani	Metamer	37
1017	10718.jpg	P4_C3_Inani	Metamer	38
1018	10719.jpg	P4_C3_Inani	Metamer	39
1019	10720.jpg	P4_C3_Inani	Metamer	40
1020	10721.jpg	P4_C2_Ani	Metamer	1
1021	10722.jpg	P4_C2_Ani	Metamer	2
1022	10723.jpg	P4_C2_Ani	Metamer	3
1023	10724.jpg	P4_C2_Ani	Metamer	4
1024	10725.jpg	P4_C2_Ani	Metamer	5
1025	10726.jpg	P4_C2_Ani	Metamer	6
1026	10727.jpg	P4_C2_Ani	Metamer	7
1027	10728.jpg	P4_C2_Ani	Metamer	8
1028	10729.jpg	P4_C2_Ani	Metamer	9
1029	10730.jpg	P4_C2_Ani	Metamer	10
1030	10731.jpg	P4_C2_Ani	Metamer	11
1031	10732.jpg	P4_C2_Ani	Metamer	12
1032	10733.jpg	P4_C2_Ani	Metamer	13
1033	10734.jpg	P4_C2_Ani	Metamer	14
1034	10735.jpg	P4_C2_Ani	Metamer	15
1035	10736.jpg	P4_C2_Ani	Metamer	16
1036	10737.jpg	P4_C2_Ani	Metamer	17
1037	10738.jpg	P4_C2_Ani	Metamer	18
1038	10739.jpg	P4_C2_Ani	Metamer	19
1039	10740.jpg	P4_C2_Ani	Metamer	20
1040	10741.jpg	P4_C2_Inani	Metamer	21
1041	10742.jpg	P4_C2_Inani	Metamer	22
1042	10743.jpg	P4_C2_Inani	Metamer	23
1043	10744.jpg	P4_C2_Inani	Metamer	24
1044	10745.jpg	P4_C2_Inani	Metamer	25
1045	10746.jpg	P4_C2_Inani	Metamer	26
1046	10747.jpg	P4_C2_Inani	Metamer	27
1047	10748.jpg	P4_C2_Inani	Metamer	28
1048	10749.jpg	P4_C2_Inani	Metamer	29
1049	10750.jpg	P4_C2_Inani	Metamer	30
1050	10751.jpg	P4_C2_Inani	Metamer	31
1051	10752.jpg	P4_C2_Inani	Metamer	32
1052	10753.jpg	P4_C2_Inani	Metamer	33
1053	10754.jpg	P4_C2_Inani	Metamer	34
1054	10755.jpg	P4_C2_Inani	Metamer	35
1055	10756.jpg	P4_C2_Inani	Metamer	36
1056	10757.jpg	P4_C2_Inani	Metamer	37
1057	10758.jpg	P4_C2_Inani	Metamer	38
1058	10759.jpg	P4_C2_Inani	Metamer	39
1059	10760.jpg	P4_C2_Inani	Metamer	40
1060	10761.jpg	P4_C1_Ani	Metamer	1
1061	10762.jpg	P4_C1_Ani	Metamer	2
1062	10763.jpg	P4_C1_Ani	Metamer	3
1063	10764.jpg	P4_C1_Ani	Metamer	4
1064	10765.jpg	P4_C1_Ani	Metamer	5
1065	10766.jpg	P4_C1_Ani	Metamer	6
1066	10767.jpg	P4_C1_Ani	Metamer	7
1067	10768.jpg	P4_C1_Ani	Metamer	8
1068	10769.jpg	P4_C1_Ani	Metamer	9
1069	10770.jpg	P4_C1_Ani	Metamer	10
1070	10771.jpg	P4_C1_Ani	Metamer	11
1071	10772.jpg	P4_C1_Ani	Metamer	12
1072	10773.jpg	P4_C1_Ani	Metamer	13
1073	10774.jpg	P4_C1_Ani	Metamer	14
1074	10775.jpg	P4_C1_Ani	Metamer	15
1075	10776.jpg	P4_C1_Ani	Metamer	16
1076	10777.jpg	P4_C1_Ani	Metamer	17
1077	10778.jpg	P4_C1_Ani	Metamer	18
1078	10779.jpg	P4_C1_Ani	Metamer	19
1079	10780.jpg	P4_C1_Ani	Metamer	20
1080	10781.jpg	P4_C1_Inani	Metamer	21
1081	10782.jpg	P4_C1_Inani	Metamer	22
1082	10783.jpg	P4_C1_Inani	Metamer	23
1083	10784.jpg	P4_C1_Inani	Metamer	24
1084	10785.jpg	P4_C1_Inani	Metamer	25
1085	10786.jpg	P4_C1_Inani	Metamer	26
1086	10787.jpg	P4_C1_Inani	Metamer	27
1087	10788.jpg	P4_C1_Inani	Metamer	28
1088	10789.jpg	P4_C1_Inani	Metamer	29
1089	10790.jpg	P4_C1_Inani	Metamer	30
1090	10791.jpg	P4_C1_Inani	Metamer	31
1091	10792.jpg	P4_C1_Inani	Metamer	32
1092	10793.jpg	P4_C1_Inani	Metamer	33
1093	10794.jpg	P4_C1_Inani	Metamer	34
1094	10795.jpg	P4_C1_Inani	Metamer	35
1095	10796.jpg	P4_C1_Inani	Metamer	36
1096	10797.jpg	P4_C1_Inani	Metamer	37
1097	10798.jpg	P4_C1_Inani	Metamer	38
1098	10799.jpg	P4_C1_Inani	Metamer	39
1099	10800.jpg	P4_C1_Inani	Metamer	40
1100	10801.jpg	Raw_Raw_Ani	Metamer	1
1101	10802.jpg	Raw_Raw_Ani	Metamer	2
1102	10803.jpg	Raw_Raw_Ani	Metamer	3
1103	10804.jpg	Raw_Raw_Ani	Metamer	4
1104	10805.jpg	Raw_Raw_Ani	Metamer	5
1105	10806.jpg	Raw_Raw_Ani	Metamer	6
1106	10807.jpg	Raw_Raw_Ani	Metamer	7
1107	10808.jpg	Raw_Raw_Ani	Metamer	8
1108	10809.jpg	Raw_Raw_Ani	Metamer	9
1109	10810.jpg	Raw_Raw_Ani	Metamer	10
1110	10811.jpg	Raw_Raw_Ani	Metamer	11
1111	10812.jpg	Raw_Raw_Ani	Metamer	12
1112	10813.jpg	Raw_Raw_Ani	Metamer	13
1113	10814.jpg	Raw_Raw_Ani	Metamer	14
1114	10815.jpg	Raw_Raw_Ani	Metamer	15
1115	10816.jpg	Raw_Raw_Ani	Metamer	16
1116	10817.jpg	Raw_Raw_Ani	Metamer	17
1117	10818.jpg	Raw_Raw_Ani	Metamer	18
1118	10819.jpg	Raw_Raw_Ani	Metamer	19
1119	10820.jpg	Raw_Raw_Ani	Metamer	20
1120	10821.jpg	Raw_Raw_Inani	Metamer	21
1121	10822.jpg	Raw_Raw_Inani	Metamer	22
1122	10823.jpg	Raw_Raw_Inani	Metamer	23
1123	10824.jpg	Raw_Raw_Inani	Metamer	24
1124	10825.jpg	Raw_Raw_Inani	Metamer	25
1125	10826.jpg	Raw_Raw_Inani	Metamer	26
1126	10827.jpg	Raw_Raw_Inani	Metamer	27
1127	10828.jpg	Raw_Raw_Inani	Metamer	28
1128	10829.jpg	Raw_Raw_Inani	Metamer	29
1129	10830.jpg	Raw_Raw_Inani	Metamer	30
1130	10831.jpg	Raw_Raw_Inani	Metamer	31
1131	10832.jpg	Raw_Raw_Inani	Metamer	32
1132	10833.jpg	Raw_Raw_Inani	Metamer	33
1133	10834.jpg	Raw_Raw_Inani	Metamer	34
1134	10835.jpg	Raw_Raw_Inani	Metamer	35
1135	10836.jpg	Raw_Raw_Inani	Metamer	36
1136	10837.jpg	Raw_Raw_Inani	Metamer	37
1137	10838.jpg	Raw_Raw_Inani	Metamer	38
1138	10839.jpg	Raw_Raw_Inani	Metamer	39
1139	10840.jpg	Raw_Raw_Inani	Metamer	40
1140	10841.jpg	P4_C4_Ani	Metamer	1
1141	10842.jpg	P4_C4_Ani	Metamer	2
1142	10843.jpg	P4_C4_Ani	Metamer	3
1143	10844.jpg	P4_C4_Ani	Metamer	4
1144	10845.jpg	P4_C4_Ani	Metamer	5
1145	10846.jpg	P4_C4_Ani	Metamer	6
1146	10847.jpg	P4_C4_Ani	Metamer	7
1147	10848.jpg	P4_C4_Ani	Metamer	8
1148	10849.jpg	P4_C4_Ani	Metamer	9
1149	10850.jpg	P4_C4_Ani	Metamer	10
1150	10851.jpg	P4_C4_Ani	Metamer	11
1151	10852.jpg	P4_C4_Ani	Metamer	12
1152	10853.jpg	P4_C4_Ani	Metamer	13
1153	10854.jpg	P4_C4_Ani	Metamer	14
1154	10855.jpg	P4_C4_Ani	Metamer	15
1155	10856.jpg	P4_C4_Ani	Metamer	16
1156	10857.jpg	P4_C4_Ani	Metamer	17
1157	10858.jpg	P4_C4_Ani	Metamer	18
1158	10859.jpg	P4_C4_Ani	Metamer	19
1159	10860.jpg	P4_C4_Ani	Metamer	20
1160	10861.jpg	P4_C4_Inani	Metamer	21
1161	10862.jpg	P4_C4_Inani	Metamer	22
1162	10863.jpg	P4_C4_Inani	Metamer	23
1163	10864.jpg	P4_C4_Inani	Metamer	24
1164	10865.jpg	P4_C4_Inani	Metamer	25
1165	10866.jpg	P4_C4_Inani	Metamer	26
1166	10867.jpg	P4_C4_Inani	Metamer	27
1167	10868.jpg	P4_C4_Inani	Metamer	28
1168	10869.jpg	P4_C4_Inani	Metamer	29
1169	10870.jpg	P4_C4_Inani	Metamer	30
1170	10871.jpg	P4_C4_Inani	Metamer	31
1171	10872.jpg	P4_C4_Inani	Metamer	32
1172	10873.jpg	P4_C4_Inani	Metamer	33
1173	10874.jpg	P4_C4_Inani	Metamer	34
1174	10875.jpg	P4_C4_Inani	Metamer	35
1175	10876.jpg	P4_C4_Inani	Metamer	36
1176	10877.jpg	P4_C4_Inani	Metamer	37
1177	10878.jpg	P4_C4_Inani	Metamer	38
1178	10879.jpg	P4_C4_Inani	Metamer	39
1179	10880.jpg	P4_C4_Inani	Metamer	40
1180	10881.jpg	P4_C3_Ani	Metamer	1
1181	10882.jpg	P4_C3_Ani	Metamer	2
1182	10883.jpg	P4_C3_Ani	Metamer	3
1183	10884.jpg	P4_C3_Ani	Metamer	4
1184	10885.jpg	P4_C3_Ani	Metamer	5
1185	10886.jpg	P4_C3_Ani	Metamer	6
1186	10887.jpg	P4_C3_Ani	Metamer	7
1187	10888.jpg	P4_C3_Ani	Metamer	8
1188	10889.jpg	P4_C3_Ani	Metamer	9
1189	10890.jpg	P4_C3_Ani	Metamer	10
1190	10891.jpg	P4_C3_Ani	Metamer	11
1191	10892.jpg	P4_C3_Ani	Metamer	12
1192	10893.jpg	P4_C3_Ani	Metamer	13
1193	10894.jpg	P4_C3_Ani	Metamer	14
1194	10895.jpg	P4_C3_Ani	Metamer	15
1195	10896.jpg	P4_C3_Ani	Metamer	16
1196	10897.jpg	P4_C3_Ani	Metamer	17
1197	10898.jpg	P4_C3_Ani	Metamer	18
1198	10899.jpg	P4_C3_Ani	Metamer	19
1199	10900.jpg	P4_C3_Ani	Metamer	20
1200	10901.jpg	P4_C3_Inani	Metamer	21
1201	10902.jpg	P4_C3_Inani	Metamer	22
1202	10903.jpg	P4_C3_Inani	Metamer	23
1203	10904.jpg	P4_C3_Inani	Metamer	24
1204	10905.jpg	P4_C3_Inani	Metamer	25
1205	10906.jpg	P4_C3_Inani	Metamer	26
1206	10907.jpg	P4_C3_Inani	Metamer	27
1207	10908.jpg	P4_C3_Inani	Metamer	28
1208	10909.jpg	P4_C3_Inani	Metamer	29
1209	10910.jpg	P4_C3_Inani	Metamer	30
1210	10911.jpg	P4_C3_Inani	Metamer	31
1211	10912.jpg	P4_C3_Inani	Metamer	32
1212	10913.jpg	P4_C3_Inani	Metamer	33
1213	10914.jpg	P4_C3_Inani	Metamer	34
1214	10915.jpg	P4_C3_Inani	Metamer	35
1215	10916.jpg	P4_C3_Inani	Metamer	36
1216	10917.jpg	P4_C3_Inani	Metamer	37
1217	10918.jpg	P4_C3_Inani	Metamer	38
1218	10919.jpg	P4_C3_Inani	Metamer	39
1219	10920.jpg	P4_C3_Inani	Metamer	40
1220	10921.jpg	P4_C2_Ani	Metamer	1
1221	10922.jpg	P4_C2_Ani	Metamer	2
1222	10923.jpg	P4_C2_Ani	Metamer	3
1223	10924.jpg	P4_C2_Ani	Metamer	4
1224	10925.jpg	P4_C2_Ani	Metamer	5
1225	10926.jpg	P4_C2_Ani	Metamer	6
1226	10927.jpg	P4_C2_Ani	Metamer	7
1227	10928.jpg	P4_C2_Ani	Metamer	8
1228	10929.jpg	P4_C2_Ani	Metamer	9
1229	10930.jpg	P4_C2_Ani	Metamer	10
1230	10931.jpg	P4_C2_Ani	Metamer	11
1231	10932.jpg	P4_C2_Ani	Metamer	12
1232	10933.jpg	P4_C2_Ani	Metamer	13
1233	10934.jpg	P4_C2_Ani	Metamer	14
1234	10935.jpg	P4_C2_Ani	Metamer	15
1235	10936.jpg	P4_C2_Ani	Metamer	16
1236	10937.jpg	P4_C2_Ani	Metamer	17
1237	10938.jpg	P4_C2_Ani	Metamer	18
1238	10939.jpg	P4_C2_Ani	Metamer	19
1239	10940.jpg	P4_C2_Ani	Metamer	20
1240	10941.jpg	P4_C2_Inani	Metamer	21
1241	10942.jpg	P4_C2_Inani	Metamer	22
1242	10943.jpg	P4_C2_Inani	Metamer	23
1243	10944.jpg	P4_C2_Inani	Metamer	24
1244	10945.jpg	P4_C2_Inani	Metamer	25
1245	10946.jpg	P4_C2_Inani	Metamer	26
1246	10947.jpg	P4_C2_Inani	Metamer	27
1247	10948.jpg	P4_C2_Inani	Metamer	28
1248	10949.jpg	P4_C2_Inani	Metamer	29
1249	10950.jpg	P4_C2_Inani	Metamer	30
1250	10951.jpg	P4_C2_Inani	Metamer	31
1251	10952.jpg	P4_C2_Inani	Metamer	32
1252	10953.jpg	P4_C2_Inani	Metamer	33
1253	10954.jpg	P4_C2_Inani	Metamer	34
1254	10955.jpg	P4_C2_Inani	Metamer	35
1255	10956.jpg	P4_C2_Inani	Metamer	36
1256	10957.jpg	P4_C2_Inani	Metamer	37
1257	10958.jpg	P4_C2_Inani	Metamer	38
1258	10959.jpg	P4_C2_Inani	Metamer	39
1259	10960.jpg	P4_C2_Inani	Metamer	40
1260	10961.jpg	P4_C1_Ani	Metamer	1
1261	10962.jpg	P4_C1_Ani	Metamer	2
1262	10963.jpg	P4_C1_Ani	Metamer	3
1263	10964.jpg	P4_C1_Ani	Metamer	4
1264	10965.jpg	P4_C1_Ani	Metamer	5
1265	10966.jpg	P4_C1_Ani	Metamer	6
1266	10967.jpg	P4_C1_Ani	Metamer	7
1267	10968.jpg	P4_C1_Ani	Metamer	8
1268	10969.jpg	P4_C1_Ani	Metamer	9
1269	10970.jpg	P4_C1_Ani	Metamer	10
1270	10971.jpg	P4_C1_Ani	Metamer	11
1271	10972.jpg	P4_C1_Ani	Metamer	12
1272	10973.jpg	P4_C1_Ani	Metamer	13
1273	10974.jpg	P4_C1_Ani	Metamer	14
1274	10975.jpg	P4_C1_Ani	Metamer	15
1275	10976.jpg	P4_C1_Ani	Metamer	16
1276	10977.jpg	P4_C1_Ani	Metamer	17
1277	10978.jpg	P4_C1_Ani	Metamer	18
1278	10979.jpg	P4_C1_Ani	Metamer	19
1279	10980.jpg	P4_C1_Ani	Metamer	20
1280	10981.jpg	P4_C1_Inani	Metamer	21
1281	10982.jpg	P4_C1_Inani	Metamer	22
1282	10983.jpg	P4_C1_Inani	Metamer	23
1283	10984.jpg	P4_C1_Inani	Metamer	24
1284	10985.jpg	P4_C1_Inani	Metamer	25
1285	10986.jpg	P4_C1_Inani	Metamer	26
1286	10987.jpg	P4_C1_Inani	Metamer	27
1287	10988.jpg	P4_C1_Inani	Metamer	28
1288	10989.jpg	P4_C1_Inani	Metamer	29
1289	10990.jpg	P4_C1_Inani	Metamer	30
1290	10991.jpg	P4_C1_Inani	Metamer	31
1291	10992.jpg	P4_C1_Inani	Metamer	32
1292	10993.jpg	P4_C1_Inani	Metamer	33
1293	10994.jpg	P4_C1_Inani	Metamer	34
1294	10995.jpg	P4_C1_Inani	Metamer	35
1295	10996.jpg	P4_C1_Inani	Metamer	36
1296	10997.jpg	P4_C1_Inani	Metamer	37
1297	10998.jpg	P4_C1_Inani	Metamer	38
1298	10999.jpg	P4_C1_Inani	Metamer	39
1299	11000.jpg	P4_C1_Inani	Metamer	40
1300	30001.jpg	Boulder	Boulder_Silct	1
1301	30002.jpg	Boulder	Boulder_Silct	2
1302	30003.jpg	Boulder	Boulder_Silct	3
1303	30004.jpg	Boulder	Boulder_Silct	4
1304	30005.jpg	Boulder	Boulder_Silct	5
1305	30006.jpg	Boulder	Boulder_Silct	6
1306	30007.jpg	Boulder	Boulder_Silct	7
1307	30008.jpg	Boulder	Boulder_Silct	8
1308	30009.jpg	Boulder	Boulder_Silct	9
1309	30010.jpg	Boulder	Boulder_Silct	10
1310	30011.jpg	Boulder	Boulder_Silct	11
1311	30012.jpg	Boulder	Boulder_Silct	12
1312	30013.jpg	Boulder	Boulder_Silct	13
1313	30014.jpg	Boulder	Boulder_Silct	14
1314	30015.jpg	Boulder	Boulder_Silct	15
1315	30016.jpg	Boulder	Boulder_Silct	16
1316	30017.jpg	Boulder	Boulder_Silct	17
1317	30018.jpg	Boulder	Boulder_Silct	18
1318	30019.jpg	Boulder	Boulder_Silct	19
1319	30020.jpg	Boulder	Boulder_Silct	20
1320	30021.jpg	Silct	Boulder_Silct	1
1321	30022.jpg	Silct	Boulder_Silct	2
1322	30023.jpg	Silct	Boulder_Silct	3
1323	30024.jpg	Silct	Boulder_Silct	4
1324	30025.jpg	Silct	Boulder_Silct	5
1325	30026.jpg	Silct	Boulder_Silct	6
1326	30027.jpg	Silct	Boulder_Silct	7
1327	30028.jpg	Silct	Boulder_Silct	8
1328	30029.jpg	Silct	Boulder_Silct	9
1329	30030.jpg	Silct	Boulder_Silct	10
1330	30031.jpg	Silct	Boulder_Silct	11
1331	30032.jpg	Silct	Boulder_Silct	12
1332	30033.jpg	Silct	Boulder_Silct	13
1333	30034.jpg	Silct	Boulder_Silct	14
1334	30035.jpg	Silct	Boulder_Silct	15
1335	30036.jpg	Silct	Boulder_Silct	16
1336	30037.jpg	Silct	Boulder_Silct	17
1337	30038.jpg	Silct	Boulder_Silct	18
1338	30039.jpg	Silct	Boulder_Silct	19
1339	30040.jpg	Silct	Boulder_Silct	20
1340	40001.jpg	L1_1	Cut_Octo	1
1341	40002.jpg	L1_1	Cut_Octo	2
1342	40003.jpg	L1_1	Cut_Octo	3
1343	40004.jpg	L1_1	Cut_Octo	4
1344	40005.jpg	L1_1	Cut_Octo	5
1345	40006.jpg	L1_1	Cut_Octo	6
1346	40007.jpg	L1_1	Cut_Octo	7
1347	40008.jpg	L1_1	Cut_Octo	8
1348	40009.jpg	L1_1	Cut_Octo	9
1349	40010.jpg	L1_1	Cut_Octo	10
1350	40011.jpg	L1_1	Cut_Octo	11
1351	40012.jpg	L1_1	Cut_Octo	12
1352	40013.jpg	L1_1	Cut_Octo	13
1353	40014.jpg	L1_1	Cut_Octo	14
1354	40015.jpg	L1_1	Cut_Octo	15
1355	40016.jpg	L1_1	Cut_Octo	16
1356	40017.jpg	L1_1	Cut_Octo	17
1357	40018.jpg	L1_1	Cut_Octo	18
1358	40019.jpg	L1_1	Cut_Octo	19
1359	40020.jpg	L1_1	Cut_Octo	20
1360	40021.jpg	L1_2	Cut_Octo	1
1361	40022.jpg	L1_2	Cut_Octo	2
1362	40023.jpg	L1_2	Cut_Octo	3
1363	40024.jpg	L1_2	Cut_Octo	4
1364	40025.jpg	L1_2	Cut_Octo	5
1365	40026.jpg	L1_2	Cut_Octo	6
1366	40027.jpg	L1_2	Cut_Octo	7
1367	40028.jpg	L1_2	Cut_Octo	8
1368	40029.jpg	L1_2	Cut_Octo	9
1369	40030.jpg	L1_2	Cut_Octo	10
1370	40031.jpg	L1_2	Cut_Octo	11
1371	40032.jpg	L1_2	Cut_Octo	12
1372	40033.jpg	L1_2	Cut_Octo	13
1373	40034.jpg	L1_2	Cut_Octo	14
1374	40035.jpg	L1_2	Cut_Octo	15
1375	40036.jpg	L1_2	Cut_Octo	16
1376	40037.jpg	L1_2	Cut_Octo	17
1377	40038.jpg	L1_2	Cut_Octo	18
1378	40039.jpg	L1_2	Cut_Octo	19
1379	40040.jpg	L1_2	Cut_Octo	20
1380	40041.jpg	L1_3	Cut_Octo	1
1381	40042.jpg	L1_3	Cut_Octo	2
1382	40043.jpg	L1_3	Cut_Octo	3
1383	40044.jpg	L1_3	Cut_Octo	4
1384	40045.jpg	L1_3	Cut_Octo	5
1385	40046.jpg	L1_3	Cut_Octo	6
1386	40047.jpg	L1_3	Cut_Octo	7
1387	40048.jpg	L1_3	Cut_Octo	8
1388	40049.jpg	L1_3	Cut_Octo	9
1389	40050.jpg	L1_3	Cut_Octo	10
1390	40051.jpg	L1_3	Cut_Octo	11
1391	40052.jpg	L1_3	Cut_Octo	12
1392	40053.jpg	L1_3	Cut_Octo	13
1393	40054.jpg	L1_3	Cut_Octo	14
1394	40055.jpg	L1_3	Cut_Octo	15
1395	40056.jpg	L1_3	Cut_Octo	16
1396	40057.jpg	L1_3	Cut_Octo	17
1397	40058.jpg	L1_3	Cut_Octo	18
1398	40059.jpg	L1_3	Cut_Octo	19
1399	40060.jpg	L1_3	Cut_Octo	20
1400	40061.jpg	L1_4	Cut_Octo	1
1401	40062.jpg	L1_4	Cut_Octo	2
1402	40063.jpg	L1_4	Cut_Octo	3
1403	40064.jpg	L1_4	Cut_Octo	4
1404	40065.jpg	L1_4	Cut_Octo	5
1405	40066.jpg	L1_4	Cut_Octo	6
1406	40067.jpg	L1_4	Cut_Octo	7
1407	40068.jpg	L1_4	Cut_Octo	8
1408	40069.jpg	L1_4	Cut_Octo	9
1409	40070.jpg	L1_4	Cut_Octo	10
1410	40071.jpg	L1_4	Cut_Octo	11
1411	40072.jpg	L1_4	Cut_Octo	12
1412	40073.jpg	L1_4	Cut_Octo	13
1413	40074.jpg	L1_4	Cut_Octo	14
1414	40075.jpg	L1_4	Cut_Octo	15
1415	40076.jpg	L1_4	Cut_Octo	16
1416	40077.jpg	L1_4	Cut_Octo	17
1417	40078.jpg	L1_4	Cut_Octo	18
1418	40079.jpg	L1_4	Cut_Octo	19
1419	40080.jpg	L1_4	Cut_Octo	20
1420	40081.jpg	L1_5	Cut_Octo	1
1421	40082.jpg	L1_5	Cut_Octo	2
1422	40083.jpg	L1_5	Cut_Octo	3
1423	40084.jpg	L1_5	Cut_Octo	4
1424	40085.jpg	L1_5	Cut_Octo	5
1425	40086.jpg	L1_5	Cut_Octo	6
1426	40087.jpg	L1_5	Cut_Octo	7
1427	40088.jpg	L1_5	Cut_Octo	8
1428	40089.jpg	L1_5	Cut_Octo	9
1429	40090.jpg	L1_5	Cut_Octo	10
1430	40091.jpg	L1_5	Cut_Octo	11
1431	40092.jpg	L1_5	Cut_Octo	12
1432	40093.jpg	L1_5	Cut_Octo	13
1433	40094.jpg	L1_5	Cut_Octo	14
1434	40095.jpg	L1_5	Cut_Octo	15
1435	40096.jpg	L1_5	Cut_Octo	16
1436	40097.jpg	L1_5	Cut_Octo	17
1437	40098.jpg	L1_5	Cut_Octo	18
1438	40099.jpg	L1_5	Cut_Octo	19
1439	40100.jpg	L1_5	Cut_Octo	20
1440	40101.jpg	L1_6	Cut_Octo	1
1441	40102.jpg	L1_6	Cut_Octo	2
1442	40103.jpg	L1_6	Cut_Octo	3
1443	40104.jpg	L1_6	Cut_Octo	4
1444	40105.jpg	L1_6	Cut_Octo	5
1445	40106.jpg	L1_6	Cut_Octo	6
1446	40107.jpg	L1_6	Cut_Octo	7
1447	40108.jpg	L1_6	Cut_Octo	8
1448	40109.jpg	L1_6	Cut_Octo	9
1449	40110.jpg	L1_6	Cut_Octo	10
1450	40111.jpg	L1_6	Cut_Octo	11
1451	40112.jpg	L1_6	Cut_Octo	12
1452	40113.jpg	L1_6	Cut_Octo	13
1453	40114.jpg	L1_6	Cut_Octo	14
1454	40115.jpg	L1_6	Cut_Octo	15
1455	40116.jpg	L1_6	Cut_Octo	16
1456	40117.jpg	L1_6	Cut_Octo	17
1457	40118.jpg	L1_6	Cut_Octo	18
1458	40119.jpg	L1_6	Cut_Octo	19
1459	40120.jpg	L1_6	Cut_Octo	20
1460	40121.jpg	L1_7	Cut_Octo	1
1461	40122.jpg	L1_7	Cut_Octo	2
1462	40123.jpg	L1_7	Cut_Octo	3
1463	40124.jpg	L1_7	Cut_Octo	4
1464	40125.jpg	L1_7	Cut_Octo	5
1465	40126.jpg	L1_7	Cut_Octo	6
1466	40127.jpg	L1_7	Cut_Octo	7
1467	40128.jpg	L1_7	Cut_Octo	8
1468	40129.jpg	L1_7	Cut_Octo	9
1469	40130.jpg	L1_7	Cut_Octo	10
1470	40131.jpg	L1_7	Cut_Octo	11
1471	40132.jpg	L1_7	Cut_Octo	12
1472	40133.jpg	L1_7	Cut_Octo	13
1473	40134.jpg	L1_7	Cut_Octo	14
1474	40135.jpg	L1_7	Cut_Octo	15
1475	40136.jpg	L1_7	Cut_Octo	16
1476	40137.jpg	L1_7	Cut_Octo	17
1477	40138.jpg	L1_7	Cut_Octo	18
1478	40139.jpg	L1_7	Cut_Octo	19
1479	40140.jpg	L1_7	Cut_Octo	20
1480	40141.jpg	L1_8	Cut_Octo	1
1481	40142.jpg	L1_8	Cut_Octo	2
1482	40143.jpg	L1_8	Cut_Octo	3
1483	40144.jpg	L1_8	Cut_Octo	4
1484	40145.jpg	L1_8	Cut_Octo	5
1485	40146.jpg	L1_8	Cut_Octo	6
1486	40147.jpg	L1_8	Cut_Octo	7
1487	40148.jpg	L1_8	Cut_Octo	8
1488	40149.jpg	L1_8	Cut_Octo	9
1489	40150.jpg	L1_8	Cut_Octo	10
1490	40151.jpg	L1_8	Cut_Octo	11
1491	40152.jpg	L1_8	Cut_Octo	12
1492	40153.jpg	L1_8	Cut_Octo	13
1493	40154.jpg	L1_8	Cut_Octo	14
1494	40155.jpg	L1_8	Cut_Octo	15
1495	40156.jpg	L1_8	Cut_Octo	16
1496	40157.jpg	L1_8	Cut_Octo	17
1497	40158.jpg	L1_8	Cut_Octo	18
1498	40159.jpg	L1_8	Cut_Octo	19
1499	40160.jpg	L1_8	Cut_Octo	20
1500	40161.jpg	L2_12	Cut_Octo	1
1501	40162.jpg	L2_12	Cut_Octo	2
1502	40163.jpg	L2_12	Cut_Octo	3
1503	40164.jpg	L2_12	Cut_Octo	4
1504	40165.jpg	L2_12	Cut_Octo	5
1505	40166.jpg	L2_12	Cut_Octo	6
1506	40167.jpg	L2_12	Cut_Octo	7
1507	40168.jpg	L2_12	Cut_Octo	8
1508	40169.jpg	L2_12	Cut_Octo	9
1509	40170.jpg	L2_12	Cut_Octo	10
1510	40171.jpg	L2_12	Cut_Octo	11
1511	40172.jpg	L2_12	Cut_Octo	12
1512	40173.jpg	L2_12	Cut_Octo	13
1513	40174.jpg	L2_12	Cut_Octo	14
1514	40175.jpg	L2_12	Cut_Octo	15
1515	40176.jpg	L2_12	Cut_Octo	16
1516	40177.jpg	L2_12	Cut_Octo	17
1517	40178.jpg	L2_12	Cut_Octo	18
1518	40179.jpg	L2_12	Cut_Octo	19
1519	40180.jpg	L2_12	Cut_Octo	20
1520	40181.jpg	L2_34	Cut_Octo	1
1521	40182.jpg	L2_34	Cut_Octo	2
1522	40183.jpg	L2_34	Cut_Octo	3
1523	40184.jpg	L2_34	Cut_Octo	4
1524	40185.jpg	L2_34	Cut_Octo	5
1525	40186.jpg	L2_34	Cut_Octo	6
1526	40187.jpg	L2_34	Cut_Octo	7
1527	40188.jpg	L2_34	Cut_Octo	8
1528	40189.jpg	L2_34	Cut_Octo	9
1529	40190.jpg	L2_34	Cut_Octo	10
1530	40191.jpg	L2_34	Cut_Octo	11
1531	40192.jpg	L2_34	Cut_Octo	12
1532	40193.jpg	L2_34	Cut_Octo	13
1533	40194.jpg	L2_34	Cut_Octo	14
1534	40195.jpg	L2_34	Cut_Octo	15
1535	40196.jpg	L2_34	Cut_Octo	16
1536	40197.jpg	L2_34	Cut_Octo	17
1537	40198.jpg	L2_34	Cut_Octo	18
1538	40199.jpg	L2_34	Cut_Octo	19
1539	40200.jpg	L2_34	Cut_Octo	20
1540	40201.jpg	L2_56	Cut_Octo	1
1541	40202.jpg	L2_56	Cut_Octo	2
1542	40203.jpg	L2_56	Cut_Octo	3
1543	40204.jpg	L2_56	Cut_Octo	4
1544	40205.jpg	L2_56	Cut_Octo	5
1545	40206.jpg	L2_56	Cut_Octo	6
1546	40207.jpg	L2_56	Cut_Octo	7
1547	40208.jpg	L2_56	Cut_Octo	8
1548	40209.jpg	L2_56	Cut_Octo	9
1549	40210.jpg	L2_56	Cut_Octo	10
1550	40211.jpg	L2_56	Cut_Octo	11
1551	40212.jpg	L2_56	Cut_Octo	12
1552	40213.jpg	L2_56	Cut_Octo	13
1553	40214.jpg	L2_56	Cut_Octo	14
1554	40215.jpg	L2_56	Cut_Octo	15
1555	40216.jpg	L2_56	Cut_Octo	16
1556	40217.jpg	L2_56	Cut_Octo	17
1557	40218.jpg	L2_56	Cut_Octo	18
1558	40219.jpg	L2_56	Cut_Octo	19
1559	40220.jpg	L2_56	Cut_Octo	20
1560	40221.jpg	L2_78	Cut_Octo	1
1561	40222.jpg	L2_78	Cut_Octo	2
1562	40223.jpg	L2_78	Cut_Octo	3
1563	40224.jpg	L2_78	Cut_Octo	4
1564	40225.jpg	L2_78	Cut_Octo	5
1565	40226.jpg	L2_78	Cut_Octo	6
1566	40227.jpg	L2_78	Cut_Octo	7
1567	40228.jpg	L2_78	Cut_Octo	8
1568	40229.jpg	L2_78	Cut_Octo	9
1569	40230.jpg	L2_78	Cut_Octo	10
1570	40231.jpg	L2_78	Cut_Octo	11
1571	40232.jpg	L2_78	Cut_Octo	12
1572	40233.jpg	L2_78	Cut_Octo	13
1573	40234.jpg	L2_78	Cut_Octo	14
1574	40235.jpg	L2_78	Cut_Octo	15
1575	40236.jpg	L2_78	Cut_Octo	16
1576	40237.jpg	L2_78	Cut_Octo	17
1577	40238.jpg	L2_78	Cut_Octo	18
1578	40239.jpg	L2_78	Cut_Octo	19
1579	40240.jpg	L2_78	Cut_Octo	20
1580	40241.jpg	L2_15	Cut_Octo	1
1581	40242.jpg	L2_15	Cut_Octo	2
1582	40243.jpg	L2_15	Cut_Octo	3
1583	40244.jpg	L2_15	Cut_Octo	4
1584	40245.jpg	L2_15	Cut_Octo	5
1585	40246.jpg	L2_15	Cut_Octo	6
1586	40247.jpg	L2_15	Cut_Octo	7
1587	40248.jpg	L2_15	Cut_Octo	8
1588	40249.jpg	L2_15	Cut_Octo	9
1589	40250.jpg	L2_15	Cut_Octo	10
1590	40251.jpg	L2_15	Cut_Octo	11
1591	40252.jpg	L2_15	Cut_Octo	12
1592	40253.jpg	L2_15	Cut_Octo	13
1593	40254.jpg	L2_15	Cut_Octo	14
1594	40255.jpg	L2_15	Cut_Octo	15
1595	40256.jpg	L2_15	Cut_Octo	16
1596	40257.jpg	L2_15	Cut_Octo	17
1597	40258.jpg	L2_15	Cut_Octo	18
1598	40259.jpg	L2_15	Cut_Octo	19
1599	40260.jpg	L2_15	Cut_Octo	20
1600	40261.jpg	L2_26	Cut_Octo	1
1601	40262.jpg	L2_26	Cut_Octo	2
1602	40263.jpg	L2_26	Cut_Octo	3
1603	40264.jpg	L2_26	Cut_Octo	4
1604	40265.jpg	L2_26	Cut_Octo	5
1605	40266.jpg	L2_26	Cut_Octo	6
1606	40267.jpg	L2_26	Cut_Octo	7
1607	40268.jpg	L2_26	Cut_Octo	8
1608	40269.jpg	L2_26	Cut_Octo	9
1609	40270.jpg	L2_26	Cut_Octo	10
1610	40271.jpg	L2_26	Cut_Octo	11
1611	40272.jpg	L2_26	Cut_Octo	12
1612	40273.jpg	L2_26	Cut_Octo	13
1613	40274.jpg	L2_26	Cut_Octo	14
1614	40275.jpg	L2_26	Cut_Octo	15
1615	40276.jpg	L2_26	Cut_Octo	16
1616	40277.jpg	L2_26	Cut_Octo	17
1617	40278.jpg	L2_26	Cut_Octo	18
1618	40279.jpg	L2_26	Cut_Octo	19
1619	40280.jpg	L2_26	Cut_Octo	20
1620	40281.jpg	L2_37	Cut_Octo	1
1621	40282.jpg	L2_37	Cut_Octo	2
1622	40283.jpg	L2_37	Cut_Octo	3
1623	40284.jpg	L2_37	Cut_Octo	4
1624	40285.jpg	L2_37	Cut_Octo	5
1625	40286.jpg	L2_37	Cut_Octo	6
1626	40287.jpg	L2_37	Cut_Octo	7
1627	40288.jpg	L2_37	Cut_Octo	8
1628	40289.jpg	L2_37	Cut_Octo	9
1629	40290.jpg	L2_37	Cut_Octo	10
1630	40291.jpg	L2_37	Cut_Octo	11
1631	40292.jpg	L2_37	Cut_Octo	12
1632	40293.jpg	L2_37	Cut_Octo	13
1633	40294.jpg	L2_37	Cut_Octo	14
1634	40295.jpg	L2_37	Cut_Octo	15
1635	40296.jpg	L2_37	Cut_Octo	16
1636	40297.jpg	L2_37	Cut_Octo	17
1637	40298.jpg	L2_37	Cut_Octo	18
1638	40299.jpg	L2_37	Cut_Octo	19
1639	40300.jpg	L2_37	Cut_Octo	20
1640	40301.jpg	L2_48	Cut_Octo	1
1641	40302.jpg	L2_48	Cut_Octo	2
1642	40303.jpg	L2_48	Cut_Octo	3
1643	40304.jpg	L2_48	Cut_Octo	4
1644	40305.jpg	L2_48	Cut_Octo	5
1645	40306.jpg	L2_48	Cut_Octo	6
1646	40307.jpg	L2_48	Cut_Octo	7
1647	40308.jpg	L2_48	Cut_Octo	8
1648	40309.jpg	L2_48	Cut_Octo	9
1649	40310.jpg	L2_48	Cut_Octo	10
1650	40311.jpg	L2_48	Cut_Octo	11
1651	40312.jpg	L2_48	Cut_Octo	12
1652	40313.jpg	L2_48	Cut_Octo	13
1653	40314.jpg	L2_48	Cut_Octo	14
1654	40315.jpg	L2_48	Cut_Octo	15
1655	40316.jpg	L2_48	Cut_Octo	16
1656	40317.jpg	L2_48	Cut_Octo	17
1657	40318.jpg	L2_48	Cut_Octo	18
1658	40319.jpg	L2_48	Cut_Octo	19
1659	40320.jpg	L2_48	Cut_Octo	20
1660	40321.jpg	L4_1357	Cut_Octo	1
1661	40322.jpg	L4_1357	Cut_Octo	2
1662	40323.jpg	L4_1357	Cut_Octo	3
1663	40324.jpg	L4_1357	Cut_Octo	4
1664	40325.jpg	L4_1357	Cut_Octo	5
1665	40326.jpg	L4_1357	Cut_Octo	6
1666	40327.jpg	L4_1357	Cut_Octo	7
1667	40328.jpg	L4_1357	Cut_Octo	8
1668	40329.jpg	L4_1357	Cut_Octo	9
1669	40330.jpg	L4_1357	Cut_Octo	10
1670	40331.jpg	L4_1357	Cut_Octo	11
1671	40332.jpg	L4_1357	Cut_Octo	12
1672	40333.jpg	L4_1357	Cut_Octo	13
1673	40334.jpg	L4_1357	Cut_Octo	14
1674	40335.jpg	L4_1357	Cut_Octo	15
1675	40336.jpg	L4_1357	Cut_Octo	16
1676	40337.jpg	L4_1357	Cut_Octo	17
1677	40338.jpg	L4_1357	Cut_Octo	18
1678	40339.jpg	L4_1357	Cut_Octo	19
1679	40340.jpg	L4_1357	Cut_Octo	20
1680	40341.jpg	L4_2468	Cut_Octo	1
1681	40342.jpg	L4_2468	Cut_Octo	2
1682	40343.jpg	L4_2468	Cut_Octo	3
1683	40344.jpg	L4_2468	Cut_Octo	4
1684	40345.jpg	L4_2468	Cut_Octo	5
1685	40346.jpg	L4_2468	Cut_Octo	6
1686	40347.jpg	L4_2468	Cut_Octo	7
1687	40348.jpg	L4_2468	Cut_Octo	8
1688	40349.jpg	L4_2468	Cut_Octo	9
1689	40350.jpg	L4_2468	Cut_Octo	10
1690	40351.jpg	L4_2468	Cut_Octo	11
1691	40352.jpg	L4_2468	Cut_Octo	12
1692	40353.jpg	L4_2468	Cut_Octo	13
1693	40354.jpg	L4_2468	Cut_Octo	14
1694	40355.jpg	L4_2468	Cut_Octo	15
1695	40356.jpg	L4_2468	Cut_Octo	16
1696	40357.jpg	L4_2468	Cut_Octo	17
1697	40358.jpg	L4_2468	Cut_Octo	18
1698	40359.jpg	L4_2468	Cut_Octo	19
1699	40360.jpg	L4_2468	Cut_Octo	20
1700	40361.jpg	L4_1234	Cut_Octo	1
1701	40362.jpg	L4_1234	Cut_Octo	2
1702	40363.jpg	L4_1234	Cut_Octo	3
1703	40364.jpg	L4_1234	Cut_Octo	4
1704	40365.jpg	L4_1234	Cut_Octo	5
1705	40366.jpg	L4_1234	Cut_Octo	6
1706	40367.jpg	L4_1234	Cut_Octo	7
1707	40368.jpg	L4_1234	Cut_Octo	8
1708	40369.jpg	L4_1234	Cut_Octo	9
1709	40370.jpg	L4_1234	Cut_Octo	10
1710	40371.jpg	L4_1234	Cut_Octo	11
1711	40372.jpg	L4_1234	Cut_Octo	12
1712	40373.jpg	L4_1234	Cut_Octo	13
1713	40374.jpg	L4_1234	Cut_Octo	14
1714	40375.jpg	L4_1234	Cut_Octo	15
1715	40376.jpg	L4_1234	Cut_Octo	16
1716	40377.jpg	L4_1234	Cut_Octo	17
1717	40378.jpg	L4_1234	Cut_Octo	18
1718	40379.jpg	L4_1234	Cut_Octo	19
1719	40380.jpg	L4_1234	Cut_Octo	20
1720	40381.jpg	L4_5678	Cut_Octo	1
1721	40382.jpg	L4_5678	Cut_Octo	2
1722	40383.jpg	L4_5678	Cut_Octo	3
1723	40384.jpg	L4_5678	Cut_Octo	4
1724	40385.jpg	L4_5678	Cut_Octo	5
1725	40386.jpg	L4_5678	Cut_Octo	6
1726	40387.jpg	L4_5678	Cut_Octo	7
1727	40388.jpg	L4_5678	Cut_Octo	8
1728	40389.jpg	L4_5678	Cut_Octo	9
1729	40390.jpg	L4_5678	Cut_Octo	10
1730	40391.jpg	L4_5678	Cut_Octo	11
1731	40392.jpg	L4_5678	Cut_Octo	12
1732	40393.jpg	L4_5678	Cut_Octo	13
1733	40394.jpg	L4_5678	Cut_Octo	14
1734	40395.jpg	L4_5678	Cut_Octo	15
1735	40396.jpg	L4_5678	Cut_Octo	16
1736	40397.jpg	L4_5678	Cut_Octo	17
1737	40398.jpg	L4_5678	Cut_Octo	18
1738	40399.jpg	L4_5678	Cut_Octo	19
1739	40400.jpg	L4_5678	Cut_Octo	20
1740	40401.jpg	L4_3456	Cut_Octo	1
1741	40402.jpg	L4_3456	Cut_Octo	2
1742	40403.jpg	L4_3456	Cut_Octo	3
1743	40404.jpg	L4_3456	Cut_Octo	4
1744	40405.jpg	L4_3456	Cut_Octo	5
1745	40406.jpg	L4_3456	Cut_Octo	6
1746	40407.jpg	L4_3456	Cut_Octo	7
1747	40408.jpg	L4_3456	Cut_Octo	8
1748	40409.jpg	L4_3456	Cut_Octo	9
1749	40410.jpg	L4_3456	Cut_Octo	10
1750	40411.jpg	L4_3456	Cut_Octo	11
1751	40412.jpg	L4_3456	Cut_Octo	12
1752	40413.jpg	L4_3456	Cut_Octo	13
1753	40414.jpg	L4_3456	Cut_Octo	14
1754	40415.jpg	L4_3456	Cut_Octo	15
1755	40416.jpg	L4_3456	Cut_Octo	16
1756	40417.jpg	L4_3456	Cut_Octo	17
1757	40418.jpg	L4_3456	Cut_Octo	18
1758	40419.jpg	L4_3456	Cut_Octo	19
1759	40420.jpg	L4_3456	Cut_Octo	20
1760	40421.jpg	L4_1278	Cut_Octo	1
1761	40422.jpg	L4_1278	Cut_Octo	2
1762	40423.jpg	L4_1278	Cut_Octo	3
1763	40424.jpg	L4_1278	Cut_Octo	4
1764	40425.jpg	L4_1278	Cut_Octo	5
1765	40426.jpg	L4_1278	Cut_Octo	6
1766	40427.jpg	L4_1278	Cut_Octo	7
1767	40428.jpg	L4_1278	Cut_Octo	8
1768	40429.jpg	L4_1278	Cut_Octo	9
1769	40430.jpg	L4_1278	Cut_Octo	10
1770	40431.jpg	L4_1278	Cut_Octo	11
1771	40432.jpg	L4_1278	Cut_Octo	12
1772	40433.jpg	L4_1278	Cut_Octo	13
1773	40434.jpg	L4_1278	Cut_Octo	14
1774	40435.jpg	L4_1278	Cut_Octo	15
1775	40436.jpg	L4_1278	Cut_Octo	16
1776	40437.jpg	L4_1278	Cut_Octo	17
1777	40438.jpg	L4_1278	Cut_Octo	18
1778	40439.jpg	L4_1278	Cut_Octo	19
1779	40440.jpg	L4_1278	Cut_Octo	20
1780	40441.jpg	L6_345678	Cut_Octo	1
1781	40442.jpg	L6_345678	Cut_Octo	2
1782	40443.jpg	L6_345678	Cut_Octo	3
1783	40444.jpg	L6_345678	Cut_Octo	4
1784	40445.jpg	L6_345678	Cut_Octo	5
1785	40446.jpg	L6_345678	Cut_Octo	6
1786	40447.jpg	L6_345678	Cut_Octo	7
1787	40448.jpg	L6_345678	Cut_Octo	8
1788	40449.jpg	L6_345678	Cut_Octo	9
1789	40450.jpg	L6_345678	Cut_Octo	10
1790	40451.jpg	L6_345678	Cut_Octo	11
1791	40452.jpg	L6_345678	Cut_Octo	12
1792	40453.jpg	L6_345678	Cut_Octo	13
1793	40454.jpg	L6_345678	Cut_Octo	14
1794	40455.jpg	L6_345678	Cut_Octo	15
1795	40456.jpg	L6_345678	Cut_Octo	16
1796	40457.jpg	L6_345678	Cut_Octo	17
1797	40458.jpg	L6_345678	Cut_Octo	18
1798	40459.jpg	L6_345678	Cut_Octo	19
1799	40460.jpg	L6_345678	Cut_Octo	20
1800	40461.jpg	L6_125678	Cut_Octo	1
1801	40462.jpg	L6_125678	Cut_Octo	2
1802	40463.jpg	L6_125678	Cut_Octo	3
1803	40464.jpg	L6_125678	Cut_Octo	4
1804	40465.jpg	L6_125678	Cut_Octo	5
1805	40466.jpg	L6_125678	Cut_Octo	6
1806	40467.jpg	L6_125678	Cut_Octo	7
1807	40468.jpg	L6_125678	Cut_Octo	8
1808	40469.jpg	L6_125678	Cut_Octo	9
1809	40470.jpg	L6_125678	Cut_Octo	10
1810	40471.jpg	L6_125678	Cut_Octo	11
1811	40472.jpg	L6_125678	Cut_Octo	12
1812	40473.jpg	L6_125678	Cut_Octo	13
1813	40474.jpg	L6_125678	Cut_Octo	14
1814	40475.jpg	L6_125678	Cut_Octo	15
1815	40476.jpg	L6_125678	Cut_Octo	16
1816	40477.jpg	L6_125678	Cut_Octo	17
1817	40478.jpg	L6_125678	Cut_Octo	18
1818	40479.jpg	L6_125678	Cut_Octo	19
1819	40480.jpg	L6_125678	Cut_Octo	20
1820	40481.jpg	L6_123478	Cut_Octo	1
1821	40482.jpg	L6_123478	Cut_Octo	2
1822	40483.jpg	L6_123478	Cut_Octo	3
1823	40484.jpg	L6_123478	Cut_Octo	4
1824	40485.jpg	L6_123478	Cut_Octo	5
1825	40486.jpg	L6_123478	Cut_Octo	6
1826	40487.jpg	L6_123478	Cut_Octo	7
1827	40488.jpg	L6_123478	Cut_Octo	8
1828	40489.jpg	L6_123478	Cut_Octo	9
1829	40490.jpg	L6_123478	Cut_Octo	10
1830	40491.jpg	L6_123478	Cut_Octo	11
1831	40492.jpg	L6_123478	Cut_Octo	12
1832	40493.jpg	L6_123478	Cut_Octo	13
1833	40494.jpg	L6_123478	Cut_Octo	14
1834	40495.jpg	L6_123478	Cut_Octo	15
1835	40496.jpg	L6_123478	Cut_Octo	16
1836	40497.jpg	L6_123478	Cut_Octo	17
1837	40498.jpg	L6_123478	Cut_Octo	18
1838	40499.jpg	L6_123478	Cut_Octo	19
1839	40500.jpg	L6_123478	Cut_Octo	20
1840	40501.jpg	L6_123456	Cut_Octo	1
1841	40502.jpg	L6_123456	Cut_Octo	2
1842	40503.jpg	L6_123456	Cut_Octo	3
1843	40504.jpg	L6_123456	Cut_Octo	4
1844	40505.jpg	L6_123456	Cut_Octo	5
1845	40506.jpg	L6_123456	Cut_Octo	6
1846	40507.jpg	L6_123456	Cut_Octo	7
1847	40508.jpg	L6_123456	Cut_Octo	8
1848	40509.jpg	L6_123456	Cut_Octo	9
1849	40510.jpg	L6_123456	Cut_Octo	10
1850	40511.jpg	L6_123456	Cut_Octo	11
1851	40512.jpg	L6_123456	Cut_Octo	12
1852	40513.jpg	L6_123456	Cut_Octo	13
1853	40514.jpg	L6_123456	Cut_Octo	14
1854	40515.jpg	L6_123456	Cut_Octo	15
1855	40516.jpg	L6_123456	Cut_Octo	16
1856	40517.jpg	L6_123456	Cut_Octo	17
1857	40518.jpg	L6_123456	Cut_Octo	18
1858	40519.jpg	L6_123456	Cut_Octo	19
1859	40520.jpg	L6_123456	Cut_Octo	20
1860	40521.jpg	L7_2345678	Cut_Octo	1
1861	40522.jpg	L7_2345678	Cut_Octo	2
1862	40523.jpg	L7_2345678	Cut_Octo	3
1863	40524.jpg	L7_2345678	Cut_Octo	4
1864	40525.jpg	L7_2345678	Cut_Octo	5
1865	40526.jpg	L7_2345678	Cut_Octo	6
1866	40527.jpg	L7_2345678	Cut_Octo	7
1867	40528.jpg	L7_2345678	Cut_Octo	8
1868	40529.jpg	L7_2345678	Cut_Octo	9
1869	40530.jpg	L7_2345678	Cut_Octo	10
1870	40531.jpg	L7_2345678	Cut_Octo	11
1871	40532.jpg	L7_2345678	Cut_Octo	12
1872	40533.jpg	L7_2345678	Cut_Octo	13
1873	40534.jpg	L7_2345678	Cut_Octo	14
1874	40535.jpg	L7_2345678	Cut_Octo	15
1875	40536.jpg	L7_2345678	Cut_Octo	16
1876	40537.jpg	L7_2345678	Cut_Octo	17
1877	40538.jpg	L7_2345678	Cut_Octo	18
1878	40539.jpg	L7_2345678	Cut_Octo	19
1879	40540.jpg	L7_2345678	Cut_Octo	20
1880	40541.jpg	L7_1345678	Cut_Octo	1
1881	40542.jpg	L7_1345678	Cut_Octo	2
1882	40543.jpg	L7_1345678	Cut_Octo	3
1883	40544.jpg	L7_1345678	Cut_Octo	4
1884	40545.jpg	L7_1345678	Cut_Octo	5
1885	40546.jpg	L7_1345678	Cut_Octo	6
1886	40547.jpg	L7_1345678	Cut_Octo	7
1887	40548.jpg	L7_1345678	Cut_Octo	8
1888	40549.jpg	L7_1345678	Cut_Octo	9
1889	40550.jpg	L7_1345678	Cut_Octo	10
1890	40551.jpg	L7_1345678	Cut_Octo	11
1891	40552.jpg	L7_1345678	Cut_Octo	12
1892	40553.jpg	L7_1345678	Cut_Octo	13
1893	40554.jpg	L7_1345678	Cut_Octo	14
1894	40555.jpg	L7_1345678	Cut_Octo	15
1895	40556.jpg	L7_1345678	Cut_Octo	16
1896	40557.jpg	L7_1345678	Cut_Octo	17
1897	40558.jpg	L7_1345678	Cut_Octo	18
1898	40559.jpg	L7_1345678	Cut_Octo	19
1899	40560.jpg	L7_1345678	Cut_Octo	20
1900	40561.jpg	L7_1245678	Cut_Octo	1
1901	40562.jpg	L7_1245678	Cut_Octo	2
1902	40563.jpg	L7_1245678	Cut_Octo	3
1903	40564.jpg	L7_1245678	Cut_Octo	4
1904	40565.jpg	L7_1245678	Cut_Octo	5
1905	40566.jpg	L7_1245678	Cut_Octo	6
1906	40567.jpg	L7_1245678	Cut_Octo	7
1907	40568.jpg	L7_1245678	Cut_Octo	8
1908	40569.jpg	L7_1245678	Cut_Octo	9
1909	40570.jpg	L7_1245678	Cut_Octo	10
1910	40571.jpg	L7_1245678	Cut_Octo	11
1911	40572.jpg	L7_1245678	Cut_Octo	12
1912	40573.jpg	L7_1245678	Cut_Octo	13
1913	40574.jpg	L7_1245678	Cut_Octo	14
1914	40575.jpg	L7_1245678	Cut_Octo	15
1915	40576.jpg	L7_1245678	Cut_Octo	16
1916	40577.jpg	L7_1245678	Cut_Octo	17
1917	40578.jpg	L7_1245678	Cut_Octo	18
1918	40579.jpg	L7_1245678	Cut_Octo	19
1919	40580.jpg	L7_1245678	Cut_Octo	20
1920	40581.jpg	L7_1235678	Cut_Octo	1
1921	40582.jpg	L7_1235678	Cut_Octo	2
1922	40583.jpg	L7_1235678	Cut_Octo	3
1923	40584.jpg	L7_1235678	Cut_Octo	4
1924	40585.jpg	L7_1235678	Cut_Octo	5
1925	40586.jpg	L7_1235678	Cut_Octo	6
1926	40587.jpg	L7_1235678	Cut_Octo	7
1927	40588.jpg	L7_1235678	Cut_Octo	8
1928	40589.jpg	L7_1235678	Cut_Octo	9
1929	40590.jpg	L7_1235678	Cut_Octo	10
1930	40591.jpg	L7_1235678	Cut_Octo	11
1931	40592.jpg	L7_1235678	Cut_Octo	12
1932	40593.jpg	L7_1235678	Cut_Octo	13
1933	40594.jpg	L7_1235678	Cut_Octo	14
1934	40595.jpg	L7_1235678	Cut_Octo	15
1935	40596.jpg	L7_1235678	Cut_Octo	16
1936	40597.jpg	L7_1235678	Cut_Octo	17
1937	40598.jpg	L7_1235678	Cut_Octo	18
1938	40599.jpg	L7_1235678	Cut_Octo	19
1939	40600.jpg	L7_1235678	Cut_Octo	20
1940	40601.jpg	L7_1234678	Cut_Octo	1
1941	40602.jpg	L7_1234678	Cut_Octo	2
1942	40603.jpg	L7_1234678	Cut_Octo	3
1943	40604.jpg	L7_1234678	Cut_Octo	4
1944	40605.jpg	L7_1234678	Cut_Octo	5
1945	40606.jpg	L7_1234678	Cut_Octo	6
1946	40607.jpg	L7_1234678	Cut_Octo	7
1947	40608.jpg	L7_1234678	Cut_Octo	8
1948	40609.jpg	L7_1234678	Cut_Octo	9
1949	40610.jpg	L7_1234678	Cut_Octo	10
1950	40611.jpg	L7_1234678	Cut_Octo	11
1951	40612.jpg	L7_1234678	Cut_Octo	12
1952	40613.jpg	L7_1234678	Cut_Octo	13
1953	40614.jpg	L7_1234678	Cut_Octo	14
1954	40615.jpg	L7_1234678	Cut_Octo	15
1955	40616.jpg	L7_1234678	Cut_Octo	16
1956	40617.jpg	L7_1234678	Cut_Octo	17
1957	40618.jpg	L7_1234678	Cut_Octo	18
1958	40619.jpg	L7_1234678	Cut_Octo	19
1959	40620.jpg	L7_1234678	Cut_Octo	20
1960	40621.jpg	L7_1234578	Cut_Octo	1
1961	40622.jpg	L7_1234578	Cut_Octo	2
1962	40623.jpg	L7_1234578	Cut_Octo	3
1963	40624.jpg	L7_1234578	Cut_Octo	4
1964	40625.jpg	L7_1234578	Cut_Octo	5
1965	40626.jpg	L7_1234578	Cut_Octo	6
1966	40627.jpg	L7_1234578	Cut_Octo	7
1967	40628.jpg	L7_1234578	Cut_Octo	8
1968	40629.jpg	L7_1234578	Cut_Octo	9
1969	40630.jpg	L7_1234578	Cut_Octo	10
1970	40631.jpg	L7_1234578	Cut_Octo	11
1971	40632.jpg	L7_1234578	Cut_Octo	12
1972	40633.jpg	L7_1234578	Cut_Octo	13
1973	40634.jpg	L7_1234578	Cut_Octo	14
1974	40635.jpg	L7_1234578	Cut_Octo	15
1975	40636.jpg	L7_1234578	Cut_Octo	16
1976	40637.jpg	L7_1234578	Cut_Octo	17
1977	40638.jpg	L7_1234578	Cut_Octo	18
1978	40639.jpg	L7_1234578	Cut_Octo	19
1979	40640.jpg	L7_1234578	Cut_Octo	20
1980	40641.jpg	L7_1234568	Cut_Octo	1
1981	40642.jpg	L7_1234568	Cut_Octo	2
1982	40643.jpg	L7_1234568	Cut_Octo	3
1983	40644.jpg	L7_1234568	Cut_Octo	4
1984	40645.jpg	L7_1234568	Cut_Octo	5
1985	40646.jpg	L7_1234568	Cut_Octo	6
1986	40647.jpg	L7_1234568	Cut_Octo	7
1987	40648.jpg	L7_1234568	Cut_Octo	8
1988	40649.jpg	L7_1234568	Cut_Octo	9
1989	40650.jpg	L7_1234568	Cut_Octo	10
1990	40651.jpg	L7_1234568	Cut_Octo	11
1991	40652.jpg	L7_1234568	Cut_Octo	12
1992	40653.jpg	L7_1234568	Cut_Octo	13
1993	40654.jpg	L7_1234568	Cut_Octo	14
1994	40655.jpg	L7_1234568	Cut_Octo	15
1995	40656.jpg	L7_1234568	Cut_Octo	16
1996	40657.jpg	L7_1234568	Cut_Octo	17
1997	40658.jpg	L7_1234568	Cut_Octo	18
1998	40659.jpg	L7_1234568	Cut_Octo	19
1999	40660.jpg	L7_1234568	Cut_Octo	20
2000	40661.jpg	L7_1234567	Cut_Octo	1
2001	40662.jpg	L7_1234567	Cut_Octo	2
2002	40663.jpg	L7_1234567	Cut_Octo	3
2003	40664.jpg	L7_1234567	Cut_Octo	4
2004	40665.jpg	L7_1234567	Cut_Octo	5
2005	40666.jpg	L7_1234567	Cut_Octo	6
2006	40667.jpg	L7_1234567	Cut_Octo	7
2007	40668.jpg	L7_1234567	Cut_Octo	8
2008	40669.jpg	L7_1234567	Cut_Octo	9
2009	40670.jpg	L7_1234567	Cut_Octo	10
2010	40671.jpg	L7_1234567	Cut_Octo	11
2011	40672.jpg	L7_1234567	Cut_Octo	12
2012	40673.jpg	L7_1234567	Cut_Octo	13
2013	40674.jpg	L7_1234567	Cut_Octo	14
2014	40675.jpg	L7_1234567	Cut_Octo	15
2015	40676.jpg	L7_1234567	Cut_Octo	16
2016	40677.jpg	L7_1234567	Cut_Octo	17
2017	40678.jpg	L7_1234567	Cut_Octo	18
2018	40679.jpg	L7_1234567	Cut_Octo	19
2019	40680.jpg	L7_1234567	Cut_Octo	20
2020	50001.jpg	L1_1	Cut_Ninegrid	1
2021	50002.jpg	L1_1	Cut_Ninegrid	2
2022	50003.jpg	L1_1	Cut_Ninegrid	3
2023	50004.jpg	L1_1	Cut_Ninegrid	4
2024	50005.jpg	L1_1	Cut_Ninegrid	5
2025	50006.jpg	L1_1	Cut_Ninegrid	6
2026	50007.jpg	L1_1	Cut_Ninegrid	7
2027	50008.jpg	L1_1	Cut_Ninegrid	8
2028	50009.jpg	L1_1	Cut_Ninegrid	9
2029	50010.jpg	L1_1	Cut_Ninegrid	10
2030	50011.jpg	L1_1	Cut_Ninegrid	11
2031	50012.jpg	L1_1	Cut_Ninegrid	12
2032	50013.jpg	L1_1	Cut_Ninegrid	13
2033	50014.jpg	L1_1	Cut_Ninegrid	14
2034	50015.jpg	L1_1	Cut_Ninegrid	15
2035	50016.jpg	L1_1	Cut_Ninegrid	16
2036	50017.jpg	L1_1	Cut_Ninegrid	17
2037	50018.jpg	L1_1	Cut_Ninegrid	18
2038	50019.jpg	L1_1	Cut_Ninegrid	19
2039	50020.jpg	L1_1	Cut_Ninegrid	20
2040	50021.jpg	L1_2	Cut_Ninegrid	1
2041	50022.jpg	L1_2	Cut_Ninegrid	2
2042	50023.jpg	L1_2	Cut_Ninegrid	3
2043	50024.jpg	L1_2	Cut_Ninegrid	4
2044	50025.jpg	L1_2	Cut_Ninegrid	5
2045	50026.jpg	L1_2	Cut_Ninegrid	6
2046	50027.jpg	L1_2	Cut_Ninegrid	7
2047	50028.jpg	L1_2	Cut_Ninegrid	8
2048	50029.jpg	L1_2	Cut_Ninegrid	9
2049	50030.jpg	L1_2	Cut_Ninegrid	10
2050	50031.jpg	L1_2	Cut_Ninegrid	11
2051	50032.jpg	L1_2	Cut_Ninegrid	12
2052	50033.jpg	L1_2	Cut_Ninegrid	13
2053	50034.jpg	L1_2	Cut_Ninegrid	14
2054	50035.jpg	L1_2	Cut_Ninegrid	15
2055	50036.jpg	L1_2	Cut_Ninegrid	16
2056	50037.jpg	L1_2	Cut_Ninegrid	17
2057	50038.jpg	L1_2	Cut_Ninegrid	18
2058	50039.jpg	L1_2	Cut_Ninegrid	19
2059	50040.jpg	L1_2	Cut_Ninegrid	20
2060	50041.jpg	L1_3	Cut_Ninegrid	1
2061	50042.jpg	L1_3	Cut_Ninegrid	2
2062	50043.jpg	L1_3	Cut_Ninegrid	3
2063	50044.jpg	L1_3	Cut_Ninegrid	4
2064	50045.jpg	L1_3	Cut_Ninegrid	5
2065	50046.jpg	L1_3	Cut_Ninegrid	6
2066	50047.jpg	L1_3	Cut_Ninegrid	7
2067	50048.jpg	L1_3	Cut_Ninegrid	8
2068	50049.jpg	L1_3	Cut_Ninegrid	9
2069	50050.jpg	L1_3	Cut_Ninegrid	10
2070	50051.jpg	L1_3	Cut_Ninegrid	11
2071	50052.jpg	L1_3	Cut_Ninegrid	12
2072	50053.jpg	L1_3	Cut_Ninegrid	13
2073	50054.jpg	L1_3	Cut_Ninegrid	14
2074	50055.jpg	L1_3	Cut_Ninegrid	15
2075	50056.jpg	L1_3	Cut_Ninegrid	16
2076	50057.jpg	L1_3	Cut_Ninegrid	17
2077	50058.jpg	L1_3	Cut_Ninegrid	18
2078	50059.jpg	L1_3	Cut_Ninegrid	19
2079	50060.jpg	L1_3	Cut_Ninegrid	20
2080	50061.jpg	L1_4	Cut_Ninegrid	1
2081	50062.jpg	L1_4	Cut_Ninegrid	2
2082	50063.jpg	L1_4	Cut_Ninegrid	3
2083	50064.jpg	L1_4	Cut_Ninegrid	4
2084	50065.jpg	L1_4	Cut_Ninegrid	5
2085	50066.jpg	L1_4	Cut_Ninegrid	6
2086	50067.jpg	L1_4	Cut_Ninegrid	7
2087	50068.jpg	L1_4	Cut_Ninegrid	8
2088	50069.jpg	L1_4	Cut_Ninegrid	9
2089	50070.jpg	L1_4	Cut_Ninegrid	10
2090	50071.jpg	L1_4	Cut_Ninegrid	11
2091	50072.jpg	L1_4	Cut_Ninegrid	12
2092	50073.jpg	L1_4	Cut_Ninegrid	13
2093	50074.jpg	L1_4	Cut_Ninegrid	14
2094	50075.jpg	L1_4	Cut_Ninegrid	15
2095	50076.jpg	L1_4	Cut_Ninegrid	16
2096	50077.jpg	L1_4	Cut_Ninegrid	17
2097	50078.jpg	L1_4	Cut_Ninegrid	18
2098	50079.jpg	L1_4	Cut_Ninegrid	19
2099	50080.jpg	L1_4	Cut_Ninegrid	20
2100	50081.jpg	L1_5	Cut_Ninegrid	1
2101	50082.jpg	L1_5	Cut_Ninegrid	2
2102	50083.jpg	L1_5	Cut_Ninegrid	3
2103	50084.jpg	L1_5	Cut_Ninegrid	4
2104	50085.jpg	L1_5	Cut_Ninegrid	5
2105	50086.jpg	L1_5	Cut_Ninegrid	6
2106	50087.jpg	L1_5	Cut_Ninegrid	7
2107	50088.jpg	L1_5	Cut_Ninegrid	8
2108	50089.jpg	L1_5	Cut_Ninegrid	9
2109	50090.jpg	L1_5	Cut_Ninegrid	10
2110	50091.jpg	L1_5	Cut_Ninegrid	11
2111	50092.jpg	L1_5	Cut_Ninegrid	12
2112	50093.jpg	L1_5	Cut_Ninegrid	13
2113	50094.jpg	L1_5	Cut_Ninegrid	14
2114	50095.jpg	L1_5	Cut_Ninegrid	15
2115	50096.jpg	L1_5	Cut_Ninegrid	16
2116	50097.jpg	L1_5	Cut_Ninegrid	17
2117	50098.jpg	L1_5	Cut_Ninegrid	18
2118	50099.jpg	L1_5	Cut_Ninegrid	19
2119	50100.jpg	L1_5	Cut_Ninegrid	20
2120	50101.jpg	L1_6	Cut_Ninegrid	1
2121	50102.jpg	L1_6	Cut_Ninegrid	2
2122	50103.jpg	L1_6	Cut_Ninegrid	3
2123	50104.jpg	L1_6	Cut_Ninegrid	4
2124	50105.jpg	L1_6	Cut_Ninegrid	5
2125	50106.jpg	L1_6	Cut_Ninegrid	6
2126	50107.jpg	L1_6	Cut_Ninegrid	7
2127	50108.jpg	L1_6	Cut_Ninegrid	8
2128	50109.jpg	L1_6	Cut_Ninegrid	9
2129	50110.jpg	L1_6	Cut_Ninegrid	10
2130	50111.jpg	L1_6	Cut_Ninegrid	11
2131	50112.jpg	L1_6	Cut_Ninegrid	12
2132	50113.jpg	L1_6	Cut_Ninegrid	13
2133	50114.jpg	L1_6	Cut_Ninegrid	14
2134	50115.jpg	L1_6	Cut_Ninegrid	15
2135	50116.jpg	L1_6	Cut_Ninegrid	16
2136	50117.jpg	L1_6	Cut_Ninegrid	17
2137	50118.jpg	L1_6	Cut_Ninegrid	18
2138	50119.jpg	L1_6	Cut_Ninegrid	19
2139	50120.jpg	L1_6	Cut_Ninegrid	20
2140	50121.jpg	L1_7	Cut_Ninegrid	1
2141	50122.jpg	L1_7	Cut_Ninegrid	2
2142	50123.jpg	L1_7	Cut_Ninegrid	3
2143	50124.jpg	L1_7	Cut_Ninegrid	4
2144	50125.jpg	L1_7	Cut_Ninegrid	5
2145	50126.jpg	L1_7	Cut_Ninegrid	6
2146	50127.jpg	L1_7	Cut_Ninegrid	7
2147	50128.jpg	L1_7	Cut_Ninegrid	8
2148	50129.jpg	L1_7	Cut_Ninegrid	9
2149	50130.jpg	L1_7	Cut_Ninegrid	10
2150	50131.jpg	L1_7	Cut_Ninegrid	11
2151	50132.jpg	L1_7	Cut_Ninegrid	12
2152	50133.jpg	L1_7	Cut_Ninegrid	13
2153	50134.jpg	L1_7	Cut_Ninegrid	14
2154	50135.jpg	L1_7	Cut_Ninegrid	15
2155	50136.jpg	L1_7	Cut_Ninegrid	16
2156	50137.jpg	L1_7	Cut_Ninegrid	17
2157	50138.jpg	L1_7	Cut_Ninegrid	18
2158	50139.jpg	L1_7	Cut_Ninegrid	19
2159	50140.jpg	L1_7	Cut_Ninegrid	20
2160	50141.jpg	L1_8	Cut_Ninegrid	1
2161	50142.jpg	L1_8	Cut_Ninegrid	2
2162	50143.jpg	L1_8	Cut_Ninegrid	3
2163	50144.jpg	L1_8	Cut_Ninegrid	4
2164	50145.jpg	L1_8	Cut_Ninegrid	5
2165	50146.jpg	L1_8	Cut_Ninegrid	6
2166	50147.jpg	L1_8	Cut_Ninegrid	7
2167	50148.jpg	L1_8	Cut_Ninegrid	8
2168	50149.jpg	L1_8	Cut_Ninegrid	9
2169	50150.jpg	L1_8	Cut_Ninegrid	10
2170	50151.jpg	L1_8	Cut_Ninegrid	11
2171	50152.jpg	L1_8	Cut_Ninegrid	12
2172	50153.jpg	L1_8	Cut_Ninegrid	13
2173	50154.jpg	L1_8	Cut_Ninegrid	14
2174	50155.jpg	L1_8	Cut_Ninegrid	15
2175	50156.jpg	L1_8	Cut_Ninegrid	16
2176	50157.jpg	L1_8	Cut_Ninegrid	17
2177	50158.jpg	L1_8	Cut_Ninegrid	18
2178	50159.jpg	L1_8	Cut_Ninegrid	19
2179	50160.jpg	L1_8	Cut_Ninegrid	20
2180	50161.jpg	L1_9	Cut_Ninegrid	1
2181	50162.jpg	L1_9	Cut_Ninegrid	2
2182	50163.jpg	L1_9	Cut_Ninegrid	3
2183	50164.jpg	L1_9	Cut_Ninegrid	4
2184	50165.jpg	L1_9	Cut_Ninegrid	5
2185	50166.jpg	L1_9	Cut_Ninegrid	6
2186	50167.jpg	L1_9	Cut_Ninegrid	7
2187	50168.jpg	L1_9	Cut_Ninegrid	8
2188	50169.jpg	L1_9	Cut_Ninegrid	9
2189	50170.jpg	L1_9	Cut_Ninegrid	10
2190	50171.jpg	L1_9	Cut_Ninegrid	11
2191	50172.jpg	L1_9	Cut_Ninegrid	12
2192	50173.jpg	L1_9	Cut_Ninegrid	13
2193	50174.jpg	L1_9	Cut_Ninegrid	14
2194	50175.jpg	L1_9	Cut_Ninegrid	15
2195	50176.jpg	L1_9	Cut_Ninegrid	16
2196	50177.jpg	L1_9	Cut_Ninegrid	17
2197	50178.jpg	L1_9	Cut_Ninegrid	18
2198	50179.jpg	L1_9	Cut_Ninegrid	19
2199	50180.jpg	L1_9	Cut_Ninegrid	20
2200	50181.jpg	L3_123	Cut_Ninegrid	1
2201	50182.jpg	L3_123	Cut_Ninegrid	2
2202	50183.jpg	L3_123	Cut_Ninegrid	3
2203	50184.jpg	L3_123	Cut_Ninegrid	4
2204	50185.jpg	L3_123	Cut_Ninegrid	5
2205	50186.jpg	L3_123	Cut_Ninegrid	6
2206	50187.jpg	L3_123	Cut_Ninegrid	7
2207	50188.jpg	L3_123	Cut_Ninegrid	8
2208	50189.jpg	L3_123	Cut_Ninegrid	9
2209	50190.jpg	L3_123	Cut_Ninegrid	10
2210	50191.jpg	L3_123	Cut_Ninegrid	11
2211	50192.jpg	L3_123	Cut_Ninegrid	12
2212	50193.jpg	L3_123	Cut_Ninegrid	13
2213	50194.jpg	L3_123	Cut_Ninegrid	14
2214	50195.jpg	L3_123	Cut_Ninegrid	15
2215	50196.jpg	L3_123	Cut_Ninegrid	16
2216	50197.jpg	L3_123	Cut_Ninegrid	17
2217	50198.jpg	L3_123	Cut_Ninegrid	18
2218	50199.jpg	L3_123	Cut_Ninegrid	19
2219	50200.jpg	L3_123	Cut_Ninegrid	20
2220	50201.jpg	L3_456	Cut_Ninegrid	1
2221	50202.jpg	L3_456	Cut_Ninegrid	2
2222	50203.jpg	L3_456	Cut_Ninegrid	3
2223	50204.jpg	L3_456	Cut_Ninegrid	4
2224	50205.jpg	L3_456	Cut_Ninegrid	5
2225	50206.jpg	L3_456	Cut_Ninegrid	6
2226	50207.jpg	L3_456	Cut_Ninegrid	7
2227	50208.jpg	L3_456	Cut_Ninegrid	8
2228	50209.jpg	L3_456	Cut_Ninegrid	9
2229	50210.jpg	L3_456	Cut_Ninegrid	10
2230	50211.jpg	L3_456	Cut_Ninegrid	11
2231	50212.jpg	L3_456	Cut_Ninegrid	12
2232	50213.jpg	L3_456	Cut_Ninegrid	13
2233	50214.jpg	L3_456	Cut_Ninegrid	14
2234	50215.jpg	L3_456	Cut_Ninegrid	15
2235	50216.jpg	L3_456	Cut_Ninegrid	16
2236	50217.jpg	L3_456	Cut_Ninegrid	17
2237	50218.jpg	L3_456	Cut_Ninegrid	18
2238	50219.jpg	L3_456	Cut_Ninegrid	19
2239	50220.jpg	L3_456	Cut_Ninegrid	20
2240	50221.jpg	L3_789	Cut_Ninegrid	1
2241	50222.jpg	L3_789	Cut_Ninegrid	2
2242	50223.jpg	L3_789	Cut_Ninegrid	3
2243	50224.jpg	L3_789	Cut_Ninegrid	4
2244	50225.jpg	L3_789	Cut_Ninegrid	5
2245	50226.jpg	L3_789	Cut_Ninegrid	6
2246	50227.jpg	L3_789	Cut_Ninegrid	7
2247	50228.jpg	L3_789	Cut_Ninegrid	8
2248	50229.jpg	L3_789	Cut_Ninegrid	9
2249	50230.jpg	L3_789	Cut_Ninegrid	10
2250	50231.jpg	L3_789	Cut_Ninegrid	11
2251	50232.jpg	L3_789	Cut_Ninegrid	12
2252	50233.jpg	L3_789	Cut_Ninegrid	13
2253	50234.jpg	L3_789	Cut_Ninegrid	14
2254	50235.jpg	L3_789	Cut_Ninegrid	15
2255	50236.jpg	L3_789	Cut_Ninegrid	16
2256	50237.jpg	L3_789	Cut_Ninegrid	17
2257	50238.jpg	L3_789	Cut_Ninegrid	18
2258	50239.jpg	L3_789	Cut_Ninegrid	19
2259	50240.jpg	L3_789	Cut_Ninegrid	20
2260	50241.jpg	L3_147	Cut_Ninegrid	1
2261	50242.jpg	L3_147	Cut_Ninegrid	2
2262	50243.jpg	L3_147	Cut_Ninegrid	3
2263	50244.jpg	L3_147	Cut_Ninegrid	4
2264	50245.jpg	L3_147	Cut_Ninegrid	5
2265	50246.jpg	L3_147	Cut_Ninegrid	6
2266	50247.jpg	L3_147	Cut_Ninegrid	7
2267	50248.jpg	L3_147	Cut_Ninegrid	8
2268	50249.jpg	L3_147	Cut_Ninegrid	9
2269	50250.jpg	L3_147	Cut_Ninegrid	10
2270	50251.jpg	L3_147	Cut_Ninegrid	11
2271	50252.jpg	L3_147	Cut_Ninegrid	12
2272	50253.jpg	L3_147	Cut_Ninegrid	13
2273	50254.jpg	L3_147	Cut_Ninegrid	14
2274	50255.jpg	L3_147	Cut_Ninegrid	15
2275	50256.jpg	L3_147	Cut_Ninegrid	16
2276	50257.jpg	L3_147	Cut_Ninegrid	17
2277	50258.jpg	L3_147	Cut_Ninegrid	18
2278	50259.jpg	L3_147	Cut_Ninegrid	19
2279	50260.jpg	L3_147	Cut_Ninegrid	20
2280	50261.jpg	L3_258	Cut_Ninegrid	1
2281	50262.jpg	L3_258	Cut_Ninegrid	2
2282	50263.jpg	L3_258	Cut_Ninegrid	3
2283	50264.jpg	L3_258	Cut_Ninegrid	4
2284	50265.jpg	L3_258	Cut_Ninegrid	5
2285	50266.jpg	L3_258	Cut_Ninegrid	6
2286	50267.jpg	L3_258	Cut_Ninegrid	7
2287	50268.jpg	L3_258	Cut_Ninegrid	8
2288	50269.jpg	L3_258	Cut_Ninegrid	9
2289	50270.jpg	L3_258	Cut_Ninegrid	10
2290	50271.jpg	L3_258	Cut_Ninegrid	11
2291	50272.jpg	L3_258	Cut_Ninegrid	12
2292	50273.jpg	L3_258	Cut_Ninegrid	13
2293	50274.jpg	L3_258	Cut_Ninegrid	14
2294	50275.jpg	L3_258	Cut_Ninegrid	15
2295	50276.jpg	L3_258	Cut_Ninegrid	16
2296	50277.jpg	L3_258	Cut_Ninegrid	17
2297	50278.jpg	L3_258	Cut_Ninegrid	18
2298	50279.jpg	L3_258	Cut_Ninegrid	19
2299	50280.jpg	L3_258	Cut_Ninegrid	20
2300	50281.jpg	L3_369	Cut_Ninegrid	1
2301	50282.jpg	L3_369	Cut_Ninegrid	2
2302	50283.jpg	L3_369	Cut_Ninegrid	3
2303	50284.jpg	L3_369	Cut_Ninegrid	4
2304	50285.jpg	L3_369	Cut_Ninegrid	5
2305	50286.jpg	L3_369	Cut_Ninegrid	6
2306	50287.jpg	L3_369	Cut_Ninegrid	7
2307	50288.jpg	L3_369	Cut_Ninegrid	8
2308	50289.jpg	L3_369	Cut_Ninegrid	9
2309	50290.jpg	L3_369	Cut_Ninegrid	10
2310	50291.jpg	L3_369	Cut_Ninegrid	11
2311	50292.jpg	L3_369	Cut_Ninegrid	12
2312	50293.jpg	L3_369	Cut_Ninegrid	13
2313	50294.jpg	L3_369	Cut_Ninegrid	14
2314	50295.jpg	L3_369	Cut_Ninegrid	15
2315	50296.jpg	L3_369	Cut_Ninegrid	16
2316	50297.jpg	L3_369	Cut_Ninegrid	17
2317	50298.jpg	L3_369	Cut_Ninegrid	18
2318	50299.jpg	L3_369	Cut_Ninegrid	19
2319	50300.jpg	L3_369	Cut_Ninegrid	20
2320	50301.jpg	L3_159	Cut_Ninegrid	1
2321	50302.jpg	L3_159	Cut_Ninegrid	2
2322	50303.jpg	L3_159	Cut_Ninegrid	3
2323	50304.jpg	L3_159	Cut_Ninegrid	4
2324	50305.jpg	L3_159	Cut_Ninegrid	5
2325	50306.jpg	L3_159	Cut_Ninegrid	6
2326	50307.jpg	L3_159	Cut_Ninegrid	7
2327	50308.jpg	L3_159	Cut_Ninegrid	8
2328	50309.jpg	L3_159	Cut_Ninegrid	9
2329	50310.jpg	L3_159	Cut_Ninegrid	10
2330	50311.jpg	L3_159	Cut_Ninegrid	11
2331	50312.jpg	L3_159	Cut_Ninegrid	12
2332	50313.jpg	L3_159	Cut_Ninegrid	13
2333	50314.jpg	L3_159	Cut_Ninegrid	14
2334	50315.jpg	L3_159	Cut_Ninegrid	15
2335	50316.jpg	L3_159	Cut_Ninegrid	16
2336	50317.jpg	L3_159	Cut_Ninegrid	17
2337	50318.jpg	L3_159	Cut_Ninegrid	18
2338	50319.jpg	L3_159	Cut_Ninegrid	19
2339	50320.jpg	L3_159	Cut_Ninegrid	20
2340	50321.jpg	L3_357	Cut_Ninegrid	1
2341	50322.jpg	L3_357	Cut_Ninegrid	2
2342	50323.jpg	L3_357	Cut_Ninegrid	3
2343	50324.jpg	L3_357	Cut_Ninegrid	4
2344	50325.jpg	L3_357	Cut_Ninegrid	5
2345	50326.jpg	L3_357	Cut_Ninegrid	6
2346	50327.jpg	L3_357	Cut_Ninegrid	7
2347	50328.jpg	L3_357	Cut_Ninegrid	8
2348	50329.jpg	L3_357	Cut_Ninegrid	9
2349	50330.jpg	L3_357	Cut_Ninegrid	10
2350	50331.jpg	L3_357	Cut_Ninegrid	11
2351	50332.jpg	L3_357	Cut_Ninegrid	12
2352	50333.jpg	L3_357	Cut_Ninegrid	13
2353	50334.jpg	L3_357	Cut_Ninegrid	14
2354	50335.jpg	L3_357	Cut_Ninegrid	15
2355	50336.jpg	L3_357	Cut_Ninegrid	16
2356	50337.jpg	L3_357	Cut_Ninegrid	17
2357	50338.jpg	L3_357	Cut_Ninegrid	18
2358	50339.jpg	L3_357	Cut_Ninegrid	19
2359	50340.jpg	L3_357	Cut_Ninegrid	20
2360	50341.jpg	L4_1359	Cut_Ninegrid	1
2361	50342.jpg	L4_1359	Cut_Ninegrid	2
2362	50343.jpg	L4_1359	Cut_Ninegrid	3
2363	50344.jpg	L4_1359	Cut_Ninegrid	4
2364	50345.jpg	L4_1359	Cut_Ninegrid	5
2365	50346.jpg	L4_1359	Cut_Ninegrid	6
2366	50347.jpg	L4_1359	Cut_Ninegrid	7
2367	50348.jpg	L4_1359	Cut_Ninegrid	8
2368	50349.jpg	L4_1359	Cut_Ninegrid	9
2369	50350.jpg	L4_1359	Cut_Ninegrid	10
2370	50351.jpg	L4_1359	Cut_Ninegrid	11
2371	50352.jpg	L4_1359	Cut_Ninegrid	12
2372	50353.jpg	L4_1359	Cut_Ninegrid	13
2373	50354.jpg	L4_1359	Cut_Ninegrid	14
2374	50355.jpg	L4_1359	Cut_Ninegrid	15
2375	50356.jpg	L4_1359	Cut_Ninegrid	16
2376	50357.jpg	L4_1359	Cut_Ninegrid	17
2377	50358.jpg	L4_1359	Cut_Ninegrid	18
2378	50359.jpg	L4_1359	Cut_Ninegrid	19
2379	50360.jpg	L4_1359	Cut_Ninegrid	20
2380	50361.jpg	L4_2468	Cut_Ninegrid	1
2381	50362.jpg	L4_2468	Cut_Ninegrid	2
2382	50363.jpg	L4_2468	Cut_Ninegrid	3
2383	50364.jpg	L4_2468	Cut_Ninegrid	4
2384	50365.jpg	L4_2468	Cut_Ninegrid	5
2385	50366.jpg	L4_2468	Cut_Ninegrid	6
2386	50367.jpg	L4_2468	Cut_Ninegrid	7
2387	50368.jpg	L4_2468	Cut_Ninegrid	8
2388	50369.jpg	L4_2468	Cut_Ninegrid	9
2389	50370.jpg	L4_2468	Cut_Ninegrid	10
2390	50371.jpg	L4_2468	Cut_Ninegrid	11
2391	50372.jpg	L4_2468	Cut_Ninegrid	12
2392	50373.jpg	L4_2468	Cut_Ninegrid	13
2393	50374.jpg	L4_2468	Cut_Ninegrid	14
2394	50375.jpg	L4_2468	Cut_Ninegrid	15
2395	50376.jpg	L4_2468	Cut_Ninegrid	16
2396	50377.jpg	L4_2468	Cut_Ninegrid	17
2397	50378.jpg	L4_2468	Cut_Ninegrid	18
2398	50379.jpg	L4_2468	Cut_Ninegrid	19
2399	50380.jpg	L4_2468	Cut_Ninegrid	20
2400	50381.jpg	L5_24568	Cut_Ninegrid	1
2401	50382.jpg	L5_24568	Cut_Ninegrid	2
2402	50383.jpg	L5_24568	Cut_Ninegrid	3
2403	50384.jpg	L5_24568	Cut_Ninegrid	4
2404	50385.jpg	L5_24568	Cut_Ninegrid	5
2405	50386.jpg	L5_24568	Cut_Ninegrid	6
2406	50387.jpg	L5_24568	Cut_Ninegrid	7
2407	50388.jpg	L5_24568	Cut_Ninegrid	8
2408	50389.jpg	L5_24568	Cut_Ninegrid	9
2409	50390.jpg	L5_24568	Cut_Ninegrid	10
2410	50391.jpg	L5_24568	Cut_Ninegrid	11
2411	50392.jpg	L5_24568	Cut_Ninegrid	12
2412	50393.jpg	L5_24568	Cut_Ninegrid	13
2413	50394.jpg	L5_24568	Cut_Ninegrid	14
2414	50395.jpg	L5_24568	Cut_Ninegrid	15
2415	50396.jpg	L5_24568	Cut_Ninegrid	16
2416	50397.jpg	L5_24568	Cut_Ninegrid	17
2417	50398.jpg	L5_24568	Cut_Ninegrid	18
2418	50399.jpg	L5_24568	Cut_Ninegrid	19
2419	50400.jpg	L5_24568	Cut_Ninegrid	20
2420	50401.jpg	L5_13579	Cut_Ninegrid	1
2421	50402.jpg	L5_13579	Cut_Ninegrid	2
2422	50403.jpg	L5_13579	Cut_Ninegrid	3
2423	50404.jpg	L5_13579	Cut_Ninegrid	4
2424	50405.jpg	L5_13579	Cut_Ninegrid	5
2425	50406.jpg	L5_13579	Cut_Ninegrid	6
2426	50407.jpg	L5_13579	Cut_Ninegrid	7
2427	50408.jpg	L5_13579	Cut_Ninegrid	8
2428	50409.jpg	L5_13579	Cut_Ninegrid	9
2429	50410.jpg	L5_13579	Cut_Ninegrid	10
2430	50411.jpg	L5_13579	Cut_Ninegrid	11
2431	50412.jpg	L5_13579	Cut_Ninegrid	12
2432	50413.jpg	L5_13579	Cut_Ninegrid	13
2433	50414.jpg	L5_13579	Cut_Ninegrid	14
2434	50415.jpg	L5_13579	Cut_Ninegrid	15
2435	50416.jpg	L5_13579	Cut_Ninegrid	16
2436	50417.jpg	L5_13579	Cut_Ninegrid	17
2437	50418.jpg	L5_13579	Cut_Ninegrid	18
2438	50419.jpg	L5_13579	Cut_Ninegrid	19
2439	50420.jpg	L5_13579	Cut_Ninegrid	20
2440	50421.jpg	L6_123456	Cut_Ninegrid	1
2441	50422.jpg	L6_123456	Cut_Ninegrid	2
2442	50423.jpg	L6_123456	Cut_Ninegrid	3
2443	50424.jpg	L6_123456	Cut_Ninegrid	4
2444	50425.jpg	L6_123456	Cut_Ninegrid	5
2445	50426.jpg	L6_123456	Cut_Ninegrid	6
2446	50427.jpg	L6_123456	Cut_Ninegrid	7
2447	50428.jpg	L6_123456	Cut_Ninegrid	8
2448	50429.jpg	L6_123456	Cut_Ninegrid	9
2449	50430.jpg	L6_123456	Cut_Ninegrid	10
2450	50431.jpg	L6_123456	Cut_Ninegrid	11
2451	50432.jpg	L6_123456	Cut_Ninegrid	12
2452	50433.jpg	L6_123456	Cut_Ninegrid	13
2453	50434.jpg	L6_123456	Cut_Ninegrid	14
2454	50435.jpg	L6_123456	Cut_Ninegrid	15
2455	50436.jpg	L6_123456	Cut_Ninegrid	16
2456	50437.jpg	L6_123456	Cut_Ninegrid	17
2457	50438.jpg	L6_123456	Cut_Ninegrid	18
2458	50439.jpg	L6_123456	Cut_Ninegrid	19
2459	50440.jpg	L6_123456	Cut_Ninegrid	20
2460	50441.jpg	L6_123789	Cut_Ninegrid	1
2461	50442.jpg	L6_123789	Cut_Ninegrid	2
2462	50443.jpg	L6_123789	Cut_Ninegrid	3
2463	50444.jpg	L6_123789	Cut_Ninegrid	4
2464	50445.jpg	L6_123789	Cut_Ninegrid	5
2465	50446.jpg	L6_123789	Cut_Ninegrid	6
2466	50447.jpg	L6_123789	Cut_Ninegrid	7
2467	50448.jpg	L6_123789	Cut_Ninegrid	8
2468	50449.jpg	L6_123789	Cut_Ninegrid	9
2469	50450.jpg	L6_123789	Cut_Ninegrid	10
2470	50451.jpg	L6_123789	Cut_Ninegrid	11
2471	50452.jpg	L6_123789	Cut_Ninegrid	12
2472	50453.jpg	L6_123789	Cut_Ninegrid	13
2473	50454.jpg	L6_123789	Cut_Ninegrid	14
2474	50455.jpg	L6_123789	Cut_Ninegrid	15
2475	50456.jpg	L6_123789	Cut_Ninegrid	16
2476	50457.jpg	L6_123789	Cut_Ninegrid	17
2477	50458.jpg	L6_123789	Cut_Ninegrid	18
2478	50459.jpg	L6_123789	Cut_Ninegrid	19
2479	50460.jpg	L6_123789	Cut_Ninegrid	20
2480	50461.jpg	L6_456789	Cut_Ninegrid	1
2481	50462.jpg	L6_456789	Cut_Ninegrid	2
2482	50463.jpg	L6_456789	Cut_Ninegrid	3
2483	50464.jpg	L6_456789	Cut_Ninegrid	4
2484	50465.jpg	L6_456789	Cut_Ninegrid	5
2485	50466.jpg	L6_456789	Cut_Ninegrid	6
2486	50467.jpg	L6_456789	Cut_Ninegrid	7
2487	50468.jpg	L6_456789	Cut_Ninegrid	8
2488	50469.jpg	L6_456789	Cut_Ninegrid	9
2489	50470.jpg	L6_456789	Cut_Ninegrid	10
2490	50471.jpg	L6_456789	Cut_Ninegrid	11
2491	50472.jpg	L6_456789	Cut_Ninegrid	12
2492	50473.jpg	L6_456789	Cut_Ninegrid	13
2493	50474.jpg	L6_456789	Cut_Ninegrid	14
2494	50475.jpg	L6_456789	Cut_Ninegrid	15
2495	50476.jpg	L6_456789	Cut_Ninegrid	16
2496	50477.jpg	L6_456789	Cut_Ninegrid	17
2497	50478.jpg	L6_456789	Cut_Ninegrid	18
2498	50479.jpg	L6_456789	Cut_Ninegrid	19
2499	50480.jpg	L6_456789	Cut_Ninegrid	20
2500	50481.jpg	L6_235689	Cut_Ninegrid	1
2501	50482.jpg	L6_235689	Cut_Ninegrid	2
2502	50483.jpg	L6_235689	Cut_Ninegrid	3
2503	50484.jpg	L6_235689	Cut_Ninegrid	4
2504	50485.jpg	L6_235689	Cut_Ninegrid	5
2505	50486.jpg	L6_235689	Cut_Ninegrid	6
2506	50487.jpg	L6_235689	Cut_Ninegrid	7
2507	50488.jpg	L6_235689	Cut_Ninegrid	8
2508	50489.jpg	L6_235689	Cut_Ninegrid	9
2509	50490.jpg	L6_235689	Cut_Ninegrid	10
2510	50491.jpg	L6_235689	Cut_Ninegrid	11
2511	50492.jpg	L6_235689	Cut_Ninegrid	12
2512	50493.jpg	L6_235689	Cut_Ninegrid	13
2513	50494.jpg	L6_235689	Cut_Ninegrid	14
2514	50495.jpg	L6_235689	Cut_Ninegrid	15
2515	50496.jpg	L6_235689	Cut_Ninegrid	16
2516	50497.jpg	L6_235689	Cut_Ninegrid	17
2517	50498.jpg	L6_235689	Cut_Ninegrid	18
2518	50499.jpg	L6_235689	Cut_Ninegrid	19
2519	50500.jpg	L6_235689	Cut_Ninegrid	20
2520	50501.jpg	L6_134679	Cut_Ninegrid	1
2521	50502.jpg	L6_134679	Cut_Ninegrid	2
2522	50503.jpg	L6_134679	Cut_Ninegrid	3
2523	50504.jpg	L6_134679	Cut_Ninegrid	4
2524	50505.jpg	L6_134679	Cut_Ninegrid	5
2525	50506.jpg	L6_134679	Cut_Ninegrid	6
2526	50507.jpg	L6_134679	Cut_Ninegrid	7
2527	50508.jpg	L6_134679	Cut_Ninegrid	8
2528	50509.jpg	L6_134679	Cut_Ninegrid	9
2529	50510.jpg	L6_134679	Cut_Ninegrid	10
2530	50511.jpg	L6_134679	Cut_Ninegrid	11
2531	50512.jpg	L6_134679	Cut_Ninegrid	12
2532	50513.jpg	L6_134679	Cut_Ninegrid	13
2533	50514.jpg	L6_134679	Cut_Ninegrid	14
2534	50515.jpg	L6_134679	Cut_Ninegrid	15
2535	50516.jpg	L6_134679	Cut_Ninegrid	16
2536	50517.jpg	L6_134679	Cut_Ninegrid	17
2537	50518.jpg	L6_134679	Cut_Ninegrid	18
2538	50519.jpg	L6_134679	Cut_Ninegrid	19
2539	50520.jpg	L6_134679	Cut_Ninegrid	20
2540	50521.jpg	L6_124578	Cut_Ninegrid	1
2541	50522.jpg	L6_124578	Cut_Ninegrid	2
2542	50523.jpg	L6_124578	Cut_Ninegrid	3
2543	50524.jpg	L6_124578	Cut_Ninegrid	4
2544	50525.jpg	L6_124578	Cut_Ninegrid	5
2545	50526.jpg	L6_124578	Cut_Ninegrid	6
2546	50527.jpg	L6_124578	Cut_Ninegrid	7
2547	50528.jpg	L6_124578	Cut_Ninegrid	8
2548	50529.jpg	L6_124578	Cut_Ninegrid	9
2549	50530.jpg	L6_124578	Cut_Ninegrid	10
2550	50531.jpg	L6_124578	Cut_Ninegrid	11
2551	50532.jpg	L6_124578	Cut_Ninegrid	12
2552	50533.jpg	L6_124578	Cut_Ninegrid	13
2553	50534.jpg	L6_124578	Cut_Ninegrid	14
2554	50535.jpg	L6_124578	Cut_Ninegrid	15
2555	50536.jpg	L6_124578	Cut_Ninegrid	16
2556	50537.jpg	L6_124578	Cut_Ninegrid	17
2557	50538.jpg	L6_124578	Cut_Ninegrid	18
2558	50539.jpg	L6_124578	Cut_Ninegrid	19
2559	50540.jpg	L6_124578	Cut_Ninegrid	20
2560	50541.jpg	L6_234678	Cut_Ninegrid	1
2561	50542.jpg	L6_234678	Cut_Ninegrid	2
2562	50543.jpg	L6_234678	Cut_Ninegrid	3
2563	50544.jpg	L6_234678	Cut_Ninegrid	4
2564	50545.jpg	L6_234678	Cut_Ninegrid	5
2565	50546.jpg	L6_234678	Cut_Ninegrid	6
2566	50547.jpg	L6_234678	Cut_Ninegrid	7
2567	50548.jpg	L6_234678	Cut_Ninegrid	8
2568	50549.jpg	L6_234678	Cut_Ninegrid	9
2569	50550.jpg	L6_234678	Cut_Ninegrid	10
2570	50551.jpg	L6_234678	Cut_Ninegrid	11
2571	50552.jpg	L6_234678	Cut_Ninegrid	12
2572	50553.jpg	L6_234678	Cut_Ninegrid	13
2573	50554.jpg	L6_234678	Cut_Ninegrid	14
2574	50555.jpg	L6_234678	Cut_Ninegrid	15
2575	50556.jpg	L6_234678	Cut_Ninegrid	16
2576	50557.jpg	L6_234678	Cut_Ninegrid	17
2577	50558.jpg	L6_234678	Cut_Ninegrid	18
2578	50559.jpg	L6_234678	Cut_Ninegrid	19
2579	50560.jpg	L6_234678	Cut_Ninegrid	20
2580	50561.jpg	L6_124689	Cut_Ninegrid	1
2581	50562.jpg	L6_124689	Cut_Ninegrid	2
2582	50563.jpg	L6_124689	Cut_Ninegrid	3
2583	50564.jpg	L6_124689	Cut_Ninegrid	4
2584	50565.jpg	L6_124689	Cut_Ninegrid	5
2585	50566.jpg	L6_124689	Cut_Ninegrid	6
2586	50567.jpg	L6_124689	Cut_Ninegrid	7
2587	50568.jpg	L6_124689	Cut_Ninegrid	8
2588	50569.jpg	L6_124689	Cut_Ninegrid	9
2589	50570.jpg	L6_124689	Cut_Ninegrid	10
2590	50571.jpg	L6_124689	Cut_Ninegrid	11
2591	50572.jpg	L6_124689	Cut_Ninegrid	12
2592	50573.jpg	L6_124689	Cut_Ninegrid	13
2593	50574.jpg	L6_124689	Cut_Ninegrid	14
2594	50575.jpg	L6_124689	Cut_Ninegrid	15
2595	50576.jpg	L6_124689	Cut_Ninegrid	16
2596	50577.jpg	L6_124689	Cut_Ninegrid	17
2597	50578.jpg	L6_124689	Cut_Ninegrid	18
2598	50579.jpg	L6_124689	Cut_Ninegrid	19
2599	50580.jpg	L6_124689	Cut_Ninegrid	20
2600	50581.jpg	L8_23456789	Cut_Ninegrid	1
2601	50582.jpg	L8_23456789	Cut_Ninegrid	2
2602	50583.jpg	L8_23456789	Cut_Ninegrid	3
2603	50584.jpg	L8_23456789	Cut_Ninegrid	4
2604	50585.jpg	L8_23456789	Cut_Ninegrid	5
2605	50586.jpg	L8_23456789	Cut_Ninegrid	6
2606	50587.jpg	L8_23456789	Cut_Ninegrid	7
2607	50588.jpg	L8_23456789	Cut_Ninegrid	8
2608	50589.jpg	L8_23456789	Cut_Ninegrid	9
2609	50590.jpg	L8_23456789	Cut_Ninegrid	10
2610	50591.jpg	L8_23456789	Cut_Ninegrid	11
2611	50592.jpg	L8_23456789	Cut_Ninegrid	12
2612	50593.jpg	L8_23456789	Cut_Ninegrid	13
2613	50594.jpg	L8_23456789	Cut_Ninegrid	14
2614	50595.jpg	L8_23456789	Cut_Ninegrid	15
2615	50596.jpg	L8_23456789	Cut_Ninegrid	16
2616	50597.jpg	L8_23456789	Cut_Ninegrid	17
2617	50598.jpg	L8_23456789	Cut_Ninegrid	18
2618	50599.jpg	L8_23456789	Cut_Ninegrid	19
2619	50600.jpg	L8_23456789	Cut_Ninegrid	20
2620	50601.jpg	L8_13456789	Cut_Ninegrid	1
2621	50602.jpg	L8_13456789	Cut_Ninegrid	2
2622	50603.jpg	L8_13456789	Cut_Ninegrid	3
2623	50604.jpg	L8_13456789	Cut_Ninegrid	4
2624	50605.jpg	L8_13456789	Cut_Ninegrid	5
2625	50606.jpg	L8_13456789	Cut_Ninegrid	6
2626	50607.jpg	L8_13456789	Cut_Ninegrid	7
2627	50608.jpg	L8_13456789	Cut_Ninegrid	8
2628	50609.jpg	L8_13456789	Cut_Ninegrid	9
2629	50610.jpg	L8_13456789	Cut_Ninegrid	10
2630	50611.jpg	L8_13456789	Cut_Ninegrid	11
2631	50612.jpg	L8_13456789	Cut_Ninegrid	12
2632	50613.jpg	L8_13456789	Cut_Ninegrid	13
2633	50614.jpg	L8_13456789	Cut_Ninegrid	14
2634	50615.jpg	L8_13456789	Cut_Ninegrid	15
2635	50616.jpg	L8_13456789	Cut_Ninegrid	16
2636	50617.jpg	L8_13456789	Cut_Ninegrid	17
2637	50618.jpg	L8_13456789	Cut_Ninegrid	18
2638	50619.jpg	L8_13456789	Cut_Ninegrid	19
2639	50620.jpg	L8_13456789	Cut_Ninegrid	20
2640	50621.jpg	L8_12456789	Cut_Ninegrid	1
2641	50622.jpg	L8_12456789	Cut_Ninegrid	2
2642	50623.jpg	L8_12456789	Cut_Ninegrid	3
2643	50624.jpg	L8_12456789	Cut_Ninegrid	4
2644	50625.jpg	L8_12456789	Cut_Ninegrid	5
2645	50626.jpg	L8_12456789	Cut_Ninegrid	6
2646	50627.jpg	L8_12456789	Cut_Ninegrid	7
2647	50628.jpg	L8_12456789	Cut_Ninegrid	8
2648	50629.jpg	L8_12456789	Cut_Ninegrid	9
2649	50630.jpg	L8_12456789	Cut_Ninegrid	10
2650	50631.jpg	L8_12456789	Cut_Ninegrid	11
2651	50632.jpg	L8_12456789	Cut_Ninegrid	12
2652	50633.jpg	L8_12456789	Cut_Ninegrid	13
2653	50634.jpg	L8_12456789	Cut_Ninegrid	14
2654	50635.jpg	L8_12456789	Cut_Ninegrid	15
2655	50636.jpg	L8_12456789	Cut_Ninegrid	16
2656	50637.jpg	L8_12456789	Cut_Ninegrid	17
2657	50638.jpg	L8_12456789	Cut_Ninegrid	18
2658	50639.jpg	L8_12456789	Cut_Ninegrid	19
2659	50640.jpg	L8_12456789	Cut_Ninegrid	20
2660	50641.jpg	L8_12356789	Cut_Ninegrid	1
2661	50642.jpg	L8_12356789	Cut_Ninegrid	2
2662	50643.jpg	L8_12356789	Cut_Ninegrid	3
2663	50644.jpg	L8_12356789	Cut_Ninegrid	4
2664	50645.jpg	L8_12356789	Cut_Ninegrid	5
2665	50646.jpg	L8_12356789	Cut_Ninegrid	6
2666	50647.jpg	L8_12356789	Cut_Ninegrid	7
2667	50648.jpg	L8_12356789	Cut_Ninegrid	8
2668	50649.jpg	L8_12356789	Cut_Ninegrid	9
2669	50650.jpg	L8_12356789	Cut_Ninegrid	10
2670	50651.jpg	L8_12356789	Cut_Ninegrid	11
2671	50652.jpg	L8_12356789	Cut_Ninegrid	12
2672	50653.jpg	L8_12356789	Cut_Ninegrid	13
2673	50654.jpg	L8_12356789	Cut_Ninegrid	14
2674	50655.jpg	L8_12356789	Cut_Ninegrid	15
2675	50656.jpg	L8_12356789	Cut_Ninegrid	16
2676	50657.jpg	L8_12356789	Cut_Ninegrid	17
2677	50658.jpg	L8_12356789	Cut_Ninegrid	18
2678	50659.jpg	L8_12356789	Cut_Ninegrid	19
2679	50660.jpg	L8_12356789	Cut_Ninegrid	20
2680	50661.jpg	L8_12346789	Cut_Ninegrid	1
2681	50662.jpg	L8_12346789	Cut_Ninegrid	2
2682	50663.jpg	L8_12346789	Cut_Ninegrid	3
2683	50664.jpg	L8_12346789	Cut_Ninegrid	4
2684	50665.jpg	L8_12346789	Cut_Ninegrid	5
2685	50666.jpg	L8_12346789	Cut_Ninegrid	6
2686	50667.jpg	L8_12346789	Cut_Ninegrid	7
2687	50668.jpg	L8_12346789	Cut_Ninegrid	8
2688	50669.jpg	L8_12346789	Cut_Ninegrid	9
2689	50670.jpg	L8_12346789	Cut_Ninegrid	10
2690	50671.jpg	L8_12346789	Cut_Ninegrid	11
2691	50672.jpg	L8_12346789	Cut_Ninegrid	12
2692	50673.jpg	L8_12346789	Cut_Ninegrid	13
2693	50674.jpg	L8_12346789	Cut_Ninegrid	14
2694	50675.jpg	L8_12346789	Cut_Ninegrid	15
2695	50676.jpg	L8_12346789	Cut_Ninegrid	16
2696	50677.jpg	L8_12346789	Cut_Ninegrid	17
2697	50678.jpg	L8_12346789	Cut_Ninegrid	18
2698	50679.jpg	L8_12346789	Cut_Ninegrid	19
2699	50680.jpg	L8_12346789	Cut_Ninegrid	20
2700	50681.jpg	L8_12345789	Cut_Ninegrid	1
2701	50682.jpg	L8_12345789	Cut_Ninegrid	2
2702	50683.jpg	L8_12345789	Cut_Ninegrid	3
2703	50684.jpg	L8_12345789	Cut_Ninegrid	4
2704	50685.jpg	L8_12345789	Cut_Ninegrid	5
2705	50686.jpg	L8_12345789	Cut_Ninegrid	6
2706	50687.jpg	L8_12345789	Cut_Ninegrid	7
2707	50688.jpg	L8_12345789	Cut_Ninegrid	8
2708	50689.jpg	L8_12345789	Cut_Ninegrid	9
2709	50690.jpg	L8_12345789	Cut_Ninegrid	10
2710	50691.jpg	L8_12345789	Cut_Ninegrid	11
2711	50692.jpg	L8_12345789	Cut_Ninegrid	12
2712	50693.jpg	L8_12345789	Cut_Ninegrid	13
2713	50694.jpg	L8_12345789	Cut_Ninegrid	14
2714	50695.jpg	L8_12345789	Cut_Ninegrid	15
2715	50696.jpg	L8_12345789	Cut_Ninegrid	16
2716	50697.jpg	L8_12345789	Cut_Ninegrid	17
2717	50698.jpg	L8_12345789	Cut_Ninegrid	18
2718	50699.jpg	L8_12345789	Cut_Ninegrid	19
2719	50700.jpg	L8_12345789	Cut_Ninegrid	20
2720	50701.jpg	L8_12345689	Cut_Ninegrid	1
2721	50702.jpg	L8_12345689	Cut_Ninegrid	2
2722	50703.jpg	L8_12345689	Cut_Ninegrid	3
2723	50704.jpg	L8_12345689	Cut_Ninegrid	4
2724	50705.jpg	L8_12345689	Cut_Ninegrid	5
2725	50706.jpg	L8_12345689	Cut_Ninegrid	6
2726	50707.jpg	L8_12345689	Cut_Ninegrid	7
2727	50708.jpg	L8_12345689	Cut_Ninegrid	8
2728	50709.jpg	L8_12345689	Cut_Ninegrid	9
2729	50710.jpg	L8_12345689	Cut_Ninegrid	10
2730	50711.jpg	L8_12345689	Cut_Ninegrid	11
2731	50712.jpg	L8_12345689	Cut_Ninegrid	12
2732	50713.jpg	L8_12345689	Cut_Ninegrid	13
2733	50714.jpg	L8_12345689	Cut_Ninegrid	14
2734	50715.jpg	L8_12345689	Cut_Ninegrid	15
2735	50716.jpg	L8_12345689	Cut_Ninegrid	16
2736	50717.jpg	L8_12345689	Cut_Ninegrid	17
2737	50718.jpg	L8_12345689	Cut_Ninegrid	18
2738	50719.jpg	L8_12345689	Cut_Ninegrid	19
2739	50720.jpg	L8_12345689	Cut_Ninegrid	20
2740	50721.jpg	L8_12345679	Cut_Ninegrid	1
2741	50722.jpg	L8_12345679	Cut_Ninegrid	2
2742	50723.jpg	L8_12345679	Cut_Ninegrid	3
2743	50724.jpg	L8_12345679	Cut_Ninegrid	4
2744	50725.jpg	L8_12345679	Cut_Ninegrid	5
2745	50726.jpg	L8_12345679	Cut_Ninegrid	6
2746	50727.jpg	L8_12345679	Cut_Ninegrid	7
2747	50728.jpg	L8_12345679	Cut_Ninegrid	8
2748	50729.jpg	L8_12345679	Cut_Ninegrid	9
2749	50730.jpg	L8_12345679	Cut_Ninegrid	10
2750	50731.jpg	L8_12345679	Cut_Ninegrid	11
2751	50732.jpg	L8_12345679	Cut_Ninegrid	12
2752	50733.jpg	L8_12345679	Cut_Ninegrid	13
2753	50734.jpg	L8_12345679	Cut_Ninegrid	14
2754	50735.jpg	L8_12345679	Cut_Ninegrid	15
2755	50736.jpg	L8_12345679	Cut_Ninegrid	16
2756	50737.jpg	L8_12345679	Cut_Ninegrid	17
2757	50738.jpg	L8_12345679	Cut_Ninegrid	18
2758	50739.jpg	L8_12345679	Cut_Ninegrid	19
2759	50740.jpg	L8_12345679	Cut_Ninegrid	20
2760	50741.jpg	L8_12345678	Cut_Ninegrid	1
2761	50742.jpg	L8_12345678	Cut_Ninegrid	2
2762	50743.jpg	L8_12345678	Cut_Ninegrid	3
2763	50744.jpg	L8_12345678	Cut_Ninegrid	4
2764	50745.jpg	L8_12345678	Cut_Ninegrid	5
2765	50746.jpg	L8_12345678	Cut_Ninegrid	6
2766	50747.jpg	L8_12345678	Cut_Ninegrid	7
2767	50748.jpg	L8_12345678	Cut_Ninegrid	8
2768	50749.jpg	L8_12345678	Cut_Ninegrid	9
2769	50750.jpg	L8_12345678	Cut_Ninegrid	10
2770	50751.jpg	L8_12345678	Cut_Ninegrid	11
2771	50752.jpg	L8_12345678	Cut_Ninegrid	12
2772	50753.jpg	L8_12345678	Cut_Ninegrid	13
2773	50754.jpg	L8_12345678	Cut_Ninegrid	14
2774	50755.jpg	L8_12345678	Cut_Ninegrid	15
2775	50756.jpg	L8_12345678	Cut_Ninegrid	16
2776	50757.jpg	L8_12345678	Cut_Ninegrid	17
2777	50758.jpg	L8_12345678	Cut_Ninegrid	18
2778	50759.jpg	L8_12345678	Cut_Ninegrid	19
2779	50760.jpg	L8_12345678	Cut_Ninegrid	20
