	FileName	Category	Stim_Set	Object
0	00001.jpg	Face	FOB_STI150	-1
1	00002.jpg	Face	FOB_STI150	-1
2	00003.jpg	Face	FOB_STI150	-1
3	00004.jpg	Face	FOB_STI150	-1
4	00005.jpg	Face	FOB_STI150	-1
5	00006.jpg	Face	FOB_STI150	-1
6	00007.jpg	Face	FOB_STI150	-1
7	00008.jpg	Face	FOB_STI150	-1
8	00009.jpg	Face	FOB_STI150	-1
9	00010.jpg	Face	FOB_STI150	-1
10	00011.jpg	Face	FOB_STI150	-1
11	00012.jpg	Face	FOB_STI150	-1
12	00013.jpg	Face	FOB_STI150	-1
13	00014.jpg	Face	FOB_STI150	-1
14	00015.jpg	Face	FOB_STI150	-1
15	00016.jpg	Body	FOB_STI150	-1
16	00017.jpg	Body	FOB_STI150	-1
17	00018.jpg	Body	FOB_STI150	-1
18	00019.jpg	Body	FOB_STI150	-1
19	00020.jpg	Body	FOB_STI150	-1
20	00021.jpg	Body	FOB_STI150	-1
21	00022.jpg	Body	FOB_STI150	-1
22	00023.jpg	Body	FOB_STI150	-1
23	00024.jpg	Body	FOB_STI150	-1
24	00025.jpg	Body	FOB_STI150	-1
25	00026.jpg	Body	FOB_STI150	-1
26	00027.jpg	Body	FOB_STI150	-1
27	00028.jpg	Body	FOB_STI150	-1
28	00029.jpg	Body	FOB_STI150	-1
29	00030.jpg	Body	FOB_STI150	-1
30	00031.jpg	Object	FOB_STI150	-1
31	00032.jpg	Object	FOB_STI150	-1
32	00033.jpg	Object	FOB_STI150	-1
33	00034.jpg	Object	FOB_STI150	-1
34	00035.jpg	Object	FOB_STI150	-1
35	00036.jpg	Object	FOB_STI150	-1
36	00037.jpg	Object	FOB_STI150	-1
37	00038.jpg	Object	FOB_STI150	-1
38	00039.jpg	Object	FOB_STI150	-1
39	00040.jpg	Object	FOB_STI150	-1
40	00041.jpg	Object	FOB_STI150	-1
41	00042.jpg	Object	FOB_STI150	-1
42	00043.jpg	Object	FOB_STI150	-1
43	00044.jpg	Object	FOB_STI150	-1
44	00045.jpg	Object	FOB_STI150	-1
45	00046.jpg	Scene	FOB_STI150	-1
46	00047.jpg	Scene	FOB_STI150	-1
47	00048.jpg	Scene	FOB_STI150	-1
48	00049.jpg	Scene	FOB_STI150	-1
49	00050.jpg	Scene	FOB_STI150	-1
50	00051.jpg	Scene	FOB_STI150	-1
51	00052.jpg	Scene	FOB_STI150	-1
52	00053.jpg	Scene	FOB_STI150	-1
53	00054.jpg	Scene	FOB_STI150	-1
54	00055.jpg	Scene	FOB_STI150	-1
55	00056.jpg	Scene	FOB_STI150	-1
56	00057.jpg	Scene	FOB_STI150	-1
57	00058.jpg	Scene	FOB_STI150	-1
58	00059.jpg	Scene	FOB_STI150	-1
59	00060.jpg	Scene	FOB_STI150	-1
60	00061.jpg	Food	FOB_STI150	-1
61	00062.jpg	Food	FOB_STI150	-1
62	00063.jpg	Food	FOB_STI150	-1
63	00064.jpg	Food	FOB_STI150	-1
64	00065.jpg	Food	FOB_STI150	-1
65	00066.jpg	Food	FOB_STI150	-1
66	00067.jpg	Food	FOB_STI150	-1
67	00068.jpg	Food	FOB_STI150	-1
68	00069.jpg	Food	FOB_STI150	-1
69	00070.jpg	Food	FOB_STI150	-1
70	00071.jpg	Food	FOB_STI150	-1
71	00072.jpg	Food	FOB_STI150	-1
72	00073.jpg	Food	FOB_STI150	-1
73	00074.jpg	Food	FOB_STI150	-1
74	00075.jpg	Food	FOB_STI150	-1
75	00076.jpg	Face_g	FOB_STI150	-1
76	00077.jpg	Face_g	FOB_STI150	-1
77	00078.jpg	Face_g	FOB_STI150	-1
78	00079.jpg	Face_g	FOB_STI150	-1
79	00080.jpg	Face_g	FOB_STI150	-1
80	00081.jpg	Face_g	FOB_STI150	-1
81	00082.jpg	Face_g	FOB_STI150	-1
82	00083.jpg	Face_g	FOB_STI150	-1
83	00084.jpg	Face_g	FOB_STI150	-1
84	00085.jpg	Face_g	FOB_STI150	-1
85	00086.jpg	Face_g	FOB_STI150	-1
86	00087.jpg	Face_g	FOB_STI150	-1
87	00088.jpg	Face_g	FOB_STI150	-1
88	00089.jpg	Face_g	FOB_STI150	-1
89	00090.jpg	Face_g	FOB_STI150	-1
90	00091.jpg	Body_g	FOB_STI150	-1
91	00092.jpg	Body_g	FOB_STI150	-1
92	00093.jpg	Body_g	FOB_STI150	-1
93	00094.jpg	Body_g	FOB_STI150	-1
94	00095.jpg	Body_g	FOB_STI150	-1
95	00096.jpg	Body_g	FOB_STI150	-1
96	00097.jpg	Body_g	FOB_STI150	-1
97	00098.jpg	Body_g	FOB_STI150	-1
98	00099.jpg	Body_g	FOB_STI150	-1
99	00100.jpg	Body_g	FOB_STI150	-1
100	00101.jpg	Body_g	FOB_STI150	-1
101	00102.jpg	Body_g	FOB_STI150	-1
102	00103.jpg	Body_g	FOB_STI150	-1
103	00104.jpg	Body_g	FOB_STI150	-1
104	00105.jpg	Body_g	FOB_STI150	-1
105	00106.jpg	Object_g	FOB_STI150	-1
106	00107.jpg	Object_g	FOB_STI150	-1
107	00108.jpg	Object_g	FOB_STI150	-1
108	00109.jpg	Object_g	FOB_STI150	-1
109	00110.jpg	Object_g	FOB_STI150	-1
110	00111.jpg	Object_g	FOB_STI150	-1
111	00112.jpg	Object_g	FOB_STI150	-1
112	00113.jpg	Object_g	FOB_STI150	-1
113	00114.jpg	Object_g	FOB_STI150	-1
114	00115.jpg	Object_g	FOB_STI150	-1
115	00116.jpg	Object_g	FOB_STI150	-1
116	00117.jpg	Object_g	FOB_STI150	-1
117	00118.jpg	Object_g	FOB_STI150	-1
118	00119.jpg	Object_g	FOB_STI150	-1
119	00120.jpg	Object_g	FOB_STI150	-1
120	00121.jpg	Scene_g	FOB_STI150	-1
121	00122.jpg	Scene_g	FOB_STI150	-1
122	00123.jpg	Scene_g	FOB_STI150	-1
123	00124.jpg	Scene_g	FOB_STI150	-1
124	00125.jpg	Scene_g	FOB_STI150	-1
125	00126.jpg	Scene_g	FOB_STI150	-1
126	00127.jpg	Scene_g	FOB_STI150	-1
127	00128.jpg	Scene_g	FOB_STI150	-1
128	00129.jpg	Scene_g	FOB_STI150	-1
129	00130.jpg	Scene_g	FOB_STI150	-1
130	00131.jpg	Scene_g	FOB_STI150	-1
131	00132.jpg	Scene_g	FOB_STI150	-1
132	00133.jpg	Scene_g	FOB_STI150	-1
133	00134.jpg	Scene_g	FOB_STI150	-1
134	00135.jpg	Scene_g	FOB_STI150	-1
135	00136.jpg	Food_g	FOB_STI150	-1
136	00137.jpg	Food_g	FOB_STI150	-1
137	00138.jpg	Food_g	FOB_STI150	-1
138	00139.jpg	Food_g	FOB_STI150	-1
139	00140.jpg	Food_g	FOB_STI150	-1
140	00141.jpg	Food_g	FOB_STI150	-1
141	00142.jpg	Food_g	FOB_STI150	-1
142	00143.jpg	Food_g	FOB_STI150	-1
143	00144.jpg	Food_g	FOB_STI150	-1
144	00145.jpg	Food_g	FOB_STI150	-1
145	00146.jpg	Food_g	FOB_STI150	-1
146	00147.jpg	Food_g	FOB_STI150	-1
147	00148.jpg	Food_g	FOB_STI150	-1
148	00149.jpg	Food_g	FOB_STI150	-1
149	00150.jpg	Food_g	FOB_STI150	-1
150	00151.jpg	Face	FOB_STI150	-1
151	00152.jpg	Face	FOB_STI150	-1
152	00153.jpg	Face	FOB_STI150	-1
153	00154.jpg	Face	FOB_STI150	-1
154	00155.jpg	Face	FOB_STI150	-1
155	00156.jpg	Face	FOB_STI150	-1
156	00157.jpg	Face	FOB_STI150	-1
157	00158.jpg	Face	FOB_STI150	-1
158	00159.jpg	Face	FOB_STI150	-1
159	00160.jpg	Face	FOB_STI150	-1
160	00161.jpg	Face	FOB_STI150	-1
161	00162.jpg	Face	FOB_STI150	-1
162	00163.jpg	Face	FOB_STI150	-1
163	00164.jpg	Face	FOB_STI150	-1
164	00165.jpg	Face	FOB_STI150	-1
165	00166.jpg	Body	FOB_STI150	-1
166	00167.jpg	Body	FOB_STI150	-1
167	00168.jpg	Body	FOB_STI150	-1
168	00169.jpg	Body	FOB_STI150	-1
169	00170.jpg	Body	FOB_STI150	-1
170	00171.jpg	Body	FOB_STI150	-1
171	00172.jpg	Body	FOB_STI150	-1
172	00173.jpg	Body	FOB_STI150	-1
173	00174.jpg	Body	FOB_STI150	-1
174	00175.jpg	Body	FOB_STI150	-1
175	00176.jpg	Body	FOB_STI150	-1
176	00177.jpg	Body	FOB_STI150	-1
177	00178.jpg	Body	FOB_STI150	-1
178	00179.jpg	Body	FOB_STI150	-1
179	00180.jpg	Body	FOB_STI150	-1
180	00181.jpg	Object	FOB_STI150	-1
181	00182.jpg	Object	FOB_STI150	-1
182	00183.jpg	Object	FOB_STI150	-1
183	00184.jpg	Object	FOB_STI150	-1
184	00185.jpg	Object	FOB_STI150	-1
185	00186.jpg	Object	FOB_STI150	-1
186	00187.jpg	Object	FOB_STI150	-1
187	00188.jpg	Object	FOB_STI150	-1
188	00189.jpg	Object	FOB_STI150	-1
189	00190.jpg	Object	FOB_STI150	-1
190	00191.jpg	Object	FOB_STI150	-1
191	00192.jpg	Object	FOB_STI150	-1
192	00193.jpg	Object	FOB_STI150	-1
193	00194.jpg	Object	FOB_STI150	-1
194	00195.jpg	Object	FOB_STI150	-1
195	00196.jpg	Scene	FOB_STI150	-1
196	00197.jpg	Scene	FOB_STI150	-1
197	00198.jpg	Scene	FOB_STI150	-1
198	00199.jpg	Scene	FOB_STI150	-1
199	00200.jpg	Scene	FOB_STI150	-1
200	00201.jpg	Scene	FOB_STI150	-1
201	00202.jpg	Scene	FOB_STI150	-1
202	00203.jpg	Scene	FOB_STI150	-1
203	00204.jpg	Scene	FOB_STI150	-1
204	00205.jpg	Scene	FOB_STI150	-1
205	00206.jpg	Scene	FOB_STI150	-1
206	00207.jpg	Scene	FOB_STI150	-1
207	00208.jpg	Scene	FOB_STI150	-1
208	00209.jpg	Scene	FOB_STI150	-1
209	00210.jpg	Scene	FOB_STI150	-1
210	00211.jpg	Food	FOB_STI150	-1
211	00212.jpg	Food	FOB_STI150	-1
212	00213.jpg	Food	FOB_STI150	-1
213	00214.jpg	Food	FOB_STI150	-1
214	00215.jpg	Food	FOB_STI150	-1
215	00216.jpg	Food	FOB_STI150	-1
216	00217.jpg	Food	FOB_STI150	-1
217	00218.jpg	Food	FOB_STI150	-1
218	00219.jpg	Food	FOB_STI150	-1
219	00220.jpg	Food	FOB_STI150	-1
220	00221.jpg	Food	FOB_STI150	-1
221	00222.jpg	Food	FOB_STI150	-1
222	00223.jpg	Food	FOB_STI150	-1
223	00224.jpg	Food	FOB_STI150	-1
224	00225.jpg	Food	FOB_STI150	-1
225	00226.jpg	Face_g	FOB_STI150	-1
226	00227.jpg	Face_g	FOB_STI150	-1
227	00228.jpg	Face_g	FOB_STI150	-1
228	00229.jpg	Face_g	FOB_STI150	-1
229	00230.jpg	Face_g	FOB_STI150	-1
230	00231.jpg	Face_g	FOB_STI150	-1
231	00232.jpg	Face_g	FOB_STI150	-1
232	00233.jpg	Face_g	FOB_STI150	-1
233	00234.jpg	Face_g	FOB_STI150	-1
234	00235.jpg	Face_g	FOB_STI150	-1
235	00236.jpg	Face_g	FOB_STI150	-1
236	00237.jpg	Face_g	FOB_STI150	-1
237	00238.jpg	Face_g	FOB_STI150	-1
238	00239.jpg	Face_g	FOB_STI150	-1
239	00240.jpg	Face_g	FOB_STI150	-1
240	00241.jpg	Body_g	FOB_STI150	-1
241	00242.jpg	Body_g	FOB_STI150	-1
242	00243.jpg	Body_g	FOB_STI150	-1
243	00244.jpg	Body_g	FOB_STI150	-1
244	00245.jpg	Body_g	FOB_STI150	-1
245	00246.jpg	Body_g	FOB_STI150	-1
246	00247.jpg	Body_g	FOB_STI150	-1
247	00248.jpg	Body_g	FOB_STI150	-1
248	00249.jpg	Body_g	FOB_STI150	-1
249	00250.jpg	Body_g	FOB_STI150	-1
250	00251.jpg	Body_g	FOB_STI150	-1
251	00252.jpg	Body_g	FOB_STI150	-1
252	00253.jpg	Body_g	FOB_STI150	-1
253	00254.jpg	Body_g	FOB_STI150	-1
254	00255.jpg	Body_g	FOB_STI150	-1
255	00256.jpg	Object_g	FOB_STI150	-1
256	00257.jpg	Object_g	FOB_STI150	-1
257	00258.jpg	Object_g	FOB_STI150	-1
258	00259.jpg	Object_g	FOB_STI150	-1
259	00260.jpg	Object_g	FOB_STI150	-1
260	00261.jpg	Object_g	FOB_STI150	-1
261	00262.jpg	Object_g	FOB_STI150	-1
262	00263.jpg	Object_g	FOB_STI150	-1
263	00264.jpg	Object_g	FOB_STI150	-1
264	00265.jpg	Object_g	FOB_STI150	-1
265	00266.jpg	Object_g	FOB_STI150	-1
266	00267.jpg	Object_g	FOB_STI150	-1
267	00268.jpg	Object_g	FOB_STI150	-1
268	00269.jpg	Object_g	FOB_STI150	-1
269	00270.jpg	Object_g	FOB_STI150	-1
270	00271.jpg	Scene_g	FOB_STI150	-1
271	00272.jpg	Scene_g	FOB_STI150	-1
272	00273.jpg	Scene_g	FOB_STI150	-1
273	00274.jpg	Scene_g	FOB_STI150	-1
274	00275.jpg	Scene_g	FOB_STI150	-1
275	00276.jpg	Scene_g	FOB_STI150	-1
276	00277.jpg	Scene_g	FOB_STI150	-1
277	00278.jpg	Scene_g	FOB_STI150	-1
278	00279.jpg	Scene_g	FOB_STI150	-1
279	00280.jpg	Scene_g	FOB_STI150	-1
280	00281.jpg	Scene_g	FOB_STI150	-1
281	00282.jpg	Scene_g	FOB_STI150	-1
282	00283.jpg	Scene_g	FOB_STI150	-1
283	00284.jpg	Scene_g	FOB_STI150	-1
284	00285.jpg	Scene_g	FOB_STI150	-1
285	00286.jpg	Food_g	FOB_STI150	-1
286	00287.jpg	Food_g	FOB_STI150	-1
287	00288.jpg	Food_g	FOB_STI150	-1
288	00289.jpg	Food_g	FOB_STI150	-1
289	00290.jpg	Food_g	FOB_STI150	-1
290	00291.jpg	Food_g	FOB_STI150	-1
291	00292.jpg	Food_g	FOB_STI150	-1
292	00293.jpg	Food_g	FOB_STI150	-1
293	00294.jpg	Food_g	FOB_STI150	-1
294	00295.jpg	Food_g	FOB_STI150	-1
295	00296.jpg	Food_g	FOB_STI150	-1
296	00297.jpg	Food_g	FOB_STI150	-1
297	00298.jpg	Food_g	FOB_STI150	-1
298	00299.jpg	Food_g	FOB_STI150	-1
299	00300.jpg	Food_g	FOB_STI150	-1
300	10001.jpg	Raw_Raw_Ani	Metamer	1
301	10002.jpg	Raw_Raw_Ani	Metamer	2
302	10003.jpg	Raw_Raw_Ani	Metamer	3
303	10004.jpg	Raw_Raw_Ani	Metamer	4
304	10005.jpg	Raw_Raw_Ani	Metamer	5
305	10006.jpg	Raw_Raw_Ani	Metamer	6
306	10007.jpg	Raw_Raw_Ani	Metamer	7
307	10008.jpg	Raw_Raw_Ani	Metamer	8
308	10009.jpg	Raw_Raw_Ani	Metamer	9
309	10010.jpg	Raw_Raw_Ani	Metamer	10
310	10011.jpg	Raw_Raw_Ani	Metamer	11
311	10012.jpg	Raw_Raw_Ani	Metamer	12
312	10013.jpg	Raw_Raw_Ani	Metamer	13
313	10014.jpg	Raw_Raw_Ani	Metamer	14
314	10015.jpg	Raw_Raw_Ani	Metamer	15
315	10016.jpg	Raw_Raw_Ani	Metamer	16
316	10017.jpg	Raw_Raw_Ani	Metamer	17
317	10018.jpg	Raw_Raw_Ani	Metamer	18
318	10019.jpg	Raw_Raw_Ani	Metamer	19
319	10020.jpg	Raw_Raw_Ani	Metamer	20
320	10021.jpg	Raw_Raw_Inani	Metamer	21
321	10022.jpg	Raw_Raw_Inani	Metamer	22
322	10023.jpg	Raw_Raw_Inani	Metamer	23
323	10024.jpg	Raw_Raw_Inani	Metamer	24
324	10025.jpg	Raw_Raw_Inani	Metamer	25
325	10026.jpg	Raw_Raw_Inani	Metamer	26
326	10027.jpg	Raw_Raw_Inani	Metamer	27
327	10028.jpg	Raw_Raw_Inani	Metamer	28
328	10029.jpg	Raw_Raw_Inani	Metamer	29
329	10030.jpg	Raw_Raw_Inani	Metamer	30
330	10031.jpg	Raw_Raw_Inani	Metamer	31
331	10032.jpg	Raw_Raw_Inani	Metamer	32
332	10033.jpg	Raw_Raw_Inani	Metamer	33
333	10034.jpg	Raw_Raw_Inani	Metamer	34
334	10035.jpg	Raw_Raw_Inani	Metamer	35
335	10036.jpg	Raw_Raw_Inani	Metamer	36
336	10037.jpg	Raw_Raw_Inani	Metamer	37
337	10038.jpg	Raw_Raw_Inani	Metamer	38
338	10039.jpg	Raw_Raw_Inani	Metamer	39
339	10040.jpg	Raw_Raw_Inani	Metamer	40
340	10041.jpg	P4_C4_Ani	Metamer	1
341	10042.jpg	P4_C4_Ani	Metamer	2
342	10043.jpg	P4_C4_Ani	Metamer	3
343	10044.jpg	P4_C4_Ani	Metamer	4
344	10045.jpg	P4_C4_Ani	Metamer	5
345	10046.jpg	P4_C4_Ani	Metamer	6
346	10047.jpg	P4_C4_Ani	Metamer	7
347	10048.jpg	P4_C4_Ani	Metamer	8
348	10049.jpg	P4_C4_Ani	Metamer	9
349	10050.jpg	P4_C4_Ani	Metamer	10
350	10051.jpg	P4_C4_Ani	Metamer	11
351	10052.jpg	P4_C4_Ani	Metamer	12
352	10053.jpg	P4_C4_Ani	Metamer	13
353	10054.jpg	P4_C4_Ani	Metamer	14
354	10055.jpg	P4_C4_Ani	Metamer	15
355	10056.jpg	P4_C4_Ani	Metamer	16
356	10057.jpg	P4_C4_Ani	Metamer	17
357	10058.jpg	P4_C4_Ani	Metamer	18
358	10059.jpg	P4_C4_Ani	Metamer	19
359	10060.jpg	P4_C4_Ani	Metamer	20
360	10061.jpg	P4_C4_Inani	Metamer	21
361	10062.jpg	P4_C4_Inani	Metamer	22
362	10063.jpg	P4_C4_Inani	Metamer	23
363	10064.jpg	P4_C4_Inani	Metamer	24
364	10065.jpg	P4_C4_Inani	Metamer	25
365	10066.jpg	P4_C4_Inani	Metamer	26
366	10067.jpg	P4_C4_Inani	Metamer	27
367	10068.jpg	P4_C4_Inani	Metamer	28
368	10069.jpg	P4_C4_Inani	Metamer	29
369	10070.jpg	P4_C4_Inani	Metamer	30
370	10071.jpg	P4_C4_Inani	Metamer	31
371	10072.jpg	P4_C4_Inani	Metamer	32
372	10073.jpg	P4_C4_Inani	Metamer	33
373	10074.jpg	P4_C4_Inani	Metamer	34
374	10075.jpg	P4_C4_Inani	Metamer	35
375	10076.jpg	P4_C4_Inani	Metamer	36
376	10077.jpg	P4_C4_Inani	Metamer	37
377	10078.jpg	P4_C4_Inani	Metamer	38
378	10079.jpg	P4_C4_Inani	Metamer	39
379	10080.jpg	P4_C4_Inani	Metamer	40
380	10081.jpg	P4_C3_Ani	Metamer	1
381	10082.jpg	P4_C3_Ani	Metamer	2
382	10083.jpg	P4_C3_Ani	Metamer	3
383	10084.jpg	P4_C3_Ani	Metamer	4
384	10085.jpg	P4_C3_Ani	Metamer	5
385	10086.jpg	P4_C3_Ani	Metamer	6
386	10087.jpg	P4_C3_Ani	Metamer	7
387	10088.jpg	P4_C3_Ani	Metamer	8
388	10089.jpg	P4_C3_Ani	Metamer	9
389	10090.jpg	P4_C3_Ani	Metamer	10
390	10091.jpg	P4_C3_Ani	Metamer	11
391	10092.jpg	P4_C3_Ani	Metamer	12
392	10093.jpg	P4_C3_Ani	Metamer	13
393	10094.jpg	P4_C3_Ani	Metamer	14
394	10095.jpg	P4_C3_Ani	Metamer	15
395	10096.jpg	P4_C3_Ani	Metamer	16
396	10097.jpg	P4_C3_Ani	Metamer	17
397	10098.jpg	P4_C3_Ani	Metamer	18
398	10099.jpg	P4_C3_Ani	Metamer	19
399	10100.jpg	P4_C3_Ani	Metamer	20
400	10101.jpg	P4_C3_Inani	Metamer	21
401	10102.jpg	P4_C3_Inani	Metamer	22
402	10103.jpg	P4_C3_Inani	Metamer	23
403	10104.jpg	P4_C3_Inani	Metamer	24
404	10105.jpg	P4_C3_Inani	Metamer	25
405	10106.jpg	P4_C3_Inani	Metamer	26
406	10107.jpg	P4_C3_Inani	Metamer	27
407	10108.jpg	P4_C3_Inani	Metamer	28
408	10109.jpg	P4_C3_Inani	Metamer	29
409	10110.jpg	P4_C3_Inani	Metamer	30
410	10111.jpg	P4_C3_Inani	Metamer	31
411	10112.jpg	P4_C3_Inani	Metamer	32
412	10113.jpg	P4_C3_Inani	Metamer	33
413	10114.jpg	P4_C3_Inani	Metamer	34
414	10115.jpg	P4_C3_Inani	Metamer	35
415	10116.jpg	P4_C3_Inani	Metamer	36
416	10117.jpg	P4_C3_Inani	Metamer	37
417	10118.jpg	P4_C3_Inani	Metamer	38
418	10119.jpg	P4_C3_Inani	Metamer	39
419	10120.jpg	P4_C3_Inani	Metamer	40
420	10121.jpg	P4_C2_Ani	Metamer	1
421	10122.jpg	P4_C2_Ani	Metamer	2
422	10123.jpg	P4_C2_Ani	Metamer	3
423	10124.jpg	P4_C2_Ani	Metamer	4
424	10125.jpg	P4_C2_Ani	Metamer	5
425	10126.jpg	P4_C2_Ani	Metamer	6
426	10127.jpg	P4_C2_Ani	Metamer	7
427	10128.jpg	P4_C2_Ani	Metamer	8
428	10129.jpg	P4_C2_Ani	Metamer	9
429	10130.jpg	P4_C2_Ani	Metamer	10
430	10131.jpg	P4_C2_Ani	Metamer	11
431	10132.jpg	P4_C2_Ani	Metamer	12
432	10133.jpg	P4_C2_Ani	Metamer	13
433	10134.jpg	P4_C2_Ani	Metamer	14
434	10135.jpg	P4_C2_Ani	Metamer	15
435	10136.jpg	P4_C2_Ani	Metamer	16
436	10137.jpg	P4_C2_Ani	Metamer	17
437	10138.jpg	P4_C2_Ani	Metamer	18
438	10139.jpg	P4_C2_Ani	Metamer	19
439	10140.jpg	P4_C2_Ani	Metamer	20
440	10141.jpg	P4_C2_Inani	Metamer	21
441	10142.jpg	P4_C2_Inani	Metamer	22
442	10143.jpg	P4_C2_Inani	Metamer	23
443	10144.jpg	P4_C2_Inani	Metamer	24
444	10145.jpg	P4_C2_Inani	Metamer	25
445	10146.jpg	P4_C2_Inani	Metamer	26
446	10147.jpg	P4_C2_Inani	Metamer	27
447	10148.jpg	P4_C2_Inani	Metamer	28
448	10149.jpg	P4_C2_Inani	Metamer	29
449	10150.jpg	P4_C2_Inani	Metamer	30
450	10151.jpg	P4_C2_Inani	Metamer	31
451	10152.jpg	P4_C2_Inani	Metamer	32
452	10153.jpg	P4_C2_Inani	Metamer	33
453	10154.jpg	P4_C2_Inani	Metamer	34
454	10155.jpg	P4_C2_Inani	Metamer	35
455	10156.jpg	P4_C2_Inani	Metamer	36
456	10157.jpg	P4_C2_Inani	Metamer	37
457	10158.jpg	P4_C2_Inani	Metamer	38
458	10159.jpg	P4_C2_Inani	Metamer	39
459	10160.jpg	P4_C2_Inani	Metamer	40
460	10161.jpg	P4_C1_Ani	Metamer	1
461	10162.jpg	P4_C1_Ani	Metamer	2
462	10163.jpg	P4_C1_Ani	Metamer	3
463	10164.jpg	P4_C1_Ani	Metamer	4
464	10165.jpg	P4_C1_Ani	Metamer	5
465	10166.jpg	P4_C1_Ani	Metamer	6
466	10167.jpg	P4_C1_Ani	Metamer	7
467	10168.jpg	P4_C1_Ani	Metamer	8
468	10169.jpg	P4_C1_Ani	Metamer	9
469	10170.jpg	P4_C1_Ani	Metamer	10
470	10171.jpg	P4_C1_Ani	Metamer	11
471	10172.jpg	P4_C1_Ani	Metamer	12
472	10173.jpg	P4_C1_Ani	Metamer	13
473	10174.jpg	P4_C1_Ani	Metamer	14
474	10175.jpg	P4_C1_Ani	Metamer	15
475	10176.jpg	P4_C1_Ani	Metamer	16
476	10177.jpg	P4_C1_Ani	Metamer	17
477	10178.jpg	P4_C1_Ani	Metamer	18
478	10179.jpg	P4_C1_Ani	Metamer	19
479	10180.jpg	P4_C1_Ani	Metamer	20
480	10181.jpg	P4_C1_Inani	Metamer	21
481	10182.jpg	P4_C1_Inani	Metamer	22
482	10183.jpg	P4_C1_Inani	Metamer	23
483	10184.jpg	P4_C1_Inani	Metamer	24
484	10185.jpg	P4_C1_Inani	Metamer	25
485	10186.jpg	P4_C1_Inani	Metamer	26
486	10187.jpg	P4_C1_Inani	Metamer	27
487	10188.jpg	P4_C1_Inani	Metamer	28
488	10189.jpg	P4_C1_Inani	Metamer	29
489	10190.jpg	P4_C1_Inani	Metamer	30
490	10191.jpg	P4_C1_Inani	Metamer	31
491	10192.jpg	P4_C1_Inani	Metamer	32
492	10193.jpg	P4_C1_Inani	Metamer	33
493	10194.jpg	P4_C1_Inani	Metamer	34
494	10195.jpg	P4_C1_Inani	Metamer	35
495	10196.jpg	P4_C1_Inani	Metamer	36
496	10197.jpg	P4_C1_Inani	Metamer	37
497	10198.jpg	P4_C1_Inani	Metamer	38
498	10199.jpg	P4_C1_Inani	Metamer	39
499	10200.jpg	P4_C1_Inani	Metamer	40
500	10201.jpg	Raw_Raw_Ani	Metamer	1
501	10202.jpg	Raw_Raw_Ani	Metamer	2
502	10203.jpg	Raw_Raw_Ani	Metamer	3
503	10204.jpg	Raw_Raw_Ani	Metamer	4
504	10205.jpg	Raw_Raw_Ani	Metamer	5
505	10206.jpg	Raw_Raw_Ani	Metamer	6
506	10207.jpg	Raw_Raw_Ani	Metamer	7
507	10208.jpg	Raw_Raw_Ani	Metamer	8
508	10209.jpg	Raw_Raw_Ani	Metamer	9
509	10210.jpg	Raw_Raw_Ani	Metamer	10
510	10211.jpg	Raw_Raw_Ani	Metamer	11
511	10212.jpg	Raw_Raw_Ani	Metamer	12
512	10213.jpg	Raw_Raw_Ani	Metamer	13
513	10214.jpg	Raw_Raw_Ani	Metamer	14
514	10215.jpg	Raw_Raw_Ani	Metamer	15
515	10216.jpg	Raw_Raw_Ani	Metamer	16
516	10217.jpg	Raw_Raw_Ani	Metamer	17
517	10218.jpg	Raw_Raw_Ani	Metamer	18
518	10219.jpg	Raw_Raw_Ani	Metamer	19
519	10220.jpg	Raw_Raw_Ani	Metamer	20
520	10221.jpg	Raw_Raw_Inani	Metamer	21
521	10222.jpg	Raw_Raw_Inani	Metamer	22
522	10223.jpg	Raw_Raw_Inani	Metamer	23
523	10224.jpg	Raw_Raw_Inani	Metamer	24
524	10225.jpg	Raw_Raw_Inani	Metamer	25
525	10226.jpg	Raw_Raw_Inani	Metamer	26
526	10227.jpg	Raw_Raw_Inani	Metamer	27
527	10228.jpg	Raw_Raw_Inani	Metamer	28
528	10229.jpg	Raw_Raw_Inani	Metamer	29
529	10230.jpg	Raw_Raw_Inani	Metamer	30
530	10231.jpg	Raw_Raw_Inani	Metamer	31
531	10232.jpg	Raw_Raw_Inani	Metamer	32
532	10233.jpg	Raw_Raw_Inani	Metamer	33
533	10234.jpg	Raw_Raw_Inani	Metamer	34
534	10235.jpg	Raw_Raw_Inani	Metamer	35
535	10236.jpg	Raw_Raw_Inani	Metamer	36
536	10237.jpg	Raw_Raw_Inani	Metamer	37
537	10238.jpg	Raw_Raw_Inani	Metamer	38
538	10239.jpg	Raw_Raw_Inani	Metamer	39
539	10240.jpg	Raw_Raw_Inani	Metamer	40
540	10241.jpg	P4_C4_Ani	Metamer	1
541	10242.jpg	P4_C4_Ani	Metamer	2
542	10243.jpg	P4_C4_Ani	Metamer	3
543	10244.jpg	P4_C4_Ani	Metamer	4
544	10245.jpg	P4_C4_Ani	Metamer	5
545	10246.jpg	P4_C4_Ani	Metamer	6
546	10247.jpg	P4_C4_Ani	Metamer	7
547	10248.jpg	P4_C4_Ani	Metamer	8
548	10249.jpg	P4_C4_Ani	Metamer	9
549	10250.jpg	P4_C4_Ani	Metamer	10
550	10251.jpg	P4_C4_Ani	Metamer	11
551	10252.jpg	P4_C4_Ani	Metamer	12
552	10253.jpg	P4_C4_Ani	Metamer	13
553	10254.jpg	P4_C4_Ani	Metamer	14
554	10255.jpg	P4_C4_Ani	Metamer	15
555	10256.jpg	P4_C4_Ani	Metamer	16
556	10257.jpg	P4_C4_Ani	Metamer	17
557	10258.jpg	P4_C4_Ani	Metamer	18
558	10259.jpg	P4_C4_Ani	Metamer	19
559	10260.jpg	P4_C4_Ani	Metamer	20
560	10261.jpg	P4_C4_Inani	Metamer	21
561	10262.jpg	P4_C4_Inani	Metamer	22
562	10263.jpg	P4_C4_Inani	Metamer	23
563	10264.jpg	P4_C4_Inani	Metamer	24
564	10265.jpg	P4_C4_Inani	Metamer	25
565	10266.jpg	P4_C4_Inani	Metamer	26
566	10267.jpg	P4_C4_Inani	Metamer	27
567	10268.jpg	P4_C4_Inani	Metamer	28
568	10269.jpg	P4_C4_Inani	Metamer	29
569	10270.jpg	P4_C4_Inani	Metamer	30
570	10271.jpg	P4_C4_Inani	Metamer	31
571	10272.jpg	P4_C4_Inani	Metamer	32
572	10273.jpg	P4_C4_Inani	Metamer	33
573	10274.jpg	P4_C4_Inani	Metamer	34
574	10275.jpg	P4_C4_Inani	Metamer	35
575	10276.jpg	P4_C4_Inani	Metamer	36
576	10277.jpg	P4_C4_Inani	Metamer	37
577	10278.jpg	P4_C4_Inani	Metamer	38
578	10279.jpg	P4_C4_Inani	Metamer	39
579	10280.jpg	P4_C4_Inani	Metamer	40
580	10281.jpg	P4_C3_Ani	Metamer	1
581	10282.jpg	P4_C3_Ani	Metamer	2
582	10283.jpg	P4_C3_Ani	Metamer	3
583	10284.jpg	P4_C3_Ani	Metamer	4
584	10285.jpg	P4_C3_Ani	Metamer	5
585	10286.jpg	P4_C3_Ani	Metamer	6
586	10287.jpg	P4_C3_Ani	Metamer	7
587	10288.jpg	P4_C3_Ani	Metamer	8
588	10289.jpg	P4_C3_Ani	Metamer	9
589	10290.jpg	P4_C3_Ani	Metamer	10
590	10291.jpg	P4_C3_Ani	Metamer	11
591	10292.jpg	P4_C3_Ani	Metamer	12
592	10293.jpg	P4_C3_Ani	Metamer	13
593	10294.jpg	P4_C3_Ani	Metamer	14
594	10295.jpg	P4_C3_Ani	Metamer	15
595	10296.jpg	P4_C3_Ani	Metamer	16
596	10297.jpg	P4_C3_Ani	Metamer	17
597	10298.jpg	P4_C3_Ani	Metamer	18
598	10299.jpg	P4_C3_Ani	Metamer	19
599	10300.jpg	P4_C3_Ani	Metamer	20
600	10301.jpg	P4_C3_Inani	Metamer	21
601	10302.jpg	P4_C3_Inani	Metamer	22
602	10303.jpg	P4_C3_Inani	Metamer	23
603	10304.jpg	P4_C3_Inani	Metamer	24
604	10305.jpg	P4_C3_Inani	Metamer	25
605	10306.jpg	P4_C3_Inani	Metamer	26
606	10307.jpg	P4_C3_Inani	Metamer	27
607	10308.jpg	P4_C3_Inani	Metamer	28
608	10309.jpg	P4_C3_Inani	Metamer	29
609	10310.jpg	P4_C3_Inani	Metamer	30
610	10311.jpg	P4_C3_Inani	Metamer	31
611	10312.jpg	P4_C3_Inani	Metamer	32
612	10313.jpg	P4_C3_Inani	Metamer	33
613	10314.jpg	P4_C3_Inani	Metamer	34
614	10315.jpg	P4_C3_Inani	Metamer	35
615	10316.jpg	P4_C3_Inani	Metamer	36
616	10317.jpg	P4_C3_Inani	Metamer	37
617	10318.jpg	P4_C3_Inani	Metamer	38
618	10319.jpg	P4_C3_Inani	Metamer	39
619	10320.jpg	P4_C3_Inani	Metamer	40
620	10321.jpg	P4_C2_Ani	Metamer	1
621	10322.jpg	P4_C2_Ani	Metamer	2
622	10323.jpg	P4_C2_Ani	Metamer	3
623	10324.jpg	P4_C2_Ani	Metamer	4
624	10325.jpg	P4_C2_Ani	Metamer	5
625	10326.jpg	P4_C2_Ani	Metamer	6
626	10327.jpg	P4_C2_Ani	Metamer	7
627	10328.jpg	P4_C2_Ani	Metamer	8
628	10329.jpg	P4_C2_Ani	Metamer	9
629	10330.jpg	P4_C2_Ani	Metamer	10
630	10331.jpg	P4_C2_Ani	Metamer	11
631	10332.jpg	P4_C2_Ani	Metamer	12
632	10333.jpg	P4_C2_Ani	Metamer	13
633	10334.jpg	P4_C2_Ani	Metamer	14
634	10335.jpg	P4_C2_Ani	Metamer	15
635	10336.jpg	P4_C2_Ani	Metamer	16
636	10337.jpg	P4_C2_Ani	Metamer	17
637	10338.jpg	P4_C2_Ani	Metamer	18
638	10339.jpg	P4_C2_Ani	Metamer	19
639	10340.jpg	P4_C2_Ani	Metamer	20
640	10341.jpg	P4_C2_Inani	Metamer	21
641	10342.jpg	P4_C2_Inani	Metamer	22
642	10343.jpg	P4_C2_Inani	Metamer	23
643	10344.jpg	P4_C2_Inani	Metamer	24
644	10345.jpg	P4_C2_Inani	Metamer	25
645	10346.jpg	P4_C2_Inani	Metamer	26
646	10347.jpg	P4_C2_Inani	Metamer	27
647	10348.jpg	P4_C2_Inani	Metamer	28
648	10349.jpg	P4_C2_Inani	Metamer	29
649	10350.jpg	P4_C2_Inani	Metamer	30
650	10351.jpg	P4_C2_Inani	Metamer	31
651	10352.jpg	P4_C2_Inani	Metamer	32
652	10353.jpg	P4_C2_Inani	Metamer	33
653	10354.jpg	P4_C2_Inani	Metamer	34
654	10355.jpg	P4_C2_Inani	Metamer	35
655	10356.jpg	P4_C2_Inani	Metamer	36
656	10357.jpg	P4_C2_Inani	Metamer	37
657	10358.jpg	P4_C2_Inani	Metamer	38
658	10359.jpg	P4_C2_Inani	Metamer	39
659	10360.jpg	P4_C2_Inani	Metamer	40
660	10361.jpg	P4_C1_Ani	Metamer	1
661	10362.jpg	P4_C1_Ani	Metamer	2
662	10363.jpg	P4_C1_Ani	Metamer	3
663	10364.jpg	P4_C1_Ani	Metamer	4
664	10365.jpg	P4_C1_Ani	Metamer	5
665	10366.jpg	P4_C1_Ani	Metamer	6
666	10367.jpg	P4_C1_Ani	Metamer	7
667	10368.jpg	P4_C1_Ani	Metamer	8
668	10369.jpg	P4_C1_Ani	Metamer	9
669	10370.jpg	P4_C1_Ani	Metamer	10
670	10371.jpg	P4_C1_Ani	Metamer	11
671	10372.jpg	P4_C1_Ani	Metamer	12
672	10373.jpg	P4_C1_Ani	Metamer	13
673	10374.jpg	P4_C1_Ani	Metamer	14
674	10375.jpg	P4_C1_Ani	Metamer	15
675	10376.jpg	P4_C1_Ani	Metamer	16
676	10377.jpg	P4_C1_Ani	Metamer	17
677	10378.jpg	P4_C1_Ani	Metamer	18
678	10379.jpg	P4_C1_Ani	Metamer	19
679	10380.jpg	P4_C1_Ani	Metamer	20
680	10381.jpg	P4_C1_Inani	Metamer	21
681	10382.jpg	P4_C1_Inani	Metamer	22
682	10383.jpg	P4_C1_Inani	Metamer	23
683	10384.jpg	P4_C1_Inani	Metamer	24
684	10385.jpg	P4_C1_Inani	Metamer	25
685	10386.jpg	P4_C1_Inani	Metamer	26
686	10387.jpg	P4_C1_Inani	Metamer	27
687	10388.jpg	P4_C1_Inani	Metamer	28
688	10389.jpg	P4_C1_Inani	Metamer	29
689	10390.jpg	P4_C1_Inani	Metamer	30
690	10391.jpg	P4_C1_Inani	Metamer	31
691	10392.jpg	P4_C1_Inani	Metamer	32
692	10393.jpg	P4_C1_Inani	Metamer	33
693	10394.jpg	P4_C1_Inani	Metamer	34
694	10395.jpg	P4_C1_Inani	Metamer	35
695	10396.jpg	P4_C1_Inani	Metamer	36
696	10397.jpg	P4_C1_Inani	Metamer	37
697	10398.jpg	P4_C1_Inani	Metamer	38
698	10399.jpg	P4_C1_Inani	Metamer	39
699	10400.jpg	P4_C1_Inani	Metamer	40
700	10401.jpg	Raw_Raw_Ani	Metamer	1
701	10402.jpg	Raw_Raw_Ani	Metamer	2
702	10403.jpg	Raw_Raw_Ani	Metamer	3
703	10404.jpg	Raw_Raw_Ani	Metamer	4
704	10405.jpg	Raw_Raw_Ani	Metamer	5
705	10406.jpg	Raw_Raw_Ani	Metamer	6
706	10407.jpg	Raw_Raw_Ani	Metamer	7
707	10408.jpg	Raw_Raw_Ani	Metamer	8
708	10409.jpg	Raw_Raw_Ani	Metamer	9
709	10410.jpg	Raw_Raw_Ani	Metamer	10
710	10411.jpg	Raw_Raw_Ani	Metamer	11
711	10412.jpg	Raw_Raw_Ani	Metamer	12
712	10413.jpg	Raw_Raw_Ani	Metamer	13
713	10414.jpg	Raw_Raw_Ani	Metamer	14
714	10415.jpg	Raw_Raw_Ani	Metamer	15
715	10416.jpg	Raw_Raw_Ani	Metamer	16
716	10417.jpg	Raw_Raw_Ani	Metamer	17
717	10418.jpg	Raw_Raw_Ani	Metamer	18
718	10419.jpg	Raw_Raw_Ani	Metamer	19
719	10420.jpg	Raw_Raw_Ani	Metamer	20
720	10421.jpg	Raw_Raw_Inani	Metamer	21
721	10422.jpg	Raw_Raw_Inani	Metamer	22
722	10423.jpg	Raw_Raw_Inani	Metamer	23
723	10424.jpg	Raw_Raw_Inani	Metamer	24
724	10425.jpg	Raw_Raw_Inani	Metamer	25
725	10426.jpg	Raw_Raw_Inani	Metamer	26
726	10427.jpg	Raw_Raw_Inani	Metamer	27
727	10428.jpg	Raw_Raw_Inani	Metamer	28
728	10429.jpg	Raw_Raw_Inani	Metamer	29
729	10430.jpg	Raw_Raw_Inani	Metamer	30
730	10431.jpg	Raw_Raw_Inani	Metamer	31
731	10432.jpg	Raw_Raw_Inani	Metamer	32
732	10433.jpg	Raw_Raw_Inani	Metamer	33
733	10434.jpg	Raw_Raw_Inani	Metamer	34
734	10435.jpg	Raw_Raw_Inani	Metamer	35
735	10436.jpg	Raw_Raw_Inani	Metamer	36
736	10437.jpg	Raw_Raw_Inani	Metamer	37
737	10438.jpg	Raw_Raw_Inani	Metamer	38
738	10439.jpg	Raw_Raw_Inani	Metamer	39
739	10440.jpg	Raw_Raw_Inani	Metamer	40
740	10441.jpg	P4_C4_Ani	Metamer	1
741	10442.jpg	P4_C4_Ani	Metamer	2
742	10443.jpg	P4_C4_Ani	Metamer	3
743	10444.jpg	P4_C4_Ani	Metamer	4
744	10445.jpg	P4_C4_Ani	Metamer	5
745	10446.jpg	P4_C4_Ani	Metamer	6
746	10447.jpg	P4_C4_Ani	Metamer	7
747	10448.jpg	P4_C4_Ani	Metamer	8
748	10449.jpg	P4_C4_Ani	Metamer	9
749	10450.jpg	P4_C4_Ani	Metamer	10
750	10451.jpg	P4_C4_Ani	Metamer	11
751	10452.jpg	P4_C4_Ani	Metamer	12
752	10453.jpg	P4_C4_Ani	Metamer	13
753	10454.jpg	P4_C4_Ani	Metamer	14
754	10455.jpg	P4_C4_Ani	Metamer	15
755	10456.jpg	P4_C4_Ani	Metamer	16
756	10457.jpg	P4_C4_Ani	Metamer	17
757	10458.jpg	P4_C4_Ani	Metamer	18
758	10459.jpg	P4_C4_Ani	Metamer	19
759	10460.jpg	P4_C4_Ani	Metamer	20
760	10461.jpg	P4_C4_Inani	Metamer	21
761	10462.jpg	P4_C4_Inani	Metamer	22
762	10463.jpg	P4_C4_Inani	Metamer	23
763	10464.jpg	P4_C4_Inani	Metamer	24
764	10465.jpg	P4_C4_Inani	Metamer	25
765	10466.jpg	P4_C4_Inani	Metamer	26
766	10467.jpg	P4_C4_Inani	Metamer	27
767	10468.jpg	P4_C4_Inani	Metamer	28
768	10469.jpg	P4_C4_Inani	Metamer	29
769	10470.jpg	P4_C4_Inani	Metamer	30
770	10471.jpg	P4_C4_Inani	Metamer	31
771	10472.jpg	P4_C4_Inani	Metamer	32
772	10473.jpg	P4_C4_Inani	Metamer	33
773	10474.jpg	P4_C4_Inani	Metamer	34
774	10475.jpg	P4_C4_Inani	Metamer	35
775	10476.jpg	P4_C4_Inani	Metamer	36
776	10477.jpg	P4_C4_Inani	Metamer	37
777	10478.jpg	P4_C4_Inani	Metamer	38
778	10479.jpg	P4_C4_Inani	Metamer	39
779	10480.jpg	P4_C4_Inani	Metamer	40
780	10481.jpg	P4_C3_Ani	Metamer	1
781	10482.jpg	P4_C3_Ani	Metamer	2
782	10483.jpg	P4_C3_Ani	Metamer	3
783	10484.jpg	P4_C3_Ani	Metamer	4
784	10485.jpg	P4_C3_Ani	Metamer	5
785	10486.jpg	P4_C3_Ani	Metamer	6
786	10487.jpg	P4_C3_Ani	Metamer	7
787	10488.jpg	P4_C3_Ani	Metamer	8
788	10489.jpg	P4_C3_Ani	Metamer	9
789	10490.jpg	P4_C3_Ani	Metamer	10
790	10491.jpg	P4_C3_Ani	Metamer	11
791	10492.jpg	P4_C3_Ani	Metamer	12
792	10493.jpg	P4_C3_Ani	Metamer	13
793	10494.jpg	P4_C3_Ani	Metamer	14
794	10495.jpg	P4_C3_Ani	Metamer	15
795	10496.jpg	P4_C3_Ani	Metamer	16
796	10497.jpg	P4_C3_Ani	Metamer	17
797	10498.jpg	P4_C3_Ani	Metamer	18
798	10499.jpg	P4_C3_Ani	Metamer	19
799	10500.jpg	P4_C3_Ani	Metamer	20
800	10501.jpg	P4_C3_Inani	Metamer	21
801	10502.jpg	P4_C3_Inani	Metamer	22
802	10503.jpg	P4_C3_Inani	Metamer	23
803	10504.jpg	P4_C3_Inani	Metamer	24
804	10505.jpg	P4_C3_Inani	Metamer	25
805	10506.jpg	P4_C3_Inani	Metamer	26
806	10507.jpg	P4_C3_Inani	Metamer	27
807	10508.jpg	P4_C3_Inani	Metamer	28
808	10509.jpg	P4_C3_Inani	Metamer	29
809	10510.jpg	P4_C3_Inani	Metamer	30
810	10511.jpg	P4_C3_Inani	Metamer	31
811	10512.jpg	P4_C3_Inani	Metamer	32
812	10513.jpg	P4_C3_Inani	Metamer	33
813	10514.jpg	P4_C3_Inani	Metamer	34
814	10515.jpg	P4_C3_Inani	Metamer	35
815	10516.jpg	P4_C3_Inani	Metamer	36
816	10517.jpg	P4_C3_Inani	Metamer	37
817	10518.jpg	P4_C3_Inani	Metamer	38
818	10519.jpg	P4_C3_Inani	Metamer	39
819	10520.jpg	P4_C3_Inani	Metamer	40
820	10521.jpg	P4_C2_Ani	Metamer	1
821	10522.jpg	P4_C2_Ani	Metamer	2
822	10523.jpg	P4_C2_Ani	Metamer	3
823	10524.jpg	P4_C2_Ani	Metamer	4
824	10525.jpg	P4_C2_Ani	Metamer	5
825	10526.jpg	P4_C2_Ani	Metamer	6
826	10527.jpg	P4_C2_Ani	Metamer	7
827	10528.jpg	P4_C2_Ani	Metamer	8
828	10529.jpg	P4_C2_Ani	Metamer	9
829	10530.jpg	P4_C2_Ani	Metamer	10
830	10531.jpg	P4_C2_Ani	Metamer	11
831	10532.jpg	P4_C2_Ani	Metamer	12
832	10533.jpg	P4_C2_Ani	Metamer	13
833	10534.jpg	P4_C2_Ani	Metamer	14
834	10535.jpg	P4_C2_Ani	Metamer	15
835	10536.jpg	P4_C2_Ani	Metamer	16
836	10537.jpg	P4_C2_Ani	Metamer	17
837	10538.jpg	P4_C2_Ani	Metamer	18
838	10539.jpg	P4_C2_Ani	Metamer	19
839	10540.jpg	P4_C2_Ani	Metamer	20
840	10541.jpg	P4_C2_Inani	Metamer	21
841	10542.jpg	P4_C2_Inani	Metamer	22
842	10543.jpg	P4_C2_Inani	Metamer	23
843	10544.jpg	P4_C2_Inani	Metamer	24
844	10545.jpg	P4_C2_Inani	Metamer	25
845	10546.jpg	P4_C2_Inani	Metamer	26
846	10547.jpg	P4_C2_Inani	Metamer	27
847	10548.jpg	P4_C2_Inani	Metamer	28
848	10549.jpg	P4_C2_Inani	Metamer	29
849	10550.jpg	P4_C2_Inani	Metamer	30
850	10551.jpg	P4_C2_Inani	Metamer	31
851	10552.jpg	P4_C2_Inani	Metamer	32
852	10553.jpg	P4_C2_Inani	Metamer	33
853	10554.jpg	P4_C2_Inani	Metamer	34
854	10555.jpg	P4_C2_Inani	Metamer	35
855	10556.jpg	P4_C2_Inani	Metamer	36
856	10557.jpg	P4_C2_Inani	Metamer	37
857	10558.jpg	P4_C2_Inani	Metamer	38
858	10559.jpg	P4_C2_Inani	Metamer	39
859	10560.jpg	P4_C2_Inani	Metamer	40
860	10561.jpg	P4_C1_Ani	Metamer	1
861	10562.jpg	P4_C1_Ani	Metamer	2
862	10563.jpg	P4_C1_Ani	Metamer	3
863	10564.jpg	P4_C1_Ani	Metamer	4
864	10565.jpg	P4_C1_Ani	Metamer	5
865	10566.jpg	P4_C1_Ani	Metamer	6
866	10567.jpg	P4_C1_Ani	Metamer	7
867	10568.jpg	P4_C1_Ani	Metamer	8
868	10569.jpg	P4_C1_Ani	Metamer	9
869	10570.jpg	P4_C1_Ani	Metamer	10
870	10571.jpg	P4_C1_Ani	Metamer	11
871	10572.jpg	P4_C1_Ani	Metamer	12
872	10573.jpg	P4_C1_Ani	Metamer	13
873	10574.jpg	P4_C1_Ani	Metamer	14
874	10575.jpg	P4_C1_Ani	Metamer	15
875	10576.jpg	P4_C1_Ani	Metamer	16
876	10577.jpg	P4_C1_Ani	Metamer	17
877	10578.jpg	P4_C1_Ani	Metamer	18
878	10579.jpg	P4_C1_Ani	Metamer	19
879	10580.jpg	P4_C1_Ani	Metamer	20
880	10581.jpg	P4_C1_Inani	Metamer	21
881	10582.jpg	P4_C1_Inani	Metamer	22
882	10583.jpg	P4_C1_Inani	Metamer	23
883	10584.jpg	P4_C1_Inani	Metamer	24
884	10585.jpg	P4_C1_Inani	Metamer	25
885	10586.jpg	P4_C1_Inani	Metamer	26
886	10587.jpg	P4_C1_Inani	Metamer	27
887	10588.jpg	P4_C1_Inani	Metamer	28
888	10589.jpg	P4_C1_Inani	Metamer	29
889	10590.jpg	P4_C1_Inani	Metamer	30
890	10591.jpg	P4_C1_Inani	Metamer	31
891	10592.jpg	P4_C1_Inani	Metamer	32
892	10593.jpg	P4_C1_Inani	Metamer	33
893	10594.jpg	P4_C1_Inani	Metamer	34
894	10595.jpg	P4_C1_Inani	Metamer	35
895	10596.jpg	P4_C1_Inani	Metamer	36
896	10597.jpg	P4_C1_Inani	Metamer	37
897	10598.jpg	P4_C1_Inani	Metamer	38
898	10599.jpg	P4_C1_Inani	Metamer	39
899	10600.jpg	P4_C1_Inani	Metamer	40
900	10601.jpg	Raw_Raw_Ani	Metamer	1
901	10602.jpg	Raw_Raw_Ani	Metamer	2
902	10603.jpg	Raw_Raw_Ani	Metamer	3
903	10604.jpg	Raw_Raw_Ani	Metamer	4
904	10605.jpg	Raw_Raw_Ani	Metamer	5
905	10606.jpg	Raw_Raw_Ani	Metamer	6
906	10607.jpg	Raw_Raw_Ani	Metamer	7
907	10608.jpg	Raw_Raw_Ani	Metamer	8
908	10609.jpg	Raw_Raw_Ani	Metamer	9
909	10610.jpg	Raw_Raw_Ani	Metamer	10
910	10611.jpg	Raw_Raw_Ani	Metamer	11
911	10612.jpg	Raw_Raw_Ani	Metamer	12
912	10613.jpg	Raw_Raw_Ani	Metamer	13
913	10614.jpg	Raw_Raw_Ani	Metamer	14
914	10615.jpg	Raw_Raw_Ani	Metamer	15
915	10616.jpg	Raw_Raw_Ani	Metamer	16
916	10617.jpg	Raw_Raw_Ani	Metamer	17
917	10618.jpg	Raw_Raw_Ani	Metamer	18
918	10619.jpg	Raw_Raw_Ani	Metamer	19
919	10620.jpg	Raw_Raw_Ani	Metamer	20
920	10621.jpg	Raw_Raw_Inani	Metamer	21
921	10622.jpg	Raw_Raw_Inani	Metamer	22
922	10623.jpg	Raw_Raw_Inani	Metamer	23
923	10624.jpg	Raw_Raw_Inani	Metamer	24
924	10625.jpg	Raw_Raw_Inani	Metamer	25
925	10626.jpg	Raw_Raw_Inani	Metamer	26
926	10627.jpg	Raw_Raw_Inani	Metamer	27
927	10628.jpg	Raw_Raw_Inani	Metamer	28
928	10629.jpg	Raw_Raw_Inani	Metamer	29
929	10630.jpg	Raw_Raw_Inani	Metamer	30
930	10631.jpg	Raw_Raw_Inani	Metamer	31
931	10632.jpg	Raw_Raw_Inani	Metamer	32
932	10633.jpg	Raw_Raw_Inani	Metamer	33
933	10634.jpg	Raw_Raw_Inani	Metamer	34
934	10635.jpg	Raw_Raw_Inani	Metamer	35
935	10636.jpg	Raw_Raw_Inani	Metamer	36
936	10637.jpg	Raw_Raw_Inani	Metamer	37
937	10638.jpg	Raw_Raw_Inani	Metamer	38
938	10639.jpg	Raw_Raw_Inani	Metamer	39
939	10640.jpg	Raw_Raw_Inani	Metamer	40
940	10641.jpg	P4_C4_Ani	Metamer	1
941	10642.jpg	P4_C4_Ani	Metamer	2
942	10643.jpg	P4_C4_Ani	Metamer	3
943	10644.jpg	P4_C4_Ani	Metamer	4
944	10645.jpg	P4_C4_Ani	Metamer	5
945	10646.jpg	P4_C4_Ani	Metamer	6
946	10647.jpg	P4_C4_Ani	Metamer	7
947	10648.jpg	P4_C4_Ani	Metamer	8
948	10649.jpg	P4_C4_Ani	Metamer	9
949	10650.jpg	P4_C4_Ani	Metamer	10
950	10651.jpg	P4_C4_Ani	Metamer	11
951	10652.jpg	P4_C4_Ani	Metamer	12
952	10653.jpg	P4_C4_Ani	Metamer	13
953	10654.jpg	P4_C4_Ani	Metamer	14
954	10655.jpg	P4_C4_Ani	Metamer	15
955	10656.jpg	P4_C4_Ani	Metamer	16
956	10657.jpg	P4_C4_Ani	Metamer	17
957	10658.jpg	P4_C4_Ani	Metamer	18
958	10659.jpg	P4_C4_Ani	Metamer	19
959	10660.jpg	P4_C4_Ani	Metamer	20
960	10661.jpg	P4_C4_Inani	Metamer	21
961	10662.jpg	P4_C4_Inani	Metamer	22
962	10663.jpg	P4_C4_Inani	Metamer	23
963	10664.jpg	P4_C4_Inani	Metamer	24
964	10665.jpg	P4_C4_Inani	Metamer	25
965	10666.jpg	P4_C4_Inani	Metamer	26
966	10667.jpg	P4_C4_Inani	Metamer	27
967	10668.jpg	P4_C4_Inani	Metamer	28
968	10669.jpg	P4_C4_Inani	Metamer	29
969	10670.jpg	P4_C4_Inani	Metamer	30
970	10671.jpg	P4_C4_Inani	Metamer	31
971	10672.jpg	P4_C4_Inani	Metamer	32
972	10673.jpg	P4_C4_Inani	Metamer	33
973	10674.jpg	P4_C4_Inani	Metamer	34
974	10675.jpg	P4_C4_Inani	Metamer	35
975	10676.jpg	P4_C4_Inani	Metamer	36
976	10677.jpg	P4_C4_Inani	Metamer	37
977	10678.jpg	P4_C4_Inani	Metamer	38
978	10679.jpg	P4_C4_Inani	Metamer	39
979	10680.jpg	P4_C4_Inani	Metamer	40
980	10681.jpg	P4_C3_Ani	Metamer	1
981	10682.jpg	P4_C3_Ani	Metamer	2
982	10683.jpg	P4_C3_Ani	Metamer	3
983	10684.jpg	P4_C3_Ani	Metamer	4
984	10685.jpg	P4_C3_Ani	Metamer	5
985	10686.jpg	P4_C3_Ani	Metamer	6
986	10687.jpg	P4_C3_Ani	Metamer	7
987	10688.jpg	P4_C3_Ani	Metamer	8
988	10689.jpg	P4_C3_Ani	Metamer	9
989	10690.jpg	P4_C3_Ani	Metamer	10
990	10691.jpg	P4_C3_Ani	Metamer	11
991	10692.jpg	P4_C3_Ani	Metamer	12
992	10693.jpg	P4_C3_Ani	Metamer	13
993	10694.jpg	P4_C3_Ani	Metamer	14
994	10695.jpg	P4_C3_Ani	Metamer	15
995	10696.jpg	P4_C3_Ani	Metamer	16
996	10697.jpg	P4_C3_Ani	Metamer	17
997	10698.jpg	P4_C3_Ani	Metamer	18
998	10699.jpg	P4_C3_Ani	Metamer	19
999	10700.jpg	P4_C3_Ani	Metamer	20
1000	10701.jpg	P4_C3_Inani	Metamer	21
1001	10702.jpg	P4_C3_Inani	Metamer	22
1002	10703.jpg	P4_C3_Inani	Metamer	23
1003	10704.jpg	P4_C3_Inani	Metamer	24
1004	10705.jpg	P4_C3_Inani	Metamer	25
1005	10706.jpg	P4_C3_Inani	Metamer	26
1006	10707.jpg	P4_C3_Inani	Metamer	27
1007	10708.jpg	P4_C3_Inani	Metamer	28
1008	10709.jpg	P4_C3_Inani	Metamer	29
1009	10710.jpg	P4_C3_Inani	Metamer	30
1010	10711.jpg	P4_C3_Inani	Metamer	31
1011	10712.jpg	P4_C3_Inani	Metamer	32
1012	10713.jpg	P4_C3_Inani	Metamer	33
1013	10714.jpg	P4_C3_Inani	Metamer	34
1014	10715.jpg	P4_C3_Inani	Metamer	35
1015	10716.jpg	P4_C3_Inani	Metamer	36
1016	10717.jpg	P4_C3_Inani	Metamer	37
1017	10718.jpg	P4_C3_Inani	Metamer	38
1018	10719.jpg	P4_C3_Inani	Metamer	39
1019	10720.jpg	P4_C3_Inani	Metamer	40
1020	10721.jpg	P4_C2_Ani	Metamer	1
1021	10722.jpg	P4_C2_Ani	Metamer	2
1022	10723.jpg	P4_C2_Ani	Metamer	3
1023	10724.jpg	P4_C2_Ani	Metamer	4
1024	10725.jpg	P4_C2_Ani	Metamer	5
1025	10726.jpg	P4_C2_Ani	Metamer	6
1026	10727.jpg	P4_C2_Ani	Metamer	7
1027	10728.jpg	P4_C2_Ani	Metamer	8
1028	10729.jpg	P4_C2_Ani	Metamer	9
1029	10730.jpg	P4_C2_Ani	Metamer	10
1030	10731.jpg	P4_C2_Ani	Metamer	11
1031	10732.jpg	P4_C2_Ani	Metamer	12
1032	10733.jpg	P4_C2_Ani	Metamer	13
1033	10734.jpg	P4_C2_Ani	Metamer	14
1034	10735.jpg	P4_C2_Ani	Metamer	15
1035	10736.jpg	P4_C2_Ani	Metamer	16
1036	10737.jpg	P4_C2_Ani	Metamer	17
1037	10738.jpg	P4_C2_Ani	Metamer	18
1038	10739.jpg	P4_C2_Ani	Metamer	19
1039	10740.jpg	P4_C2_Ani	Metamer	20
1040	10741.jpg	P4_C2_Inani	Metamer	21
1041	10742.jpg	P4_C2_Inani	Metamer	22
1042	10743.jpg	P4_C2_Inani	Metamer	23
1043	10744.jpg	P4_C2_Inani	Metamer	24
1044	10745.jpg	P4_C2_Inani	Metamer	25
1045	10746.jpg	P4_C2_Inani	Metamer	26
1046	10747.jpg	P4_C2_Inani	Metamer	27
1047	10748.jpg	P4_C2_Inani	Metamer	28
1048	10749.jpg	P4_C2_Inani	Metamer	29
1049	10750.jpg	P4_C2_Inani	Metamer	30
1050	10751.jpg	P4_C2_Inani	Metamer	31
1051	10752.jpg	P4_C2_Inani	Metamer	32
1052	10753.jpg	P4_C2_Inani	Metamer	33
1053	10754.jpg	P4_C2_Inani	Metamer	34
1054	10755.jpg	P4_C2_Inani	Metamer	35
1055	10756.jpg	P4_C2_Inani	Metamer	36
1056	10757.jpg	P4_C2_Inani	Metamer	37
1057	10758.jpg	P4_C2_Inani	Metamer	38
1058	10759.jpg	P4_C2_Inani	Metamer	39
1059	10760.jpg	P4_C2_Inani	Metamer	40
1060	10761.jpg	P4_C1_Ani	Metamer	1
1061	10762.jpg	P4_C1_Ani	Metamer	2
1062	10763.jpg	P4_C1_Ani	Metamer	3
1063	10764.jpg	P4_C1_Ani	Metamer	4
1064	10765.jpg	P4_C1_Ani	Metamer	5
1065	10766.jpg	P4_C1_Ani	Metamer	6
1066	10767.jpg	P4_C1_Ani	Metamer	7
1067	10768.jpg	P4_C1_Ani	Metamer	8
1068	10769.jpg	P4_C1_Ani	Metamer	9
1069	10770.jpg	P4_C1_Ani	Metamer	10
1070	10771.jpg	P4_C1_Ani	Metamer	11
1071	10772.jpg	P4_C1_Ani	Metamer	12
1072	10773.jpg	P4_C1_Ani	Metamer	13
1073	10774.jpg	P4_C1_Ani	Metamer	14
1074	10775.jpg	P4_C1_Ani	Metamer	15
1075	10776.jpg	P4_C1_Ani	Metamer	16
1076	10777.jpg	P4_C1_Ani	Metamer	17
1077	10778.jpg	P4_C1_Ani	Metamer	18
1078	10779.jpg	P4_C1_Ani	Metamer	19
1079	10780.jpg	P4_C1_Ani	Metamer	20
1080	10781.jpg	P4_C1_Inani	Metamer	21
1081	10782.jpg	P4_C1_Inani	Metamer	22
1082	10783.jpg	P4_C1_Inani	Metamer	23
1083	10784.jpg	P4_C1_Inani	Metamer	24
1084	10785.jpg	P4_C1_Inani	Metamer	25
1085	10786.jpg	P4_C1_Inani	Metamer	26
1086	10787.jpg	P4_C1_Inani	Metamer	27
1087	10788.jpg	P4_C1_Inani	Metamer	28
1088	10789.jpg	P4_C1_Inani	Metamer	29
1089	10790.jpg	P4_C1_Inani	Metamer	30
1090	10791.jpg	P4_C1_Inani	Metamer	31
1091	10792.jpg	P4_C1_Inani	Metamer	32
1092	10793.jpg	P4_C1_Inani	Metamer	33
1093	10794.jpg	P4_C1_Inani	Metamer	34
1094	10795.jpg	P4_C1_Inani	Metamer	35
1095	10796.jpg	P4_C1_Inani	Metamer	36
1096	10797.jpg	P4_C1_Inani	Metamer	37
1097	10798.jpg	P4_C1_Inani	Metamer	38
1098	10799.jpg	P4_C1_Inani	Metamer	39
1099	10800.jpg	P4_C1_Inani	Metamer	40
1100	10801.jpg	Raw_Raw_Ani	Metamer	1
1101	10802.jpg	Raw_Raw_Ani	Metamer	2
1102	10803.jpg	Raw_Raw_Ani	Metamer	3
1103	10804.jpg	Raw_Raw_Ani	Metamer	4
1104	10805.jpg	Raw_Raw_Ani	Metamer	5
1105	10806.jpg	Raw_Raw_Ani	Metamer	6
1106	10807.jpg	Raw_Raw_Ani	Metamer	7
1107	10808.jpg	Raw_Raw_Ani	Metamer	8
1108	10809.jpg	Raw_Raw_Ani	Metamer	9
1109	10810.jpg	Raw_Raw_Ani	Metamer	10
1110	10811.jpg	Raw_Raw_Ani	Metamer	11
1111	10812.jpg	Raw_Raw_Ani	Metamer	12
1112	10813.jpg	Raw_Raw_Ani	Metamer	13
1113	10814.jpg	Raw_Raw_Ani	Metamer	14
1114	10815.jpg	Raw_Raw_Ani	Metamer	15
1115	10816.jpg	Raw_Raw_Ani	Metamer	16
1116	10817.jpg	Raw_Raw_Ani	Metamer	17
1117	10818.jpg	Raw_Raw_Ani	Metamer	18
1118	10819.jpg	Raw_Raw_Ani	Metamer	19
1119	10820.jpg	Raw_Raw_Ani	Metamer	20
1120	10821.jpg	Raw_Raw_Inani	Metamer	21
1121	10822.jpg	Raw_Raw_Inani	Metamer	22
1122	10823.jpg	Raw_Raw_Inani	Metamer	23
1123	10824.jpg	Raw_Raw_Inani	Metamer	24
1124	10825.jpg	Raw_Raw_Inani	Metamer	25
1125	10826.jpg	Raw_Raw_Inani	Metamer	26
1126	10827.jpg	Raw_Raw_Inani	Metamer	27
1127	10828.jpg	Raw_Raw_Inani	Metamer	28
1128	10829.jpg	Raw_Raw_Inani	Metamer	29
1129	10830.jpg	Raw_Raw_Inani	Metamer	30
1130	10831.jpg	Raw_Raw_Inani	Metamer	31
1131	10832.jpg	Raw_Raw_Inani	Metamer	32
1132	10833.jpg	Raw_Raw_Inani	Metamer	33
1133	10834.jpg	Raw_Raw_Inani	Metamer	34
1134	10835.jpg	Raw_Raw_Inani	Metamer	35
1135	10836.jpg	Raw_Raw_Inani	Metamer	36
1136	10837.jpg	Raw_Raw_Inani	Metamer	37
1137	10838.jpg	Raw_Raw_Inani	Metamer	38
1138	10839.jpg	Raw_Raw_Inani	Metamer	39
1139	10840.jpg	Raw_Raw_Inani	Metamer	40
1140	10841.jpg	P4_C4_Ani	Metamer	1
1141	10842.jpg	P4_C4_Ani	Metamer	2
1142	10843.jpg	P4_C4_Ani	Metamer	3
1143	10844.jpg	P4_C4_Ani	Metamer	4
1144	10845.jpg	P4_C4_Ani	Metamer	5
1145	10846.jpg	P4_C4_Ani	Metamer	6
1146	10847.jpg	P4_C4_Ani	Metamer	7
1147	10848.jpg	P4_C4_Ani	Metamer	8
1148	10849.jpg	P4_C4_Ani	Metamer	9
1149	10850.jpg	P4_C4_Ani	Metamer	10
1150	10851.jpg	P4_C4_Ani	Metamer	11
1151	10852.jpg	P4_C4_Ani	Metamer	12
1152	10853.jpg	P4_C4_Ani	Metamer	13
1153	10854.jpg	P4_C4_Ani	Metamer	14
1154	10855.jpg	P4_C4_Ani	Metamer	15
1155	10856.jpg	P4_C4_Ani	Metamer	16
1156	10857.jpg	P4_C4_Ani	Metamer	17
1157	10858.jpg	P4_C4_Ani	Metamer	18
1158	10859.jpg	P4_C4_Ani	Metamer	19
1159	10860.jpg	P4_C4_Ani	Metamer	20
1160	10861.jpg	P4_C4_Inani	Metamer	21
1161	10862.jpg	P4_C4_Inani	Metamer	22
1162	10863.jpg	P4_C4_Inani	Metamer	23
1163	10864.jpg	P4_C4_Inani	Metamer	24
1164	10865.jpg	P4_C4_Inani	Metamer	25
1165	10866.jpg	P4_C4_Inani	Metamer	26
1166	10867.jpg	P4_C4_Inani	Metamer	27
1167	10868.jpg	P4_C4_Inani	Metamer	28
1168	10869.jpg	P4_C4_Inani	Metamer	29
1169	10870.jpg	P4_C4_Inani	Metamer	30
1170	10871.jpg	P4_C4_Inani	Metamer	31
1171	10872.jpg	P4_C4_Inani	Metamer	32
1172	10873.jpg	P4_C4_Inani	Metamer	33
1173	10874.jpg	P4_C4_Inani	Metamer	34
1174	10875.jpg	P4_C4_Inani	Metamer	35
1175	10876.jpg	P4_C4_Inani	Metamer	36
1176	10877.jpg	P4_C4_Inani	Metamer	37
1177	10878.jpg	P4_C4_Inani	Metamer	38
1178	10879.jpg	P4_C4_Inani	Metamer	39
1179	10880.jpg	P4_C4_Inani	Metamer	40
1180	10881.jpg	P4_C3_Ani	Metamer	1
1181	10882.jpg	P4_C3_Ani	Metamer	2
1182	10883.jpg	P4_C3_Ani	Metamer	3
1183	10884.jpg	P4_C3_Ani	Metamer	4
1184	10885.jpg	P4_C3_Ani	Metamer	5
1185	10886.jpg	P4_C3_Ani	Metamer	6
1186	10887.jpg	P4_C3_Ani	Metamer	7
1187	10888.jpg	P4_C3_Ani	Metamer	8
1188	10889.jpg	P4_C3_Ani	Metamer	9
1189	10890.jpg	P4_C3_Ani	Metamer	10
1190	10891.jpg	P4_C3_Ani	Metamer	11
1191	10892.jpg	P4_C3_Ani	Metamer	12
1192	10893.jpg	P4_C3_Ani	Metamer	13
1193	10894.jpg	P4_C3_Ani	Metamer	14
1194	10895.jpg	P4_C3_Ani	Metamer	15
1195	10896.jpg	P4_C3_Ani	Metamer	16
1196	10897.jpg	P4_C3_Ani	Metamer	17
1197	10898.jpg	P4_C3_Ani	Metamer	18
1198	10899.jpg	P4_C3_Ani	Metamer	19
1199	10900.jpg	P4_C3_Ani	Metamer	20
1200	10901.jpg	P4_C3_Inani	Metamer	21
1201	10902.jpg	P4_C3_Inani	Metamer	22
1202	10903.jpg	P4_C3_Inani	Metamer	23
1203	10904.jpg	P4_C3_Inani	Metamer	24
1204	10905.jpg	P4_C3_Inani	Metamer	25
1205	10906.jpg	P4_C3_Inani	Metamer	26
1206	10907.jpg	P4_C3_Inani	Metamer	27
1207	10908.jpg	P4_C3_Inani	Metamer	28
1208	10909.jpg	P4_C3_Inani	Metamer	29
1209	10910.jpg	P4_C3_Inani	Metamer	30
1210	10911.jpg	P4_C3_Inani	Metamer	31
1211	10912.jpg	P4_C3_Inani	Metamer	32
1212	10913.jpg	P4_C3_Inani	Metamer	33
1213	10914.jpg	P4_C3_Inani	Metamer	34
1214	10915.jpg	P4_C3_Inani	Metamer	35
1215	10916.jpg	P4_C3_Inani	Metamer	36
1216	10917.jpg	P4_C3_Inani	Metamer	37
1217	10918.jpg	P4_C3_Inani	Metamer	38
1218	10919.jpg	P4_C3_Inani	Metamer	39
1219	10920.jpg	P4_C3_Inani	Metamer	40
1220	10921.jpg	P4_C2_Ani	Metamer	1
1221	10922.jpg	P4_C2_Ani	Metamer	2
1222	10923.jpg	P4_C2_Ani	Metamer	3
1223	10924.jpg	P4_C2_Ani	Metamer	4
1224	10925.jpg	P4_C2_Ani	Metamer	5
1225	10926.jpg	P4_C2_Ani	Metamer	6
1226	10927.jpg	P4_C2_Ani	Metamer	7
1227	10928.jpg	P4_C2_Ani	Metamer	8
1228	10929.jpg	P4_C2_Ani	Metamer	9
1229	10930.jpg	P4_C2_Ani	Metamer	10
1230	10931.jpg	P4_C2_Ani	Metamer	11
1231	10932.jpg	P4_C2_Ani	Metamer	12
1232	10933.jpg	P4_C2_Ani	Metamer	13
1233	10934.jpg	P4_C2_Ani	Metamer	14
1234	10935.jpg	P4_C2_Ani	Metamer	15
1235	10936.jpg	P4_C2_Ani	Metamer	16
1236	10937.jpg	P4_C2_Ani	Metamer	17
1237	10938.jpg	P4_C2_Ani	Metamer	18
1238	10939.jpg	P4_C2_Ani	Metamer	19
1239	10940.jpg	P4_C2_Ani	Metamer	20
1240	10941.jpg	P4_C2_Inani	Metamer	21
1241	10942.jpg	P4_C2_Inani	Metamer	22
1242	10943.jpg	P4_C2_Inani	Metamer	23
1243	10944.jpg	P4_C2_Inani	Metamer	24
1244	10945.jpg	P4_C2_Inani	Metamer	25
1245	10946.jpg	P4_C2_Inani	Metamer	26
1246	10947.jpg	P4_C2_Inani	Metamer	27
1247	10948.jpg	P4_C2_Inani	Metamer	28
1248	10949.jpg	P4_C2_Inani	Metamer	29
1249	10950.jpg	P4_C2_Inani	Metamer	30
1250	10951.jpg	P4_C2_Inani	Metamer	31
1251	10952.jpg	P4_C2_Inani	Metamer	32
1252	10953.jpg	P4_C2_Inani	Metamer	33
1253	10954.jpg	P4_C2_Inani	Metamer	34
1254	10955.jpg	P4_C2_Inani	Metamer	35
1255	10956.jpg	P4_C2_Inani	Metamer	36
1256	10957.jpg	P4_C2_Inani	Metamer	37
1257	10958.jpg	P4_C2_Inani	Metamer	38
1258	10959.jpg	P4_C2_Inani	Metamer	39
1259	10960.jpg	P4_C2_Inani	Metamer	40
1260	10961.jpg	P4_C1_Ani	Metamer	1
1261	10962.jpg	P4_C1_Ani	Metamer	2
1262	10963.jpg	P4_C1_Ani	Metamer	3
1263	10964.jpg	P4_C1_Ani	Metamer	4
1264	10965.jpg	P4_C1_Ani	Metamer	5
1265	10966.jpg	P4_C1_Ani	Metamer	6
1266	10967.jpg	P4_C1_Ani	Metamer	7
1267	10968.jpg	P4_C1_Ani	Metamer	8
1268	10969.jpg	P4_C1_Ani	Metamer	9
1269	10970.jpg	P4_C1_Ani	Metamer	10
1270	10971.jpg	P4_C1_Ani	Metamer	11
1271	10972.jpg	P4_C1_Ani	Metamer	12
1272	10973.jpg	P4_C1_Ani	Metamer	13
1273	10974.jpg	P4_C1_Ani	Metamer	14
1274	10975.jpg	P4_C1_Ani	Metamer	15
1275	10976.jpg	P4_C1_Ani	Metamer	16
1276	10977.jpg	P4_C1_Ani	Metamer	17
1277	10978.jpg	P4_C1_Ani	Metamer	18
1278	10979.jpg	P4_C1_Ani	Metamer	19
1279	10980.jpg	P4_C1_Ani	Metamer	20
1280	10981.jpg	P4_C1_Inani	Metamer	21
1281	10982.jpg	P4_C1_Inani	Metamer	22
1282	10983.jpg	P4_C1_Inani	Metamer	23
1283	10984.jpg	P4_C1_Inani	Metamer	24
1284	10985.jpg	P4_C1_Inani	Metamer	25
1285	10986.jpg	P4_C1_Inani	Metamer	26
1286	10987.jpg	P4_C1_Inani	Metamer	27
1287	10988.jpg	P4_C1_Inani	Metamer	28
1288	10989.jpg	P4_C1_Inani	Metamer	29
1289	10990.jpg	P4_C1_Inani	Metamer	30
1290	10991.jpg	P4_C1_Inani	Metamer	31
1291	10992.jpg	P4_C1_Inani	Metamer	32
1292	10993.jpg	P4_C1_Inani	Metamer	33
1293	10994.jpg	P4_C1_Inani	Metamer	34
1294	10995.jpg	P4_C1_Inani	Metamer	35
1295	10996.jpg	P4_C1_Inani	Metamer	36
1296	10997.jpg	P4_C1_Inani	Metamer	37
1297	10998.jpg	P4_C1_Inani	Metamer	38
1298	10999.jpg	P4_C1_Inani	Metamer	39
1299	11000.jpg	P4_C1_Inani	Metamer	40
1300	30001.jpg	Boulder	Boulder_Silct	1
1301	30002.jpg	Boulder	Boulder_Silct	2
1302	30003.jpg	Boulder	Boulder_Silct	3
1303	30004.jpg	Boulder	Boulder_Silct	4
1304	30005.jpg	Boulder	Boulder_Silct	5
1305	30006.jpg	Boulder	Boulder_Silct	6
1306	30007.jpg	Boulder	Boulder_Silct	7
1307	30008.jpg	Boulder	Boulder_Silct	8
1308	30009.jpg	Boulder	Boulder_Silct	9
1309	30010.jpg	Boulder	Boulder_Silct	10
1310	30011.jpg	Boulder	Boulder_Silct	11
1311	30012.jpg	Boulder	Boulder_Silct	12
1312	30013.jpg	Boulder	Boulder_Silct	13
1313	30014.jpg	Boulder	Boulder_Silct	14
1314	30015.jpg	Boulder	Boulder_Silct	15
1315	30016.jpg	Boulder	Boulder_Silct	16
1316	30017.jpg	Boulder	Boulder_Silct	17
1317	30018.jpg	Boulder	Boulder_Silct	18
1318	30019.jpg	Boulder	Boulder_Silct	19
1319	30020.jpg	Boulder	Boulder_Silct	20
1320	30021.jpg	Silct	Boulder_Silct	1
1321	30022.jpg	Silct	Boulder_Silct	2
1322	30023.jpg	Silct	Boulder_Silct	3
1323	30024.jpg	Silct	Boulder_Silct	4
1324	30025.jpg	Silct	Boulder_Silct	5
1325	30026.jpg	Silct	Boulder_Silct	6
1326	30027.jpg	Silct	Boulder_Silct	7
1327	30028.jpg	Silct	Boulder_Silct	8
1328	30029.jpg	Silct	Boulder_Silct	9
1329	30030.jpg	Silct	Boulder_Silct	10
1330	30031.jpg	Silct	Boulder_Silct	11
1331	30032.jpg	Silct	Boulder_Silct	12
1332	30033.jpg	Silct	Boulder_Silct	13
1333	30034.jpg	Silct	Boulder_Silct	14
1334	30035.jpg	Silct	Boulder_Silct	15
1335	30036.jpg	Silct	Boulder_Silct	16
1336	30037.jpg	Silct	Boulder_Silct	17
1337	30038.jpg	Silct	Boulder_Silct	18
1338	30039.jpg	Silct	Boulder_Silct	19
1339	30040.jpg	Silct	Boulder_Silct	20
1340	40001.jpg	Occluded	Occluded_Rested	1
1341	40002.jpg	Occluded	Occluded_Rested	1
1342	40003.jpg	Occluded	Occluded_Rested	1
1343	40004.jpg	Occluded	Occluded_Rested	1
1344	40005.jpg	Occluded	Occluded_Rested	1
1345	40006.jpg	Occluded	Occluded_Rested	1
1346	40007.jpg	Occluded	Occluded_Rested	1
1347	40008.jpg	Occluded	Occluded_Rested	1
1348	40009.jpg	Occluded	Occluded_Rested	1
1349	40010.jpg	Occluded	Occluded_Rested	1
1350	40011.jpg	Occluded	Occluded_Rested	1
1351	40012.jpg	Occluded	Occluded_Rested	1
1352	40013.jpg	Occluded	Occluded_Rested	1
1353	40014.jpg	Occluded	Occluded_Rested	1
1354	40015.jpg	Occluded	Occluded_Rested	1
1355	40016.jpg	Occluded	Occluded_Rested	1
1356	40017.jpg	Occluded	Occluded_Rested	1
1357	40018.jpg	Occluded	Occluded_Rested	1
1358	40019.jpg	Occluded	Occluded_Rested	1
1359	40020.jpg	Occluded	Occluded_Rested	1
1360	40021.jpg	Occluded	Occluded_Rested	1
1361	40022.jpg	Occluded	Occluded_Rested	1
1362	40023.jpg	Occluded	Occluded_Rested	1
1363	40024.jpg	Occluded	Occluded_Rested	1
1364	40025.jpg	Occluded	Occluded_Rested	1
1365	40026.jpg	Occluded	Occluded_Rested	1
1366	40027.jpg	Occluded	Occluded_Rested	1
1367	40028.jpg	Occluded	Occluded_Rested	1
1368	40029.jpg	Occluded	Occluded_Rested	1
1369	40030.jpg	Occluded	Occluded_Rested	1
1370	40031.jpg	Occluded	Occluded_Rested	1
1371	40032.jpg	Occluded	Occluded_Rested	1
1372	40033.jpg	Occluded	Occluded_Rested	1
1373	40034.jpg	Occluded	Occluded_Rested	1
1374	40035.jpg	Occluded	Occluded_Rested	1
1375	40036.jpg	Occluded	Occluded_Rested	1
1376	40037.jpg	Occluded	Occluded_Rested	1
1377	40038.jpg	Occluded	Occluded_Rested	1
1378	40039.jpg	Occluded	Occluded_Rested	1
1379	40040.jpg	Occluded	Occluded_Rested	1
1380	40041.jpg	Occluded	Occluded_Rested	1
1381	40042.jpg	Occluded	Occluded_Rested	1
1382	40043.jpg	Occluded	Occluded_Rested	1
1383	40044.jpg	Occluded	Occluded_Rested	1
1384	40045.jpg	Occluded	Occluded_Rested	1
1385	40046.jpg	Occluded	Occluded_Rested	1
1386	40047.jpg	Occluded	Occluded_Rested	1
1387	40048.jpg	Occluded	Occluded_Rested	1
1388	40049.jpg	Occluded	Occluded_Rested	1
1389	40050.jpg	Occluded	Occluded_Rested	1
1390	40051.jpg	Occluded	Occluded_Rested	1
1391	40052.jpg	Occluded	Occluded_Rested	1
1392	40053.jpg	Occluded	Occluded_Rested	1
1393	40054.jpg	Occluded	Occluded_Rested	1
1394	40055.jpg	Occluded	Occluded_Rested	1
1395	40056.jpg	Occluded	Occluded_Rested	1
1396	40057.jpg	Occluded	Occluded_Rested	1
1397	40058.jpg	Occluded	Occluded_Rested	1
1398	40059.jpg	Occluded	Occluded_Rested	1
1399	40060.jpg	Occluded	Occluded_Rested	1
1400	40061.jpg	Occluded	Occluded_Rested	1
1401	40062.jpg	Occluded	Occluded_Rested	1
1402	40063.jpg	Occluded	Occluded_Rested	1
1403	40064.jpg	Occluded	Occluded_Rested	1
1404	40065.jpg	Occluded	Occluded_Rested	1
1405	40066.jpg	Occluded	Occluded_Rested	1
1406	40067.jpg	Occluded	Occluded_Rested	1
1407	40068.jpg	Occluded	Occluded_Rested	1
1408	40069.jpg	Occluded	Occluded_Rested	1
1409	40070.jpg	Occluded	Occluded_Rested	1
1410	40071.jpg	Occluded	Occluded_Rested	1
1411	40072.jpg	Occluded	Occluded_Rested	1
1412	40073.jpg	Occluded	Occluded_Rested	1
1413	40074.jpg	Occluded	Occluded_Rested	1
1414	40075.jpg	Occluded	Occluded_Rested	1
1415	40076.jpg	Occluded	Occluded_Rested	1
1416	40077.jpg	Occluded	Occluded_Rested	1
1417	40078.jpg	Occluded	Occluded_Rested	1
1418	40079.jpg	Occluded	Occluded_Rested	1
1419	40080.jpg	Occluded	Occluded_Rested	1
1420	40081.jpg	Occluded	Occluded_Rested	2
1421	40082.jpg	Occluded	Occluded_Rested	2
1422	40083.jpg	Occluded	Occluded_Rested	2
1423	40084.jpg	Occluded	Occluded_Rested	2
1424	40085.jpg	Occluded	Occluded_Rested	2
1425	40086.jpg	Occluded	Occluded_Rested	2
1426	40087.jpg	Occluded	Occluded_Rested	2
1427	40088.jpg	Occluded	Occluded_Rested	2
1428	40089.jpg	Occluded	Occluded_Rested	2
1429	40090.jpg	Occluded	Occluded_Rested	2
1430	40091.jpg	Occluded	Occluded_Rested	2
1431	40092.jpg	Occluded	Occluded_Rested	2
1432	40093.jpg	Occluded	Occluded_Rested	2
1433	40094.jpg	Occluded	Occluded_Rested	2
1434	40095.jpg	Occluded	Occluded_Rested	2
1435	40096.jpg	Occluded	Occluded_Rested	2
1436	40097.jpg	Occluded	Occluded_Rested	2
1437	40098.jpg	Occluded	Occluded_Rested	2
1438	40099.jpg	Occluded	Occluded_Rested	2
1439	40100.jpg	Occluded	Occluded_Rested	2
1440	40101.jpg	Occluded	Occluded_Rested	2
1441	40102.jpg	Occluded	Occluded_Rested	2
1442	40103.jpg	Occluded	Occluded_Rested	2
1443	40104.jpg	Occluded	Occluded_Rested	2
1444	40105.jpg	Occluded	Occluded_Rested	2
1445	40106.jpg	Occluded	Occluded_Rested	2
1446	40107.jpg	Occluded	Occluded_Rested	2
1447	40108.jpg	Occluded	Occluded_Rested	2
1448	40109.jpg	Occluded	Occluded_Rested	2
1449	40110.jpg	Occluded	Occluded_Rested	2
1450	40111.jpg	Occluded	Occluded_Rested	2
1451	40112.jpg	Occluded	Occluded_Rested	2
1452	40113.jpg	Occluded	Occluded_Rested	2
1453	40114.jpg	Occluded	Occluded_Rested	2
1454	40115.jpg	Occluded	Occluded_Rested	2
1455	40116.jpg	Occluded	Occluded_Rested	2
1456	40117.jpg	Occluded	Occluded_Rested	2
1457	40118.jpg	Occluded	Occluded_Rested	2
1458	40119.jpg	Occluded	Occluded_Rested	2
1459	40120.jpg	Occluded	Occluded_Rested	2
1460	40121.jpg	Occluded	Occluded_Rested	2
1461	40122.jpg	Occluded	Occluded_Rested	2
1462	40123.jpg	Occluded	Occluded_Rested	2
1463	40124.jpg	Occluded	Occluded_Rested	2
1464	40125.jpg	Occluded	Occluded_Rested	2
1465	40126.jpg	Occluded	Occluded_Rested	2
1466	40127.jpg	Occluded	Occluded_Rested	2
1467	40128.jpg	Occluded	Occluded_Rested	2
1468	40129.jpg	Occluded	Occluded_Rested	2
1469	40130.jpg	Occluded	Occluded_Rested	2
1470	40131.jpg	Occluded	Occluded_Rested	2
1471	40132.jpg	Occluded	Occluded_Rested	2
1472	40133.jpg	Occluded	Occluded_Rested	2
1473	40134.jpg	Occluded	Occluded_Rested	2
1474	40135.jpg	Occluded	Occluded_Rested	2
1475	40136.jpg	Occluded	Occluded_Rested	2
1476	40137.jpg	Occluded	Occluded_Rested	2
1477	40138.jpg	Occluded	Occluded_Rested	2
1478	40139.jpg	Occluded	Occluded_Rested	2
1479	40140.jpg	Occluded	Occluded_Rested	2
1480	40141.jpg	Occluded	Occluded_Rested	2
1481	40142.jpg	Occluded	Occluded_Rested	2
1482	40143.jpg	Occluded	Occluded_Rested	2
1483	40144.jpg	Occluded	Occluded_Rested	2
1484	40145.jpg	Occluded	Occluded_Rested	2
1485	40146.jpg	Occluded	Occluded_Rested	2
1486	40147.jpg	Occluded	Occluded_Rested	2
1487	40148.jpg	Occluded	Occluded_Rested	2
1488	40149.jpg	Occluded	Occluded_Rested	2
1489	40150.jpg	Occluded	Occluded_Rested	2
1490	40151.jpg	Occluded	Occluded_Rested	2
1491	40152.jpg	Occluded	Occluded_Rested	2
1492	40153.jpg	Occluded	Occluded_Rested	2
1493	40154.jpg	Occluded	Occluded_Rested	2
1494	40155.jpg	Occluded	Occluded_Rested	2
1495	40156.jpg	Occluded	Occluded_Rested	2
1496	40157.jpg	Occluded	Occluded_Rested	2
1497	40158.jpg	Occluded	Occluded_Rested	2
1498	40159.jpg	Occluded	Occluded_Rested	2
1499	40160.jpg	Occluded	Occluded_Rested	2
1500	40161.jpg	Occluded	Occluded_Rested	3
1501	40162.jpg	Occluded	Occluded_Rested	3
1502	40163.jpg	Occluded	Occluded_Rested	3
1503	40164.jpg	Occluded	Occluded_Rested	3
1504	40165.jpg	Occluded	Occluded_Rested	3
1505	40166.jpg	Occluded	Occluded_Rested	3
1506	40167.jpg	Occluded	Occluded_Rested	3
1507	40168.jpg	Occluded	Occluded_Rested	3
1508	40169.jpg	Occluded	Occluded_Rested	3
1509	40170.jpg	Occluded	Occluded_Rested	3
1510	40171.jpg	Occluded	Occluded_Rested	3
1511	40172.jpg	Occluded	Occluded_Rested	3
1512	40173.jpg	Occluded	Occluded_Rested	3
1513	40174.jpg	Occluded	Occluded_Rested	3
1514	40175.jpg	Occluded	Occluded_Rested	3
1515	40176.jpg	Occluded	Occluded_Rested	3
1516	40177.jpg	Occluded	Occluded_Rested	3
1517	40178.jpg	Occluded	Occluded_Rested	3
1518	40179.jpg	Occluded	Occluded_Rested	3
1519	40180.jpg	Occluded	Occluded_Rested	3
1520	40181.jpg	Occluded	Occluded_Rested	3
1521	40182.jpg	Occluded	Occluded_Rested	3
1522	40183.jpg	Occluded	Occluded_Rested	3
1523	40184.jpg	Occluded	Occluded_Rested	3
1524	40185.jpg	Occluded	Occluded_Rested	3
1525	40186.jpg	Occluded	Occluded_Rested	3
1526	40187.jpg	Occluded	Occluded_Rested	3
1527	40188.jpg	Occluded	Occluded_Rested	3
1528	40189.jpg	Occluded	Occluded_Rested	3
1529	40190.jpg	Occluded	Occluded_Rested	3
1530	40191.jpg	Occluded	Occluded_Rested	3
1531	40192.jpg	Occluded	Occluded_Rested	3
1532	40193.jpg	Occluded	Occluded_Rested	3
1533	40194.jpg	Occluded	Occluded_Rested	3
1534	40195.jpg	Occluded	Occluded_Rested	3
1535	40196.jpg	Occluded	Occluded_Rested	3
1536	40197.jpg	Occluded	Occluded_Rested	3
1537	40198.jpg	Occluded	Occluded_Rested	3
1538	40199.jpg	Occluded	Occluded_Rested	3
1539	40200.jpg	Occluded	Occluded_Rested	3
1540	40201.jpg	Occluded	Occluded_Rested	3
1541	40202.jpg	Occluded	Occluded_Rested	3
1542	40203.jpg	Occluded	Occluded_Rested	3
1543	40204.jpg	Occluded	Occluded_Rested	3
1544	40205.jpg	Occluded	Occluded_Rested	3
1545	40206.jpg	Occluded	Occluded_Rested	3
1546	40207.jpg	Occluded	Occluded_Rested	3
1547	40208.jpg	Occluded	Occluded_Rested	3
1548	40209.jpg	Occluded	Occluded_Rested	3
1549	40210.jpg	Occluded	Occluded_Rested	3
1550	40211.jpg	Occluded	Occluded_Rested	3
1551	40212.jpg	Occluded	Occluded_Rested	3
1552	40213.jpg	Occluded	Occluded_Rested	3
1553	40214.jpg	Occluded	Occluded_Rested	3
1554	40215.jpg	Occluded	Occluded_Rested	3
1555	40216.jpg	Occluded	Occluded_Rested	3
1556	40217.jpg	Occluded	Occluded_Rested	3
1557	40218.jpg	Occluded	Occluded_Rested	3
1558	40219.jpg	Occluded	Occluded_Rested	3
1559	40220.jpg	Occluded	Occluded_Rested	3
1560	40221.jpg	Occluded	Occluded_Rested	3
1561	40222.jpg	Occluded	Occluded_Rested	3
1562	40223.jpg	Occluded	Occluded_Rested	3
1563	40224.jpg	Occluded	Occluded_Rested	3
1564	40225.jpg	Occluded	Occluded_Rested	3
1565	40226.jpg	Occluded	Occluded_Rested	3
1566	40227.jpg	Occluded	Occluded_Rested	3
1567	40228.jpg	Occluded	Occluded_Rested	3
1568	40229.jpg	Occluded	Occluded_Rested	3
1569	40230.jpg	Occluded	Occluded_Rested	3
1570	40231.jpg	Occluded	Occluded_Rested	3
1571	40232.jpg	Occluded	Occluded_Rested	3
1572	40233.jpg	Occluded	Occluded_Rested	3
1573	40234.jpg	Occluded	Occluded_Rested	3
1574	40235.jpg	Occluded	Occluded_Rested	3
1575	40236.jpg	Occluded	Occluded_Rested	3
1576	40237.jpg	Occluded	Occluded_Rested	3
1577	40238.jpg	Occluded	Occluded_Rested	3
1578	40239.jpg	Occluded	Occluded_Rested	3
1579	40240.jpg	Occluded	Occluded_Rested	3
1580	40241.jpg	Occluded	Occluded_Rested	4
1581	40242.jpg	Occluded	Occluded_Rested	4
1582	40243.jpg	Occluded	Occluded_Rested	4
1583	40244.jpg	Occluded	Occluded_Rested	4
1584	40245.jpg	Occluded	Occluded_Rested	4
1585	40246.jpg	Occluded	Occluded_Rested	4
1586	40247.jpg	Occluded	Occluded_Rested	4
1587	40248.jpg	Occluded	Occluded_Rested	4
1588	40249.jpg	Occluded	Occluded_Rested	4
1589	40250.jpg	Occluded	Occluded_Rested	4
1590	40251.jpg	Occluded	Occluded_Rested	4
1591	40252.jpg	Occluded	Occluded_Rested	4
1592	40253.jpg	Occluded	Occluded_Rested	4
1593	40254.jpg	Occluded	Occluded_Rested	4
1594	40255.jpg	Occluded	Occluded_Rested	4
1595	40256.jpg	Occluded	Occluded_Rested	4
1596	40257.jpg	Occluded	Occluded_Rested	4
1597	40258.jpg	Occluded	Occluded_Rested	4
1598	40259.jpg	Occluded	Occluded_Rested	4
1599	40260.jpg	Occluded	Occluded_Rested	4
1600	40261.jpg	Occluded	Occluded_Rested	4
1601	40262.jpg	Occluded	Occluded_Rested	4
1602	40263.jpg	Occluded	Occluded_Rested	4
1603	40264.jpg	Occluded	Occluded_Rested	4
1604	40265.jpg	Occluded	Occluded_Rested	4
1605	40266.jpg	Occluded	Occluded_Rested	4
1606	40267.jpg	Occluded	Occluded_Rested	4
1607	40268.jpg	Occluded	Occluded_Rested	4
1608	40269.jpg	Occluded	Occluded_Rested	4
1609	40270.jpg	Occluded	Occluded_Rested	4
1610	40271.jpg	Occluded	Occluded_Rested	4
1611	40272.jpg	Occluded	Occluded_Rested	4
1612	40273.jpg	Occluded	Occluded_Rested	4
1613	40274.jpg	Occluded	Occluded_Rested	4
1614	40275.jpg	Occluded	Occluded_Rested	4
1615	40276.jpg	Occluded	Occluded_Rested	4
1616	40277.jpg	Occluded	Occluded_Rested	4
1617	40278.jpg	Occluded	Occluded_Rested	4
1618	40279.jpg	Occluded	Occluded_Rested	4
1619	40280.jpg	Occluded	Occluded_Rested	4
1620	40281.jpg	Occluded	Occluded_Rested	4
1621	40282.jpg	Occluded	Occluded_Rested	4
1622	40283.jpg	Occluded	Occluded_Rested	4
1623	40284.jpg	Occluded	Occluded_Rested	4
1624	40285.jpg	Occluded	Occluded_Rested	4
1625	40286.jpg	Occluded	Occluded_Rested	4
1626	40287.jpg	Occluded	Occluded_Rested	4
1627	40288.jpg	Occluded	Occluded_Rested	4
1628	40289.jpg	Occluded	Occluded_Rested	4
1629	40290.jpg	Occluded	Occluded_Rested	4
1630	40291.jpg	Occluded	Occluded_Rested	4
1631	40292.jpg	Occluded	Occluded_Rested	4
1632	40293.jpg	Occluded	Occluded_Rested	4
1633	40294.jpg	Occluded	Occluded_Rested	4
1634	40295.jpg	Occluded	Occluded_Rested	4
1635	40296.jpg	Occluded	Occluded_Rested	4
1636	40297.jpg	Occluded	Occluded_Rested	4
1637	40298.jpg	Occluded	Occluded_Rested	4
1638	40299.jpg	Occluded	Occluded_Rested	4
1639	40300.jpg	Occluded	Occluded_Rested	4
1640	40301.jpg	Occluded	Occluded_Rested	4
1641	40302.jpg	Occluded	Occluded_Rested	4
1642	40303.jpg	Occluded	Occluded_Rested	4
1643	40304.jpg	Occluded	Occluded_Rested	4
1644	40305.jpg	Occluded	Occluded_Rested	4
1645	40306.jpg	Occluded	Occluded_Rested	4
1646	40307.jpg	Occluded	Occluded_Rested	4
1647	40308.jpg	Occluded	Occluded_Rested	4
1648	40309.jpg	Occluded	Occluded_Rested	4
1649	40310.jpg	Occluded	Occluded_Rested	4
1650	40311.jpg	Occluded	Occluded_Rested	4
1651	40312.jpg	Occluded	Occluded_Rested	4
1652	40313.jpg	Occluded	Occluded_Rested	4
1653	40314.jpg	Occluded	Occluded_Rested	4
1654	40315.jpg	Occluded	Occluded_Rested	4
1655	40316.jpg	Occluded	Occluded_Rested	4
1656	40317.jpg	Occluded	Occluded_Rested	4
1657	40318.jpg	Occluded	Occluded_Rested	4
1658	40319.jpg	Occluded	Occluded_Rested	4
1659	40320.jpg	Occluded	Occluded_Rested	4
1660	40321.jpg	Occluded	Occluded_Rested	5
1661	40322.jpg	Occluded	Occluded_Rested	5
1662	40323.jpg	Occluded	Occluded_Rested	5
1663	40324.jpg	Occluded	Occluded_Rested	5
1664	40325.jpg	Occluded	Occluded_Rested	5
1665	40326.jpg	Occluded	Occluded_Rested	5
1666	40327.jpg	Occluded	Occluded_Rested	5
1667	40328.jpg	Occluded	Occluded_Rested	5
1668	40329.jpg	Occluded	Occluded_Rested	5
1669	40330.jpg	Occluded	Occluded_Rested	5
1670	40331.jpg	Occluded	Occluded_Rested	5
1671	40332.jpg	Occluded	Occluded_Rested	5
1672	40333.jpg	Occluded	Occluded_Rested	5
1673	40334.jpg	Occluded	Occluded_Rested	5
1674	40335.jpg	Occluded	Occluded_Rested	5
1675	40336.jpg	Occluded	Occluded_Rested	5
1676	40337.jpg	Occluded	Occluded_Rested	5
1677	40338.jpg	Occluded	Occluded_Rested	5
1678	40339.jpg	Occluded	Occluded_Rested	5
1679	40340.jpg	Occluded	Occluded_Rested	5
1680	40341.jpg	Occluded	Occluded_Rested	5
1681	40342.jpg	Occluded	Occluded_Rested	5
1682	40343.jpg	Occluded	Occluded_Rested	5
1683	40344.jpg	Occluded	Occluded_Rested	5
1684	40345.jpg	Occluded	Occluded_Rested	5
1685	40346.jpg	Occluded	Occluded_Rested	5
1686	40347.jpg	Occluded	Occluded_Rested	5
1687	40348.jpg	Occluded	Occluded_Rested	5
1688	40349.jpg	Occluded	Occluded_Rested	5
1689	40350.jpg	Occluded	Occluded_Rested	5
1690	40351.jpg	Occluded	Occluded_Rested	5
1691	40352.jpg	Occluded	Occluded_Rested	5
1692	40353.jpg	Occluded	Occluded_Rested	5
1693	40354.jpg	Occluded	Occluded_Rested	5
1694	40355.jpg	Occluded	Occluded_Rested	5
1695	40356.jpg	Occluded	Occluded_Rested	5
1696	40357.jpg	Occluded	Occluded_Rested	5
1697	40358.jpg	Occluded	Occluded_Rested	5
1698	40359.jpg	Occluded	Occluded_Rested	5
1699	40360.jpg	Occluded	Occluded_Rested	5
1700	40361.jpg	Occluded	Occluded_Rested	5
1701	40362.jpg	Occluded	Occluded_Rested	5
1702	40363.jpg	Occluded	Occluded_Rested	5
1703	40364.jpg	Occluded	Occluded_Rested	5
1704	40365.jpg	Occluded	Occluded_Rested	5
1705	40366.jpg	Occluded	Occluded_Rested	5
1706	40367.jpg	Occluded	Occluded_Rested	5
1707	40368.jpg	Occluded	Occluded_Rested	5
1708	40369.jpg	Occluded	Occluded_Rested	5
1709	40370.jpg	Occluded	Occluded_Rested	5
1710	40371.jpg	Occluded	Occluded_Rested	5
1711	40372.jpg	Occluded	Occluded_Rested	5
1712	40373.jpg	Occluded	Occluded_Rested	5
1713	40374.jpg	Occluded	Occluded_Rested	5
1714	40375.jpg	Occluded	Occluded_Rested	5
1715	40376.jpg	Occluded	Occluded_Rested	5
1716	40377.jpg	Occluded	Occluded_Rested	5
1717	40378.jpg	Occluded	Occluded_Rested	5
1718	40379.jpg	Occluded	Occluded_Rested	5
1719	40380.jpg	Occluded	Occluded_Rested	5
1720	40381.jpg	Occluded	Occluded_Rested	5
1721	40382.jpg	Occluded	Occluded_Rested	5
1722	40383.jpg	Occluded	Occluded_Rested	5
1723	40384.jpg	Occluded	Occluded_Rested	5
1724	40385.jpg	Occluded	Occluded_Rested	5
1725	40386.jpg	Occluded	Occluded_Rested	5
1726	40387.jpg	Occluded	Occluded_Rested	5
1727	40388.jpg	Occluded	Occluded_Rested	5
1728	40389.jpg	Occluded	Occluded_Rested	5
1729	40390.jpg	Occluded	Occluded_Rested	5
1730	40391.jpg	Occluded	Occluded_Rested	5
1731	40392.jpg	Occluded	Occluded_Rested	5
1732	40393.jpg	Occluded	Occluded_Rested	5
1733	40394.jpg	Occluded	Occluded_Rested	5
1734	40395.jpg	Occluded	Occluded_Rested	5
1735	40396.jpg	Occluded	Occluded_Rested	5
1736	40397.jpg	Occluded	Occluded_Rested	5
1737	40398.jpg	Occluded	Occluded_Rested	5
1738	40399.jpg	Occluded	Occluded_Rested	5
1739	40400.jpg	Occluded	Occluded_Rested	5
1740	40401.jpg	Occluded	Occluded_Rested	6
1741	40402.jpg	Occluded	Occluded_Rested	6
1742	40403.jpg	Occluded	Occluded_Rested	6
1743	40404.jpg	Occluded	Occluded_Rested	6
1744	40405.jpg	Occluded	Occluded_Rested	6
1745	40406.jpg	Occluded	Occluded_Rested	6
1746	40407.jpg	Occluded	Occluded_Rested	6
1747	40408.jpg	Occluded	Occluded_Rested	6
1748	40409.jpg	Occluded	Occluded_Rested	6
1749	40410.jpg	Occluded	Occluded_Rested	6
1750	40411.jpg	Occluded	Occluded_Rested	6
1751	40412.jpg	Occluded	Occluded_Rested	6
1752	40413.jpg	Occluded	Occluded_Rested	6
1753	40414.jpg	Occluded	Occluded_Rested	6
1754	40415.jpg	Occluded	Occluded_Rested	6
1755	40416.jpg	Occluded	Occluded_Rested	6
1756	40417.jpg	Occluded	Occluded_Rested	6
1757	40418.jpg	Occluded	Occluded_Rested	6
1758	40419.jpg	Occluded	Occluded_Rested	6
1759	40420.jpg	Occluded	Occluded_Rested	6
1760	40421.jpg	Occluded	Occluded_Rested	6
1761	40422.jpg	Occluded	Occluded_Rested	6
1762	40423.jpg	Occluded	Occluded_Rested	6
1763	40424.jpg	Occluded	Occluded_Rested	6
1764	40425.jpg	Occluded	Occluded_Rested	6
1765	40426.jpg	Occluded	Occluded_Rested	6
1766	40427.jpg	Occluded	Occluded_Rested	6
1767	40428.jpg	Occluded	Occluded_Rested	6
1768	40429.jpg	Occluded	Occluded_Rested	6
1769	40430.jpg	Occluded	Occluded_Rested	6
1770	40431.jpg	Occluded	Occluded_Rested	6
1771	40432.jpg	Occluded	Occluded_Rested	6
1772	40433.jpg	Occluded	Occluded_Rested	6
1773	40434.jpg	Occluded	Occluded_Rested	6
1774	40435.jpg	Occluded	Occluded_Rested	6
1775	40436.jpg	Occluded	Occluded_Rested	6
1776	40437.jpg	Occluded	Occluded_Rested	6
1777	40438.jpg	Occluded	Occluded_Rested	6
1778	40439.jpg	Occluded	Occluded_Rested	6
1779	40440.jpg	Occluded	Occluded_Rested	6
1780	40441.jpg	Occluded	Occluded_Rested	6
1781	40442.jpg	Occluded	Occluded_Rested	6
1782	40443.jpg	Occluded	Occluded_Rested	6
1783	40444.jpg	Occluded	Occluded_Rested	6
1784	40445.jpg	Occluded	Occluded_Rested	6
1785	40446.jpg	Occluded	Occluded_Rested	6
1786	40447.jpg	Occluded	Occluded_Rested	6
1787	40448.jpg	Occluded	Occluded_Rested	6
1788	40449.jpg	Occluded	Occluded_Rested	6
1789	40450.jpg	Occluded	Occluded_Rested	6
1790	40451.jpg	Occluded	Occluded_Rested	6
1791	40452.jpg	Occluded	Occluded_Rested	6
1792	40453.jpg	Occluded	Occluded_Rested	6
1793	40454.jpg	Occluded	Occluded_Rested	6
1794	40455.jpg	Occluded	Occluded_Rested	6
1795	40456.jpg	Occluded	Occluded_Rested	6
1796	40457.jpg	Occluded	Occluded_Rested	6
1797	40458.jpg	Occluded	Occluded_Rested	6
1798	40459.jpg	Occluded	Occluded_Rested	6
1799	40460.jpg	Occluded	Occluded_Rested	6
1800	40461.jpg	Occluded	Occluded_Rested	6
1801	40462.jpg	Occluded	Occluded_Rested	6
1802	40463.jpg	Occluded	Occluded_Rested	6
1803	40464.jpg	Occluded	Occluded_Rested	6
1804	40465.jpg	Occluded	Occluded_Rested	6
1805	40466.jpg	Occluded	Occluded_Rested	6
1806	40467.jpg	Occluded	Occluded_Rested	6
1807	40468.jpg	Occluded	Occluded_Rested	6
1808	40469.jpg	Occluded	Occluded_Rested	6
1809	40470.jpg	Occluded	Occluded_Rested	6
1810	40471.jpg	Occluded	Occluded_Rested	6
1811	40472.jpg	Occluded	Occluded_Rested	6
1812	40473.jpg	Occluded	Occluded_Rested	6
1813	40474.jpg	Occluded	Occluded_Rested	6
1814	40475.jpg	Occluded	Occluded_Rested	6
1815	40476.jpg	Occluded	Occluded_Rested	6
1816	40477.jpg	Occluded	Occluded_Rested	6
1817	40478.jpg	Occluded	Occluded_Rested	6
1818	40479.jpg	Occluded	Occluded_Rested	6
1819	40480.jpg	Occluded	Occluded_Rested	6
1820	40481.jpg	Occluded	Occluded_Rested	7
1821	40482.jpg	Occluded	Occluded_Rested	7
1822	40483.jpg	Occluded	Occluded_Rested	7
1823	40484.jpg	Occluded	Occluded_Rested	7
1824	40485.jpg	Occluded	Occluded_Rested	7
1825	40486.jpg	Occluded	Occluded_Rested	7
1826	40487.jpg	Occluded	Occluded_Rested	7
1827	40488.jpg	Occluded	Occluded_Rested	7
1828	40489.jpg	Occluded	Occluded_Rested	7
1829	40490.jpg	Occluded	Occluded_Rested	7
1830	40491.jpg	Occluded	Occluded_Rested	7
1831	40492.jpg	Occluded	Occluded_Rested	7
1832	40493.jpg	Occluded	Occluded_Rested	7
1833	40494.jpg	Occluded	Occluded_Rested	7
1834	40495.jpg	Occluded	Occluded_Rested	7
1835	40496.jpg	Occluded	Occluded_Rested	7
1836	40497.jpg	Occluded	Occluded_Rested	7
1837	40498.jpg	Occluded	Occluded_Rested	7
1838	40499.jpg	Occluded	Occluded_Rested	7
1839	40500.jpg	Occluded	Occluded_Rested	7
1840	40501.jpg	Occluded	Occluded_Rested	7
1841	40502.jpg	Occluded	Occluded_Rested	7
1842	40503.jpg	Occluded	Occluded_Rested	7
1843	40504.jpg	Occluded	Occluded_Rested	7
1844	40505.jpg	Occluded	Occluded_Rested	7
1845	40506.jpg	Occluded	Occluded_Rested	7
1846	40507.jpg	Occluded	Occluded_Rested	7
1847	40508.jpg	Occluded	Occluded_Rested	7
1848	40509.jpg	Occluded	Occluded_Rested	7
1849	40510.jpg	Occluded	Occluded_Rested	7
1850	40511.jpg	Occluded	Occluded_Rested	7
1851	40512.jpg	Occluded	Occluded_Rested	7
1852	40513.jpg	Occluded	Occluded_Rested	7
1853	40514.jpg	Occluded	Occluded_Rested	7
1854	40515.jpg	Occluded	Occluded_Rested	7
1855	40516.jpg	Occluded	Occluded_Rested	7
1856	40517.jpg	Occluded	Occluded_Rested	7
1857	40518.jpg	Occluded	Occluded_Rested	7
1858	40519.jpg	Occluded	Occluded_Rested	7
1859	40520.jpg	Occluded	Occluded_Rested	7
1860	40521.jpg	Occluded	Occluded_Rested	7
1861	40522.jpg	Occluded	Occluded_Rested	7
1862	40523.jpg	Occluded	Occluded_Rested	7
1863	40524.jpg	Occluded	Occluded_Rested	7
1864	40525.jpg	Occluded	Occluded_Rested	7
1865	40526.jpg	Occluded	Occluded_Rested	7
1866	40527.jpg	Occluded	Occluded_Rested	7
1867	40528.jpg	Occluded	Occluded_Rested	7
1868	40529.jpg	Occluded	Occluded_Rested	7
1869	40530.jpg	Occluded	Occluded_Rested	7
1870	40531.jpg	Occluded	Occluded_Rested	7
1871	40532.jpg	Occluded	Occluded_Rested	7
1872	40533.jpg	Occluded	Occluded_Rested	7
1873	40534.jpg	Occluded	Occluded_Rested	7
1874	40535.jpg	Occluded	Occluded_Rested	7
1875	40536.jpg	Occluded	Occluded_Rested	7
1876	40537.jpg	Occluded	Occluded_Rested	7
1877	40538.jpg	Occluded	Occluded_Rested	7
1878	40539.jpg	Occluded	Occluded_Rested	7
1879	40540.jpg	Occluded	Occluded_Rested	7
1880	40541.jpg	Occluded	Occluded_Rested	7
1881	40542.jpg	Occluded	Occluded_Rested	7
1882	40543.jpg	Occluded	Occluded_Rested	7
1883	40544.jpg	Occluded	Occluded_Rested	7
1884	40545.jpg	Occluded	Occluded_Rested	7
1885	40546.jpg	Occluded	Occluded_Rested	7
1886	40547.jpg	Occluded	Occluded_Rested	7
1887	40548.jpg	Occluded	Occluded_Rested	7
1888	40549.jpg	Occluded	Occluded_Rested	7
1889	40550.jpg	Occluded	Occluded_Rested	7
1890	40551.jpg	Occluded	Occluded_Rested	7
1891	40552.jpg	Occluded	Occluded_Rested	7
1892	40553.jpg	Occluded	Occluded_Rested	7
1893	40554.jpg	Occluded	Occluded_Rested	7
1894	40555.jpg	Occluded	Occluded_Rested	7
1895	40556.jpg	Occluded	Occluded_Rested	7
1896	40557.jpg	Occluded	Occluded_Rested	7
1897	40558.jpg	Occluded	Occluded_Rested	7
1898	40559.jpg	Occluded	Occluded_Rested	7
1899	40560.jpg	Occluded	Occluded_Rested	7
1900	40561.jpg	Occluded	Occluded_Rested	8
1901	40562.jpg	Occluded	Occluded_Rested	8
1902	40563.jpg	Occluded	Occluded_Rested	8
1903	40564.jpg	Occluded	Occluded_Rested	8
1904	40565.jpg	Occluded	Occluded_Rested	8
1905	40566.jpg	Occluded	Occluded_Rested	8
1906	40567.jpg	Occluded	Occluded_Rested	8
1907	40568.jpg	Occluded	Occluded_Rested	8
1908	40569.jpg	Occluded	Occluded_Rested	8
1909	40570.jpg	Occluded	Occluded_Rested	8
1910	40571.jpg	Occluded	Occluded_Rested	8
1911	40572.jpg	Occluded	Occluded_Rested	8
1912	40573.jpg	Occluded	Occluded_Rested	8
1913	40574.jpg	Occluded	Occluded_Rested	8
1914	40575.jpg	Occluded	Occluded_Rested	8
1915	40576.jpg	Occluded	Occluded_Rested	8
1916	40577.jpg	Occluded	Occluded_Rested	8
1917	40578.jpg	Occluded	Occluded_Rested	8
1918	40579.jpg	Occluded	Occluded_Rested	8
1919	40580.jpg	Occluded	Occluded_Rested	8
1920	40581.jpg	Occluded	Occluded_Rested	8
1921	40582.jpg	Occluded	Occluded_Rested	8
1922	40583.jpg	Occluded	Occluded_Rested	8
1923	40584.jpg	Occluded	Occluded_Rested	8
1924	40585.jpg	Occluded	Occluded_Rested	8
1925	40586.jpg	Occluded	Occluded_Rested	8
1926	40587.jpg	Occluded	Occluded_Rested	8
1927	40588.jpg	Occluded	Occluded_Rested	8
1928	40589.jpg	Occluded	Occluded_Rested	8
1929	40590.jpg	Occluded	Occluded_Rested	8
1930	40591.jpg	Occluded	Occluded_Rested	8
1931	40592.jpg	Occluded	Occluded_Rested	8
1932	40593.jpg	Occluded	Occluded_Rested	8
1933	40594.jpg	Occluded	Occluded_Rested	8
1934	40595.jpg	Occluded	Occluded_Rested	8
1935	40596.jpg	Occluded	Occluded_Rested	8
1936	40597.jpg	Occluded	Occluded_Rested	8
1937	40598.jpg	Occluded	Occluded_Rested	8
1938	40599.jpg	Occluded	Occluded_Rested	8
1939	40600.jpg	Occluded	Occluded_Rested	8
1940	40601.jpg	Occluded	Occluded_Rested	8
1941	40602.jpg	Occluded	Occluded_Rested	8
1942	40603.jpg	Occluded	Occluded_Rested	8
1943	40604.jpg	Occluded	Occluded_Rested	8
1944	40605.jpg	Occluded	Occluded_Rested	8
1945	40606.jpg	Occluded	Occluded_Rested	8
1946	40607.jpg	Occluded	Occluded_Rested	8
1947	40608.jpg	Occluded	Occluded_Rested	8
1948	40609.jpg	Occluded	Occluded_Rested	8
1949	40610.jpg	Occluded	Occluded_Rested	8
1950	40611.jpg	Occluded	Occluded_Rested	8
1951	40612.jpg	Occluded	Occluded_Rested	8
1952	40613.jpg	Occluded	Occluded_Rested	8
1953	40614.jpg	Occluded	Occluded_Rested	8
1954	40615.jpg	Occluded	Occluded_Rested	8
1955	40616.jpg	Occluded	Occluded_Rested	8
1956	40617.jpg	Occluded	Occluded_Rested	8
1957	40618.jpg	Occluded	Occluded_Rested	8
1958	40619.jpg	Occluded	Occluded_Rested	8
1959	40620.jpg	Occluded	Occluded_Rested	8
1960	40621.jpg	Occluded	Occluded_Rested	8
1961	40622.jpg	Occluded	Occluded_Rested	8
1962	40623.jpg	Occluded	Occluded_Rested	8
1963	40624.jpg	Occluded	Occluded_Rested	8
1964	40625.jpg	Occluded	Occluded_Rested	8
1965	40626.jpg	Occluded	Occluded_Rested	8
1966	40627.jpg	Occluded	Occluded_Rested	8
1967	40628.jpg	Occluded	Occluded_Rested	8
1968	40629.jpg	Occluded	Occluded_Rested	8
1969	40630.jpg	Occluded	Occluded_Rested	8
1970	40631.jpg	Occluded	Occluded_Rested	8
1971	40632.jpg	Occluded	Occluded_Rested	8
1972	40633.jpg	Occluded	Occluded_Rested	8
1973	40634.jpg	Occluded	Occluded_Rested	8
1974	40635.jpg	Occluded	Occluded_Rested	8
1975	40636.jpg	Occluded	Occluded_Rested	8
1976	40637.jpg	Occluded	Occluded_Rested	8
1977	40638.jpg	Occluded	Occluded_Rested	8
1978	40639.jpg	Occluded	Occluded_Rested	8
1979	40640.jpg	Occluded	Occluded_Rested	8
1980	40641.jpg	Occluded	Occluded_Rested	9
1981	40642.jpg	Occluded	Occluded_Rested	9
1982	40643.jpg	Occluded	Occluded_Rested	9
1983	40644.jpg	Occluded	Occluded_Rested	9
1984	40645.jpg	Occluded	Occluded_Rested	9
1985	40646.jpg	Occluded	Occluded_Rested	9
1986	40647.jpg	Occluded	Occluded_Rested	9
1987	40648.jpg	Occluded	Occluded_Rested	9
1988	40649.jpg	Occluded	Occluded_Rested	9
1989	40650.jpg	Occluded	Occluded_Rested	9
1990	40651.jpg	Occluded	Occluded_Rested	9
1991	40652.jpg	Occluded	Occluded_Rested	9
1992	40653.jpg	Occluded	Occluded_Rested	9
1993	40654.jpg	Occluded	Occluded_Rested	9
1994	40655.jpg	Occluded	Occluded_Rested	9
1995	40656.jpg	Occluded	Occluded_Rested	9
1996	40657.jpg	Occluded	Occluded_Rested	9
1997	40658.jpg	Occluded	Occluded_Rested	9
1998	40659.jpg	Occluded	Occluded_Rested	9
1999	40660.jpg	Occluded	Occluded_Rested	9
2000	40661.jpg	Occluded	Occluded_Rested	9
2001	40662.jpg	Occluded	Occluded_Rested	9
2002	40663.jpg	Occluded	Occluded_Rested	9
2003	40664.jpg	Occluded	Occluded_Rested	9
2004	40665.jpg	Occluded	Occluded_Rested	9
2005	40666.jpg	Occluded	Occluded_Rested	9
2006	40667.jpg	Occluded	Occluded_Rested	9
2007	40668.jpg	Occluded	Occluded_Rested	9
2008	40669.jpg	Occluded	Occluded_Rested	9
2009	40670.jpg	Occluded	Occluded_Rested	9
2010	40671.jpg	Occluded	Occluded_Rested	9
2011	40672.jpg	Occluded	Occluded_Rested	9
2012	40673.jpg	Occluded	Occluded_Rested	9
2013	40674.jpg	Occluded	Occluded_Rested	9
2014	40675.jpg	Occluded	Occluded_Rested	9
2015	40676.jpg	Occluded	Occluded_Rested	9
2016	40677.jpg	Occluded	Occluded_Rested	9
2017	40678.jpg	Occluded	Occluded_Rested	9
2018	40679.jpg	Occluded	Occluded_Rested	9
2019	40680.jpg	Occluded	Occluded_Rested	9
2020	40681.jpg	Occluded	Occluded_Rested	9
2021	40682.jpg	Occluded	Occluded_Rested	9
2022	40683.jpg	Occluded	Occluded_Rested	9
2023	40684.jpg	Occluded	Occluded_Rested	9
2024	40685.jpg	Occluded	Occluded_Rested	9
2025	40686.jpg	Occluded	Occluded_Rested	9
2026	40687.jpg	Occluded	Occluded_Rested	9
2027	40688.jpg	Occluded	Occluded_Rested	9
2028	40689.jpg	Occluded	Occluded_Rested	9
2029	40690.jpg	Occluded	Occluded_Rested	9
2030	40691.jpg	Occluded	Occluded_Rested	9
2031	40692.jpg	Occluded	Occluded_Rested	9
2032	40693.jpg	Occluded	Occluded_Rested	9
2033	40694.jpg	Occluded	Occluded_Rested	9
2034	40695.jpg	Occluded	Occluded_Rested	9
2035	40696.jpg	Occluded	Occluded_Rested	9
2036	40697.jpg	Occluded	Occluded_Rested	9
2037	40698.jpg	Occluded	Occluded_Rested	9
2038	40699.jpg	Occluded	Occluded_Rested	9
2039	40700.jpg	Occluded	Occluded_Rested	9
2040	40701.jpg	Occluded	Occluded_Rested	9
2041	40702.jpg	Occluded	Occluded_Rested	9
2042	40703.jpg	Occluded	Occluded_Rested	9
2043	40704.jpg	Occluded	Occluded_Rested	9
2044	40705.jpg	Occluded	Occluded_Rested	9
2045	40706.jpg	Occluded	Occluded_Rested	9
2046	40707.jpg	Occluded	Occluded_Rested	9
2047	40708.jpg	Occluded	Occluded_Rested	9
2048	40709.jpg	Occluded	Occluded_Rested	9
2049	40710.jpg	Occluded	Occluded_Rested	9
2050	40711.jpg	Occluded	Occluded_Rested	9
2051	40712.jpg	Occluded	Occluded_Rested	9
2052	40713.jpg	Occluded	Occluded_Rested	9
2053	40714.jpg	Occluded	Occluded_Rested	9
2054	40715.jpg	Occluded	Occluded_Rested	9
2055	40716.jpg	Occluded	Occluded_Rested	9
2056	40717.jpg	Occluded	Occluded_Rested	9
2057	40718.jpg	Occluded	Occluded_Rested	9
2058	40719.jpg	Occluded	Occluded_Rested	9
2059	40720.jpg	Occluded	Occluded_Rested	9
2060	40721.jpg	Occluded	Occluded_Rested	10
2061	40722.jpg	Occluded	Occluded_Rested	10
2062	40723.jpg	Occluded	Occluded_Rested	10
2063	40724.jpg	Occluded	Occluded_Rested	10
2064	40725.jpg	Occluded	Occluded_Rested	10
2065	40726.jpg	Occluded	Occluded_Rested	10
2066	40727.jpg	Occluded	Occluded_Rested	10
2067	40728.jpg	Occluded	Occluded_Rested	10
2068	40729.jpg	Occluded	Occluded_Rested	10
2069	40730.jpg	Occluded	Occluded_Rested	10
2070	40731.jpg	Occluded	Occluded_Rested	10
2071	40732.jpg	Occluded	Occluded_Rested	10
2072	40733.jpg	Occluded	Occluded_Rested	10
2073	40734.jpg	Occluded	Occluded_Rested	10
2074	40735.jpg	Occluded	Occluded_Rested	10
2075	40736.jpg	Occluded	Occluded_Rested	10
2076	40737.jpg	Occluded	Occluded_Rested	10
2077	40738.jpg	Occluded	Occluded_Rested	10
2078	40739.jpg	Occluded	Occluded_Rested	10
2079	40740.jpg	Occluded	Occluded_Rested	10
2080	40741.jpg	Occluded	Occluded_Rested	10
2081	40742.jpg	Occluded	Occluded_Rested	10
2082	40743.jpg	Occluded	Occluded_Rested	10
2083	40744.jpg	Occluded	Occluded_Rested	10
2084	40745.jpg	Occluded	Occluded_Rested	10
2085	40746.jpg	Occluded	Occluded_Rested	10
2086	40747.jpg	Occluded	Occluded_Rested	10
2087	40748.jpg	Occluded	Occluded_Rested	10
2088	40749.jpg	Occluded	Occluded_Rested	10
2089	40750.jpg	Occluded	Occluded_Rested	10
2090	40751.jpg	Occluded	Occluded_Rested	10
2091	40752.jpg	Occluded	Occluded_Rested	10
2092	40753.jpg	Occluded	Occluded_Rested	10
2093	40754.jpg	Occluded	Occluded_Rested	10
2094	40755.jpg	Occluded	Occluded_Rested	10
2095	40756.jpg	Occluded	Occluded_Rested	10
2096	40757.jpg	Occluded	Occluded_Rested	10
2097	40758.jpg	Occluded	Occluded_Rested	10
2098	40759.jpg	Occluded	Occluded_Rested	10
2099	40760.jpg	Occluded	Occluded_Rested	10
2100	40761.jpg	Occluded	Occluded_Rested	10
2101	40762.jpg	Occluded	Occluded_Rested	10
2102	40763.jpg	Occluded	Occluded_Rested	10
2103	40764.jpg	Occluded	Occluded_Rested	10
2104	40765.jpg	Occluded	Occluded_Rested	10
2105	40766.jpg	Occluded	Occluded_Rested	10
2106	40767.jpg	Occluded	Occluded_Rested	10
2107	40768.jpg	Occluded	Occluded_Rested	10
2108	40769.jpg	Occluded	Occluded_Rested	10
2109	40770.jpg	Occluded	Occluded_Rested	10
2110	40771.jpg	Occluded	Occluded_Rested	10
2111	40772.jpg	Occluded	Occluded_Rested	10
2112	40773.jpg	Occluded	Occluded_Rested	10
2113	40774.jpg	Occluded	Occluded_Rested	10
2114	40775.jpg	Occluded	Occluded_Rested	10
2115	40776.jpg	Occluded	Occluded_Rested	10
2116	40777.jpg	Occluded	Occluded_Rested	10
2117	40778.jpg	Occluded	Occluded_Rested	10
2118	40779.jpg	Occluded	Occluded_Rested	10
2119	40780.jpg	Occluded	Occluded_Rested	10
2120	40781.jpg	Occluded	Occluded_Rested	10
2121	40782.jpg	Occluded	Occluded_Rested	10
2122	40783.jpg	Occluded	Occluded_Rested	10
2123	40784.jpg	Occluded	Occluded_Rested	10
2124	40785.jpg	Occluded	Occluded_Rested	10
2125	40786.jpg	Occluded	Occluded_Rested	10
2126	40787.jpg	Occluded	Occluded_Rested	10
2127	40788.jpg	Occluded	Occluded_Rested	10
2128	40789.jpg	Occluded	Occluded_Rested	10
2129	40790.jpg	Occluded	Occluded_Rested	10
2130	40791.jpg	Occluded	Occluded_Rested	10
2131	40792.jpg	Occluded	Occluded_Rested	10
2132	40793.jpg	Occluded	Occluded_Rested	10
2133	40794.jpg	Occluded	Occluded_Rested	10
2134	40795.jpg	Occluded	Occluded_Rested	10
2135	40796.jpg	Occluded	Occluded_Rested	10
2136	40797.jpg	Occluded	Occluded_Rested	10
2137	40798.jpg	Occluded	Occluded_Rested	10
2138	40799.jpg	Occluded	Occluded_Rested	10
2139	40800.jpg	Occluded	Occluded_Rested	10
2140	40801.jpg	Occluded	Occluded_Rested	11
2141	40802.jpg	Occluded	Occluded_Rested	11
2142	40803.jpg	Occluded	Occluded_Rested	11
2143	40804.jpg	Occluded	Occluded_Rested	11
2144	40805.jpg	Occluded	Occluded_Rested	11
2145	40806.jpg	Occluded	Occluded_Rested	11
2146	40807.jpg	Occluded	Occluded_Rested	11
2147	40808.jpg	Occluded	Occluded_Rested	11
2148	40809.jpg	Occluded	Occluded_Rested	11
2149	40810.jpg	Occluded	Occluded_Rested	11
2150	40811.jpg	Occluded	Occluded_Rested	11
2151	40812.jpg	Occluded	Occluded_Rested	11
2152	40813.jpg	Occluded	Occluded_Rested	11
2153	40814.jpg	Occluded	Occluded_Rested	11
2154	40815.jpg	Occluded	Occluded_Rested	11
2155	40816.jpg	Occluded	Occluded_Rested	11
2156	40817.jpg	Occluded	Occluded_Rested	11
2157	40818.jpg	Occluded	Occluded_Rested	11
2158	40819.jpg	Occluded	Occluded_Rested	11
2159	40820.jpg	Occluded	Occluded_Rested	11
2160	40821.jpg	Occluded	Occluded_Rested	11
2161	40822.jpg	Occluded	Occluded_Rested	11
2162	40823.jpg	Occluded	Occluded_Rested	11
2163	40824.jpg	Occluded	Occluded_Rested	11
2164	40825.jpg	Occluded	Occluded_Rested	11
2165	40826.jpg	Occluded	Occluded_Rested	11
2166	40827.jpg	Occluded	Occluded_Rested	11
2167	40828.jpg	Occluded	Occluded_Rested	11
2168	40829.jpg	Occluded	Occluded_Rested	11
2169	40830.jpg	Occluded	Occluded_Rested	11
2170	40831.jpg	Occluded	Occluded_Rested	11
2171	40832.jpg	Occluded	Occluded_Rested	11
2172	40833.jpg	Occluded	Occluded_Rested	11
2173	40834.jpg	Occluded	Occluded_Rested	11
2174	40835.jpg	Occluded	Occluded_Rested	11
2175	40836.jpg	Occluded	Occluded_Rested	11
2176	40837.jpg	Occluded	Occluded_Rested	11
2177	40838.jpg	Occluded	Occluded_Rested	11
2178	40839.jpg	Occluded	Occluded_Rested	11
2179	40840.jpg	Occluded	Occluded_Rested	11
2180	40841.jpg	Occluded	Occluded_Rested	11
2181	40842.jpg	Occluded	Occluded_Rested	11
2182	40843.jpg	Occluded	Occluded_Rested	11
2183	40844.jpg	Occluded	Occluded_Rested	11
2184	40845.jpg	Occluded	Occluded_Rested	11
2185	40846.jpg	Occluded	Occluded_Rested	11
2186	40847.jpg	Occluded	Occluded_Rested	11
2187	40848.jpg	Occluded	Occluded_Rested	11
2188	40849.jpg	Occluded	Occluded_Rested	11
2189	40850.jpg	Occluded	Occluded_Rested	11
2190	40851.jpg	Occluded	Occluded_Rested	11
2191	40852.jpg	Occluded	Occluded_Rested	11
2192	40853.jpg	Occluded	Occluded_Rested	11
2193	40854.jpg	Occluded	Occluded_Rested	11
2194	40855.jpg	Occluded	Occluded_Rested	11
2195	40856.jpg	Occluded	Occluded_Rested	11
2196	40857.jpg	Occluded	Occluded_Rested	11
2197	40858.jpg	Occluded	Occluded_Rested	11
2198	40859.jpg	Occluded	Occluded_Rested	11
2199	40860.jpg	Occluded	Occluded_Rested	11
2200	40861.jpg	Occluded	Occluded_Rested	11
2201	40862.jpg	Occluded	Occluded_Rested	11
2202	40863.jpg	Occluded	Occluded_Rested	11
2203	40864.jpg	Occluded	Occluded_Rested	11
2204	40865.jpg	Occluded	Occluded_Rested	11
2205	40866.jpg	Occluded	Occluded_Rested	11
2206	40867.jpg	Occluded	Occluded_Rested	11
2207	40868.jpg	Occluded	Occluded_Rested	11
2208	40869.jpg	Occluded	Occluded_Rested	11
2209	40870.jpg	Occluded	Occluded_Rested	11
2210	40871.jpg	Occluded	Occluded_Rested	11
2211	40872.jpg	Occluded	Occluded_Rested	11
2212	40873.jpg	Occluded	Occluded_Rested	11
2213	40874.jpg	Occluded	Occluded_Rested	11
2214	40875.jpg	Occluded	Occluded_Rested	11
2215	40876.jpg	Occluded	Occluded_Rested	11
2216	40877.jpg	Occluded	Occluded_Rested	11
2217	40878.jpg	Occluded	Occluded_Rested	11
2218	40879.jpg	Occluded	Occluded_Rested	11
2219	40880.jpg	Occluded	Occluded_Rested	11
2220	40881.jpg	Occluded	Occluded_Rested	12
2221	40882.jpg	Occluded	Occluded_Rested	12
2222	40883.jpg	Occluded	Occluded_Rested	12
2223	40884.jpg	Occluded	Occluded_Rested	12
2224	40885.jpg	Occluded	Occluded_Rested	12
2225	40886.jpg	Occluded	Occluded_Rested	12
2226	40887.jpg	Occluded	Occluded_Rested	12
2227	40888.jpg	Occluded	Occluded_Rested	12
2228	40889.jpg	Occluded	Occluded_Rested	12
2229	40890.jpg	Occluded	Occluded_Rested	12
2230	40891.jpg	Occluded	Occluded_Rested	12
2231	40892.jpg	Occluded	Occluded_Rested	12
2232	40893.jpg	Occluded	Occluded_Rested	12
2233	40894.jpg	Occluded	Occluded_Rested	12
2234	40895.jpg	Occluded	Occluded_Rested	12
2235	40896.jpg	Occluded	Occluded_Rested	12
2236	40897.jpg	Occluded	Occluded_Rested	12
2237	40898.jpg	Occluded	Occluded_Rested	12
2238	40899.jpg	Occluded	Occluded_Rested	12
2239	40900.jpg	Occluded	Occluded_Rested	12
2240	40901.jpg	Occluded	Occluded_Rested	12
2241	40902.jpg	Occluded	Occluded_Rested	12
2242	40903.jpg	Occluded	Occluded_Rested	12
2243	40904.jpg	Occluded	Occluded_Rested	12
2244	40905.jpg	Occluded	Occluded_Rested	12
2245	40906.jpg	Occluded	Occluded_Rested	12
2246	40907.jpg	Occluded	Occluded_Rested	12
2247	40908.jpg	Occluded	Occluded_Rested	12
2248	40909.jpg	Occluded	Occluded_Rested	12
2249	40910.jpg	Occluded	Occluded_Rested	12
2250	40911.jpg	Occluded	Occluded_Rested	12
2251	40912.jpg	Occluded	Occluded_Rested	12
2252	40913.jpg	Occluded	Occluded_Rested	12
2253	40914.jpg	Occluded	Occluded_Rested	12
2254	40915.jpg	Occluded	Occluded_Rested	12
2255	40916.jpg	Occluded	Occluded_Rested	12
2256	40917.jpg	Occluded	Occluded_Rested	12
2257	40918.jpg	Occluded	Occluded_Rested	12
2258	40919.jpg	Occluded	Occluded_Rested	12
2259	40920.jpg	Occluded	Occluded_Rested	12
2260	40921.jpg	Occluded	Occluded_Rested	12
2261	40922.jpg	Occluded	Occluded_Rested	12
2262	40923.jpg	Occluded	Occluded_Rested	12
2263	40924.jpg	Occluded	Occluded_Rested	12
2264	40925.jpg	Occluded	Occluded_Rested	12
2265	40926.jpg	Occluded	Occluded_Rested	12
2266	40927.jpg	Occluded	Occluded_Rested	12
2267	40928.jpg	Occluded	Occluded_Rested	12
2268	40929.jpg	Occluded	Occluded_Rested	12
2269	40930.jpg	Occluded	Occluded_Rested	12
2270	40931.jpg	Occluded	Occluded_Rested	12
2271	40932.jpg	Occluded	Occluded_Rested	12
2272	40933.jpg	Occluded	Occluded_Rested	12
2273	40934.jpg	Occluded	Occluded_Rested	12
2274	40935.jpg	Occluded	Occluded_Rested	12
2275	40936.jpg	Occluded	Occluded_Rested	12
2276	40937.jpg	Occluded	Occluded_Rested	12
2277	40938.jpg	Occluded	Occluded_Rested	12
2278	40939.jpg	Occluded	Occluded_Rested	12
2279	40940.jpg	Occluded	Occluded_Rested	12
2280	40941.jpg	Occluded	Occluded_Rested	12
2281	40942.jpg	Occluded	Occluded_Rested	12
2282	40943.jpg	Occluded	Occluded_Rested	12
2283	40944.jpg	Occluded	Occluded_Rested	12
2284	40945.jpg	Occluded	Occluded_Rested	12
2285	40946.jpg	Occluded	Occluded_Rested	12
2286	40947.jpg	Occluded	Occluded_Rested	12
2287	40948.jpg	Occluded	Occluded_Rested	12
2288	40949.jpg	Occluded	Occluded_Rested	12
2289	40950.jpg	Occluded	Occluded_Rested	12
2290	40951.jpg	Occluded	Occluded_Rested	12
2291	40952.jpg	Occluded	Occluded_Rested	12
2292	40953.jpg	Occluded	Occluded_Rested	12
2293	40954.jpg	Occluded	Occluded_Rested	12
2294	40955.jpg	Occluded	Occluded_Rested	12
2295	40956.jpg	Occluded	Occluded_Rested	12
2296	40957.jpg	Occluded	Occluded_Rested	12
2297	40958.jpg	Occluded	Occluded_Rested	12
2298	40959.jpg	Occluded	Occluded_Rested	12
2299	40960.jpg	Occluded	Occluded_Rested	12
2300	40961.jpg	Occluded	Occluded_Rested	13
2301	40962.jpg	Occluded	Occluded_Rested	13
2302	40963.jpg	Occluded	Occluded_Rested	13
2303	40964.jpg	Occluded	Occluded_Rested	13
2304	40965.jpg	Occluded	Occluded_Rested	13
2305	40966.jpg	Occluded	Occluded_Rested	13
2306	40967.jpg	Occluded	Occluded_Rested	13
2307	40968.jpg	Occluded	Occluded_Rested	13
2308	40969.jpg	Occluded	Occluded_Rested	13
2309	40970.jpg	Occluded	Occluded_Rested	13
2310	40971.jpg	Occluded	Occluded_Rested	13
2311	40972.jpg	Occluded	Occluded_Rested	13
2312	40973.jpg	Occluded	Occluded_Rested	13
2313	40974.jpg	Occluded	Occluded_Rested	13
2314	40975.jpg	Occluded	Occluded_Rested	13
2315	40976.jpg	Occluded	Occluded_Rested	13
2316	40977.jpg	Occluded	Occluded_Rested	13
2317	40978.jpg	Occluded	Occluded_Rested	13
2318	40979.jpg	Occluded	Occluded_Rested	13
2319	40980.jpg	Occluded	Occluded_Rested	13
2320	40981.jpg	Occluded	Occluded_Rested	13
2321	40982.jpg	Occluded	Occluded_Rested	13
2322	40983.jpg	Occluded	Occluded_Rested	13
2323	40984.jpg	Occluded	Occluded_Rested	13
2324	40985.jpg	Occluded	Occluded_Rested	13
2325	40986.jpg	Occluded	Occluded_Rested	13
2326	40987.jpg	Occluded	Occluded_Rested	13
2327	40988.jpg	Occluded	Occluded_Rested	13
2328	40989.jpg	Occluded	Occluded_Rested	13
2329	40990.jpg	Occluded	Occluded_Rested	13
2330	40991.jpg	Occluded	Occluded_Rested	13
2331	40992.jpg	Occluded	Occluded_Rested	13
2332	40993.jpg	Occluded	Occluded_Rested	13
2333	40994.jpg	Occluded	Occluded_Rested	13
2334	40995.jpg	Occluded	Occluded_Rested	13
2335	40996.jpg	Occluded	Occluded_Rested	13
2336	40997.jpg	Occluded	Occluded_Rested	13
2337	40998.jpg	Occluded	Occluded_Rested	13
2338	40999.jpg	Occluded	Occluded_Rested	13
2339	41000.jpg	Occluded	Occluded_Rested	13
2340	41001.jpg	Occluded	Occluded_Rested	13
2341	41002.jpg	Occluded	Occluded_Rested	13
2342	41003.jpg	Occluded	Occluded_Rested	13
2343	41004.jpg	Occluded	Occluded_Rested	13
2344	41005.jpg	Occluded	Occluded_Rested	13
2345	41006.jpg	Occluded	Occluded_Rested	13
2346	41007.jpg	Occluded	Occluded_Rested	13
2347	41008.jpg	Occluded	Occluded_Rested	13
2348	41009.jpg	Occluded	Occluded_Rested	13
2349	41010.jpg	Occluded	Occluded_Rested	13
2350	41011.jpg	Occluded	Occluded_Rested	13
2351	41012.jpg	Occluded	Occluded_Rested	13
2352	41013.jpg	Occluded	Occluded_Rested	13
2353	41014.jpg	Occluded	Occluded_Rested	13
2354	41015.jpg	Occluded	Occluded_Rested	13
2355	41016.jpg	Occluded	Occluded_Rested	13
2356	41017.jpg	Occluded	Occluded_Rested	13
2357	41018.jpg	Occluded	Occluded_Rested	13
2358	41019.jpg	Occluded	Occluded_Rested	13
2359	41020.jpg	Occluded	Occluded_Rested	13
2360	41021.jpg	Occluded	Occluded_Rested	13
2361	41022.jpg	Occluded	Occluded_Rested	13
2362	41023.jpg	Occluded	Occluded_Rested	13
2363	41024.jpg	Occluded	Occluded_Rested	13
2364	41025.jpg	Occluded	Occluded_Rested	13
2365	41026.jpg	Occluded	Occluded_Rested	13
2366	41027.jpg	Occluded	Occluded_Rested	13
2367	41028.jpg	Occluded	Occluded_Rested	13
2368	41029.jpg	Occluded	Occluded_Rested	13
2369	41030.jpg	Occluded	Occluded_Rested	13
2370	41031.jpg	Occluded	Occluded_Rested	13
2371	41032.jpg	Occluded	Occluded_Rested	13
2372	41033.jpg	Occluded	Occluded_Rested	13
2373	41034.jpg	Occluded	Occluded_Rested	13
2374	41035.jpg	Occluded	Occluded_Rested	13
2375	41036.jpg	Occluded	Occluded_Rested	13
2376	41037.jpg	Occluded	Occluded_Rested	13
2377	41038.jpg	Occluded	Occluded_Rested	13
2378	41039.jpg	Occluded	Occluded_Rested	13
2379	41040.jpg	Occluded	Occluded_Rested	13
2380	41041.jpg	Occluded	Occluded_Rested	14
2381	41042.jpg	Occluded	Occluded_Rested	14
2382	41043.jpg	Occluded	Occluded_Rested	14
2383	41044.jpg	Occluded	Occluded_Rested	14
2384	41045.jpg	Occluded	Occluded_Rested	14
2385	41046.jpg	Occluded	Occluded_Rested	14
2386	41047.jpg	Occluded	Occluded_Rested	14
2387	41048.jpg	Occluded	Occluded_Rested	14
2388	41049.jpg	Occluded	Occluded_Rested	14
2389	41050.jpg	Occluded	Occluded_Rested	14
2390	41051.jpg	Occluded	Occluded_Rested	14
2391	41052.jpg	Occluded	Occluded_Rested	14
2392	41053.jpg	Occluded	Occluded_Rested	14
2393	41054.jpg	Occluded	Occluded_Rested	14
2394	41055.jpg	Occluded	Occluded_Rested	14
2395	41056.jpg	Occluded	Occluded_Rested	14
2396	41057.jpg	Occluded	Occluded_Rested	14
2397	41058.jpg	Occluded	Occluded_Rested	14
2398	41059.jpg	Occluded	Occluded_Rested	14
2399	41060.jpg	Occluded	Occluded_Rested	14
2400	41061.jpg	Occluded	Occluded_Rested	14
2401	41062.jpg	Occluded	Occluded_Rested	14
2402	41063.jpg	Occluded	Occluded_Rested	14
2403	41064.jpg	Occluded	Occluded_Rested	14
2404	41065.jpg	Occluded	Occluded_Rested	14
2405	41066.jpg	Occluded	Occluded_Rested	14
2406	41067.jpg	Occluded	Occluded_Rested	14
2407	41068.jpg	Occluded	Occluded_Rested	14
2408	41069.jpg	Occluded	Occluded_Rested	14
2409	41070.jpg	Occluded	Occluded_Rested	14
2410	41071.jpg	Occluded	Occluded_Rested	14
2411	41072.jpg	Occluded	Occluded_Rested	14
2412	41073.jpg	Occluded	Occluded_Rested	14
2413	41074.jpg	Occluded	Occluded_Rested	14
2414	41075.jpg	Occluded	Occluded_Rested	14
2415	41076.jpg	Occluded	Occluded_Rested	14
2416	41077.jpg	Occluded	Occluded_Rested	14
2417	41078.jpg	Occluded	Occluded_Rested	14
2418	41079.jpg	Occluded	Occluded_Rested	14
2419	41080.jpg	Occluded	Occluded_Rested	14
2420	41081.jpg	Occluded	Occluded_Rested	14
2421	41082.jpg	Occluded	Occluded_Rested	14
2422	41083.jpg	Occluded	Occluded_Rested	14
2423	41084.jpg	Occluded	Occluded_Rested	14
2424	41085.jpg	Occluded	Occluded_Rested	14
2425	41086.jpg	Occluded	Occluded_Rested	14
2426	41087.jpg	Occluded	Occluded_Rested	14
2427	41088.jpg	Occluded	Occluded_Rested	14
2428	41089.jpg	Occluded	Occluded_Rested	14
2429	41090.jpg	Occluded	Occluded_Rested	14
2430	41091.jpg	Occluded	Occluded_Rested	14
2431	41092.jpg	Occluded	Occluded_Rested	14
2432	41093.jpg	Occluded	Occluded_Rested	14
2433	41094.jpg	Occluded	Occluded_Rested	14
2434	41095.jpg	Occluded	Occluded_Rested	14
2435	41096.jpg	Occluded	Occluded_Rested	14
2436	41097.jpg	Occluded	Occluded_Rested	14
2437	41098.jpg	Occluded	Occluded_Rested	14
2438	41099.jpg	Occluded	Occluded_Rested	14
2439	41100.jpg	Occluded	Occluded_Rested	14
2440	41101.jpg	Occluded	Occluded_Rested	14
2441	41102.jpg	Occluded	Occluded_Rested	14
2442	41103.jpg	Occluded	Occluded_Rested	14
2443	41104.jpg	Occluded	Occluded_Rested	14
2444	41105.jpg	Occluded	Occluded_Rested	14
2445	41106.jpg	Occluded	Occluded_Rested	14
2446	41107.jpg	Occluded	Occluded_Rested	14
2447	41108.jpg	Occluded	Occluded_Rested	14
2448	41109.jpg	Occluded	Occluded_Rested	14
2449	41110.jpg	Occluded	Occluded_Rested	14
2450	41111.jpg	Occluded	Occluded_Rested	14
2451	41112.jpg	Occluded	Occluded_Rested	14
2452	41113.jpg	Occluded	Occluded_Rested	14
2453	41114.jpg	Occluded	Occluded_Rested	14
2454	41115.jpg	Occluded	Occluded_Rested	14
2455	41116.jpg	Occluded	Occluded_Rested	14
2456	41117.jpg	Occluded	Occluded_Rested	14
2457	41118.jpg	Occluded	Occluded_Rested	14
2458	41119.jpg	Occluded	Occluded_Rested	14
2459	41120.jpg	Occluded	Occluded_Rested	14
2460	41121.jpg	Occluded	Occluded_Rested	15
2461	41122.jpg	Occluded	Occluded_Rested	15
2462	41123.jpg	Occluded	Occluded_Rested	15
2463	41124.jpg	Occluded	Occluded_Rested	15
2464	41125.jpg	Occluded	Occluded_Rested	15
2465	41126.jpg	Occluded	Occluded_Rested	15
2466	41127.jpg	Occluded	Occluded_Rested	15
2467	41128.jpg	Occluded	Occluded_Rested	15
2468	41129.jpg	Occluded	Occluded_Rested	15
2469	41130.jpg	Occluded	Occluded_Rested	15
2470	41131.jpg	Occluded	Occluded_Rested	15
2471	41132.jpg	Occluded	Occluded_Rested	15
2472	41133.jpg	Occluded	Occluded_Rested	15
2473	41134.jpg	Occluded	Occluded_Rested	15
2474	41135.jpg	Occluded	Occluded_Rested	15
2475	41136.jpg	Occluded	Occluded_Rested	15
2476	41137.jpg	Occluded	Occluded_Rested	15
2477	41138.jpg	Occluded	Occluded_Rested	15
2478	41139.jpg	Occluded	Occluded_Rested	15
2479	41140.jpg	Occluded	Occluded_Rested	15
2480	41141.jpg	Occluded	Occluded_Rested	15
2481	41142.jpg	Occluded	Occluded_Rested	15
2482	41143.jpg	Occluded	Occluded_Rested	15
2483	41144.jpg	Occluded	Occluded_Rested	15
2484	41145.jpg	Occluded	Occluded_Rested	15
2485	41146.jpg	Occluded	Occluded_Rested	15
2486	41147.jpg	Occluded	Occluded_Rested	15
2487	41148.jpg	Occluded	Occluded_Rested	15
2488	41149.jpg	Occluded	Occluded_Rested	15
2489	41150.jpg	Occluded	Occluded_Rested	15
2490	41151.jpg	Occluded	Occluded_Rested	15
2491	41152.jpg	Occluded	Occluded_Rested	15
2492	41153.jpg	Occluded	Occluded_Rested	15
2493	41154.jpg	Occluded	Occluded_Rested	15
2494	41155.jpg	Occluded	Occluded_Rested	15
2495	41156.jpg	Occluded	Occluded_Rested	15
2496	41157.jpg	Occluded	Occluded_Rested	15
2497	41158.jpg	Occluded	Occluded_Rested	15
2498	41159.jpg	Occluded	Occluded_Rested	15
2499	41160.jpg	Occluded	Occluded_Rested	15
2500	41161.jpg	Occluded	Occluded_Rested	15
2501	41162.jpg	Occluded	Occluded_Rested	15
2502	41163.jpg	Occluded	Occluded_Rested	15
2503	41164.jpg	Occluded	Occluded_Rested	15
2504	41165.jpg	Occluded	Occluded_Rested	15
2505	41166.jpg	Occluded	Occluded_Rested	15
2506	41167.jpg	Occluded	Occluded_Rested	15
2507	41168.jpg	Occluded	Occluded_Rested	15
2508	41169.jpg	Occluded	Occluded_Rested	15
2509	41170.jpg	Occluded	Occluded_Rested	15
2510	41171.jpg	Occluded	Occluded_Rested	15
2511	41172.jpg	Occluded	Occluded_Rested	15
2512	41173.jpg	Occluded	Occluded_Rested	15
2513	41174.jpg	Occluded	Occluded_Rested	15
2514	41175.jpg	Occluded	Occluded_Rested	15
2515	41176.jpg	Occluded	Occluded_Rested	15
2516	41177.jpg	Occluded	Occluded_Rested	15
2517	41178.jpg	Occluded	Occluded_Rested	15
2518	41179.jpg	Occluded	Occluded_Rested	15
2519	41180.jpg	Occluded	Occluded_Rested	15
2520	41181.jpg	Occluded	Occluded_Rested	15
2521	41182.jpg	Occluded	Occluded_Rested	15
2522	41183.jpg	Occluded	Occluded_Rested	15
2523	41184.jpg	Occluded	Occluded_Rested	15
2524	41185.jpg	Occluded	Occluded_Rested	15
2525	41186.jpg	Occluded	Occluded_Rested	15
2526	41187.jpg	Occluded	Occluded_Rested	15
2527	41188.jpg	Occluded	Occluded_Rested	15
2528	41189.jpg	Occluded	Occluded_Rested	15
2529	41190.jpg	Occluded	Occluded_Rested	15
2530	41191.jpg	Occluded	Occluded_Rested	15
2531	41192.jpg	Occluded	Occluded_Rested	15
2532	41193.jpg	Occluded	Occluded_Rested	15
2533	41194.jpg	Occluded	Occluded_Rested	15
2534	41195.jpg	Occluded	Occluded_Rested	15
2535	41196.jpg	Occluded	Occluded_Rested	15
2536	41197.jpg	Occluded	Occluded_Rested	15
2537	41198.jpg	Occluded	Occluded_Rested	15
2538	41199.jpg	Occluded	Occluded_Rested	15
2539	41200.jpg	Occluded	Occluded_Rested	15
2540	41201.jpg	Occluded	Occluded_Rested	16
2541	41202.jpg	Occluded	Occluded_Rested	16
2542	41203.jpg	Occluded	Occluded_Rested	16
2543	41204.jpg	Occluded	Occluded_Rested	16
2544	41205.jpg	Occluded	Occluded_Rested	16
2545	41206.jpg	Occluded	Occluded_Rested	16
2546	41207.jpg	Occluded	Occluded_Rested	16
2547	41208.jpg	Occluded	Occluded_Rested	16
2548	41209.jpg	Occluded	Occluded_Rested	16
2549	41210.jpg	Occluded	Occluded_Rested	16
2550	41211.jpg	Occluded	Occluded_Rested	16
2551	41212.jpg	Occluded	Occluded_Rested	16
2552	41213.jpg	Occluded	Occluded_Rested	16
2553	41214.jpg	Occluded	Occluded_Rested	16
2554	41215.jpg	Occluded	Occluded_Rested	16
2555	41216.jpg	Occluded	Occluded_Rested	16
2556	41217.jpg	Occluded	Occluded_Rested	16
2557	41218.jpg	Occluded	Occluded_Rested	16
2558	41219.jpg	Occluded	Occluded_Rested	16
2559	41220.jpg	Occluded	Occluded_Rested	16
2560	41221.jpg	Occluded	Occluded_Rested	16
2561	41222.jpg	Occluded	Occluded_Rested	16
2562	41223.jpg	Occluded	Occluded_Rested	16
2563	41224.jpg	Occluded	Occluded_Rested	16
2564	41225.jpg	Occluded	Occluded_Rested	16
2565	41226.jpg	Occluded	Occluded_Rested	16
2566	41227.jpg	Occluded	Occluded_Rested	16
2567	41228.jpg	Occluded	Occluded_Rested	16
2568	41229.jpg	Occluded	Occluded_Rested	16
2569	41230.jpg	Occluded	Occluded_Rested	16
2570	41231.jpg	Occluded	Occluded_Rested	16
2571	41232.jpg	Occluded	Occluded_Rested	16
2572	41233.jpg	Occluded	Occluded_Rested	16
2573	41234.jpg	Occluded	Occluded_Rested	16
2574	41235.jpg	Occluded	Occluded_Rested	16
2575	41236.jpg	Occluded	Occluded_Rested	16
2576	41237.jpg	Occluded	Occluded_Rested	16
2577	41238.jpg	Occluded	Occluded_Rested	16
2578	41239.jpg	Occluded	Occluded_Rested	16
2579	41240.jpg	Occluded	Occluded_Rested	16
2580	41241.jpg	Occluded	Occluded_Rested	16
2581	41242.jpg	Occluded	Occluded_Rested	16
2582	41243.jpg	Occluded	Occluded_Rested	16
2583	41244.jpg	Occluded	Occluded_Rested	16
2584	41245.jpg	Occluded	Occluded_Rested	16
2585	41246.jpg	Occluded	Occluded_Rested	16
2586	41247.jpg	Occluded	Occluded_Rested	16
2587	41248.jpg	Occluded	Occluded_Rested	16
2588	41249.jpg	Occluded	Occluded_Rested	16
2589	41250.jpg	Occluded	Occluded_Rested	16
2590	41251.jpg	Occluded	Occluded_Rested	16
2591	41252.jpg	Occluded	Occluded_Rested	16
2592	41253.jpg	Occluded	Occluded_Rested	16
2593	41254.jpg	Occluded	Occluded_Rested	16
2594	41255.jpg	Occluded	Occluded_Rested	16
2595	41256.jpg	Occluded	Occluded_Rested	16
2596	41257.jpg	Occluded	Occluded_Rested	16
2597	41258.jpg	Occluded	Occluded_Rested	16
2598	41259.jpg	Occluded	Occluded_Rested	16
2599	41260.jpg	Occluded	Occluded_Rested	16
2600	41261.jpg	Occluded	Occluded_Rested	16
2601	41262.jpg	Occluded	Occluded_Rested	16
2602	41263.jpg	Occluded	Occluded_Rested	16
2603	41264.jpg	Occluded	Occluded_Rested	16
2604	41265.jpg	Occluded	Occluded_Rested	16
2605	41266.jpg	Occluded	Occluded_Rested	16
2606	41267.jpg	Occluded	Occluded_Rested	16
2607	41268.jpg	Occluded	Occluded_Rested	16
2608	41269.jpg	Occluded	Occluded_Rested	16
2609	41270.jpg	Occluded	Occluded_Rested	16
2610	41271.jpg	Occluded	Occluded_Rested	16
2611	41272.jpg	Occluded	Occluded_Rested	16
2612	41273.jpg	Occluded	Occluded_Rested	16
2613	41274.jpg	Occluded	Occluded_Rested	16
2614	41275.jpg	Occluded	Occluded_Rested	16
2615	41276.jpg	Occluded	Occluded_Rested	16
2616	41277.jpg	Occluded	Occluded_Rested	16
2617	41278.jpg	Occluded	Occluded_Rested	16
2618	41279.jpg	Occluded	Occluded_Rested	16
2619	41280.jpg	Occluded	Occluded_Rested	16
2620	41281.jpg	Occluded	Occluded_Rested	17
2621	41282.jpg	Occluded	Occluded_Rested	17
2622	41283.jpg	Occluded	Occluded_Rested	17
2623	41284.jpg	Occluded	Occluded_Rested	17
2624	41285.jpg	Occluded	Occluded_Rested	17
2625	41286.jpg	Occluded	Occluded_Rested	17
2626	41287.jpg	Occluded	Occluded_Rested	17
2627	41288.jpg	Occluded	Occluded_Rested	17
2628	41289.jpg	Occluded	Occluded_Rested	17
2629	41290.jpg	Occluded	Occluded_Rested	17
2630	41291.jpg	Occluded	Occluded_Rested	17
2631	41292.jpg	Occluded	Occluded_Rested	17
2632	41293.jpg	Occluded	Occluded_Rested	17
2633	41294.jpg	Occluded	Occluded_Rested	17
2634	41295.jpg	Occluded	Occluded_Rested	17
2635	41296.jpg	Occluded	Occluded_Rested	17
2636	41297.jpg	Occluded	Occluded_Rested	17
2637	41298.jpg	Occluded	Occluded_Rested	17
2638	41299.jpg	Occluded	Occluded_Rested	17
2639	41300.jpg	Occluded	Occluded_Rested	17
2640	41301.jpg	Occluded	Occluded_Rested	17
2641	41302.jpg	Occluded	Occluded_Rested	17
2642	41303.jpg	Occluded	Occluded_Rested	17
2643	41304.jpg	Occluded	Occluded_Rested	17
2644	41305.jpg	Occluded	Occluded_Rested	17
2645	41306.jpg	Occluded	Occluded_Rested	17
2646	41307.jpg	Occluded	Occluded_Rested	17
2647	41308.jpg	Occluded	Occluded_Rested	17
2648	41309.jpg	Occluded	Occluded_Rested	17
2649	41310.jpg	Occluded	Occluded_Rested	17
2650	41311.jpg	Occluded	Occluded_Rested	17
2651	41312.jpg	Occluded	Occluded_Rested	17
2652	41313.jpg	Occluded	Occluded_Rested	17
2653	41314.jpg	Occluded	Occluded_Rested	17
2654	41315.jpg	Occluded	Occluded_Rested	17
2655	41316.jpg	Occluded	Occluded_Rested	17
2656	41317.jpg	Occluded	Occluded_Rested	17
2657	41318.jpg	Occluded	Occluded_Rested	17
2658	41319.jpg	Occluded	Occluded_Rested	17
2659	41320.jpg	Occluded	Occluded_Rested	17
2660	41321.jpg	Occluded	Occluded_Rested	17
2661	41322.jpg	Occluded	Occluded_Rested	17
2662	41323.jpg	Occluded	Occluded_Rested	17
2663	41324.jpg	Occluded	Occluded_Rested	17
2664	41325.jpg	Occluded	Occluded_Rested	17
2665	41326.jpg	Occluded	Occluded_Rested	17
2666	41327.jpg	Occluded	Occluded_Rested	17
2667	41328.jpg	Occluded	Occluded_Rested	17
2668	41329.jpg	Occluded	Occluded_Rested	17
2669	41330.jpg	Occluded	Occluded_Rested	17
2670	41331.jpg	Occluded	Occluded_Rested	17
2671	41332.jpg	Occluded	Occluded_Rested	17
2672	41333.jpg	Occluded	Occluded_Rested	17
2673	41334.jpg	Occluded	Occluded_Rested	17
2674	41335.jpg	Occluded	Occluded_Rested	17
2675	41336.jpg	Occluded	Occluded_Rested	17
2676	41337.jpg	Occluded	Occluded_Rested	17
2677	41338.jpg	Occluded	Occluded_Rested	17
2678	41339.jpg	Occluded	Occluded_Rested	17
2679	41340.jpg	Occluded	Occluded_Rested	17
2680	41341.jpg	Occluded	Occluded_Rested	17
2681	41342.jpg	Occluded	Occluded_Rested	17
2682	41343.jpg	Occluded	Occluded_Rested	17
2683	41344.jpg	Occluded	Occluded_Rested	17
2684	41345.jpg	Occluded	Occluded_Rested	17
2685	41346.jpg	Occluded	Occluded_Rested	17
2686	41347.jpg	Occluded	Occluded_Rested	17
2687	41348.jpg	Occluded	Occluded_Rested	17
2688	41349.jpg	Occluded	Occluded_Rested	17
2689	41350.jpg	Occluded	Occluded_Rested	17
2690	41351.jpg	Occluded	Occluded_Rested	17
2691	41352.jpg	Occluded	Occluded_Rested	17
2692	41353.jpg	Occluded	Occluded_Rested	17
2693	41354.jpg	Occluded	Occluded_Rested	17
2694	41355.jpg	Occluded	Occluded_Rested	17
2695	41356.jpg	Occluded	Occluded_Rested	17
2696	41357.jpg	Occluded	Occluded_Rested	17
2697	41358.jpg	Occluded	Occluded_Rested	17
2698	41359.jpg	Occluded	Occluded_Rested	17
2699	41360.jpg	Occluded	Occluded_Rested	17
2700	41361.jpg	Occluded	Occluded_Rested	18
2701	41362.jpg	Occluded	Occluded_Rested	18
2702	41363.jpg	Occluded	Occluded_Rested	18
2703	41364.jpg	Occluded	Occluded_Rested	18
2704	41365.jpg	Occluded	Occluded_Rested	18
2705	41366.jpg	Occluded	Occluded_Rested	18
2706	41367.jpg	Occluded	Occluded_Rested	18
2707	41368.jpg	Occluded	Occluded_Rested	18
2708	41369.jpg	Occluded	Occluded_Rested	18
2709	41370.jpg	Occluded	Occluded_Rested	18
2710	41371.jpg	Occluded	Occluded_Rested	18
2711	41372.jpg	Occluded	Occluded_Rested	18
2712	41373.jpg	Occluded	Occluded_Rested	18
2713	41374.jpg	Occluded	Occluded_Rested	18
2714	41375.jpg	Occluded	Occluded_Rested	18
2715	41376.jpg	Occluded	Occluded_Rested	18
2716	41377.jpg	Occluded	Occluded_Rested	18
2717	41378.jpg	Occluded	Occluded_Rested	18
2718	41379.jpg	Occluded	Occluded_Rested	18
2719	41380.jpg	Occluded	Occluded_Rested	18
2720	41381.jpg	Occluded	Occluded_Rested	18
2721	41382.jpg	Occluded	Occluded_Rested	18
2722	41383.jpg	Occluded	Occluded_Rested	18
2723	41384.jpg	Occluded	Occluded_Rested	18
2724	41385.jpg	Occluded	Occluded_Rested	18
2725	41386.jpg	Occluded	Occluded_Rested	18
2726	41387.jpg	Occluded	Occluded_Rested	18
2727	41388.jpg	Occluded	Occluded_Rested	18
2728	41389.jpg	Occluded	Occluded_Rested	18
2729	41390.jpg	Occluded	Occluded_Rested	18
2730	41391.jpg	Occluded	Occluded_Rested	18
2731	41392.jpg	Occluded	Occluded_Rested	18
2732	41393.jpg	Occluded	Occluded_Rested	18
2733	41394.jpg	Occluded	Occluded_Rested	18
2734	41395.jpg	Occluded	Occluded_Rested	18
2735	41396.jpg	Occluded	Occluded_Rested	18
2736	41397.jpg	Occluded	Occluded_Rested	18
2737	41398.jpg	Occluded	Occluded_Rested	18
2738	41399.jpg	Occluded	Occluded_Rested	18
2739	41400.jpg	Occluded	Occluded_Rested	18
2740	41401.jpg	Occluded	Occluded_Rested	18
2741	41402.jpg	Occluded	Occluded_Rested	18
2742	41403.jpg	Occluded	Occluded_Rested	18
2743	41404.jpg	Occluded	Occluded_Rested	18
2744	41405.jpg	Occluded	Occluded_Rested	18
2745	41406.jpg	Occluded	Occluded_Rested	18
2746	41407.jpg	Occluded	Occluded_Rested	18
2747	41408.jpg	Occluded	Occluded_Rested	18
2748	41409.jpg	Occluded	Occluded_Rested	18
2749	41410.jpg	Occluded	Occluded_Rested	18
2750	41411.jpg	Occluded	Occluded_Rested	18
2751	41412.jpg	Occluded	Occluded_Rested	18
2752	41413.jpg	Occluded	Occluded_Rested	18
2753	41414.jpg	Occluded	Occluded_Rested	18
2754	41415.jpg	Occluded	Occluded_Rested	18
2755	41416.jpg	Occluded	Occluded_Rested	18
2756	41417.jpg	Occluded	Occluded_Rested	18
2757	41418.jpg	Occluded	Occluded_Rested	18
2758	41419.jpg	Occluded	Occluded_Rested	18
2759	41420.jpg	Occluded	Occluded_Rested	18
2760	41421.jpg	Occluded	Occluded_Rested	18
2761	41422.jpg	Occluded	Occluded_Rested	18
2762	41423.jpg	Occluded	Occluded_Rested	18
2763	41424.jpg	Occluded	Occluded_Rested	18
2764	41425.jpg	Occluded	Occluded_Rested	18
2765	41426.jpg	Occluded	Occluded_Rested	18
2766	41427.jpg	Occluded	Occluded_Rested	18
2767	41428.jpg	Occluded	Occluded_Rested	18
2768	41429.jpg	Occluded	Occluded_Rested	18
2769	41430.jpg	Occluded	Occluded_Rested	18
2770	41431.jpg	Occluded	Occluded_Rested	18
2771	41432.jpg	Occluded	Occluded_Rested	18
2772	41433.jpg	Occluded	Occluded_Rested	18
2773	41434.jpg	Occluded	Occluded_Rested	18
2774	41435.jpg	Occluded	Occluded_Rested	18
2775	41436.jpg	Occluded	Occluded_Rested	18
2776	41437.jpg	Occluded	Occluded_Rested	18
2777	41438.jpg	Occluded	Occluded_Rested	18
2778	41439.jpg	Occluded	Occluded_Rested	18
2779	41440.jpg	Occluded	Occluded_Rested	18
2780	41441.jpg	Occluded	Occluded_Rested	19
2781	41442.jpg	Occluded	Occluded_Rested	19
2782	41443.jpg	Occluded	Occluded_Rested	19
2783	41444.jpg	Occluded	Occluded_Rested	19
2784	41445.jpg	Occluded	Occluded_Rested	19
2785	41446.jpg	Occluded	Occluded_Rested	19
2786	41447.jpg	Occluded	Occluded_Rested	19
2787	41448.jpg	Occluded	Occluded_Rested	19
2788	41449.jpg	Occluded	Occluded_Rested	19
2789	41450.jpg	Occluded	Occluded_Rested	19
2790	41451.jpg	Occluded	Occluded_Rested	19
2791	41452.jpg	Occluded	Occluded_Rested	19
2792	41453.jpg	Occluded	Occluded_Rested	19
2793	41454.jpg	Occluded	Occluded_Rested	19
2794	41455.jpg	Occluded	Occluded_Rested	19
2795	41456.jpg	Occluded	Occluded_Rested	19
2796	41457.jpg	Occluded	Occluded_Rested	19
2797	41458.jpg	Occluded	Occluded_Rested	19
2798	41459.jpg	Occluded	Occluded_Rested	19
2799	41460.jpg	Occluded	Occluded_Rested	19
2800	41461.jpg	Occluded	Occluded_Rested	19
2801	41462.jpg	Occluded	Occluded_Rested	19
2802	41463.jpg	Occluded	Occluded_Rested	19
2803	41464.jpg	Occluded	Occluded_Rested	19
2804	41465.jpg	Occluded	Occluded_Rested	19
2805	41466.jpg	Occluded	Occluded_Rested	19
2806	41467.jpg	Occluded	Occluded_Rested	19
2807	41468.jpg	Occluded	Occluded_Rested	19
2808	41469.jpg	Occluded	Occluded_Rested	19
2809	41470.jpg	Occluded	Occluded_Rested	19
2810	41471.jpg	Occluded	Occluded_Rested	19
2811	41472.jpg	Occluded	Occluded_Rested	19
2812	41473.jpg	Occluded	Occluded_Rested	19
2813	41474.jpg	Occluded	Occluded_Rested	19
2814	41475.jpg	Occluded	Occluded_Rested	19
2815	41476.jpg	Occluded	Occluded_Rested	19
2816	41477.jpg	Occluded	Occluded_Rested	19
2817	41478.jpg	Occluded	Occluded_Rested	19
2818	41479.jpg	Occluded	Occluded_Rested	19
2819	41480.jpg	Occluded	Occluded_Rested	19
2820	41481.jpg	Occluded	Occluded_Rested	19
2821	41482.jpg	Occluded	Occluded_Rested	19
2822	41483.jpg	Occluded	Occluded_Rested	19
2823	41484.jpg	Occluded	Occluded_Rested	19
2824	41485.jpg	Occluded	Occluded_Rested	19
2825	41486.jpg	Occluded	Occluded_Rested	19
2826	41487.jpg	Occluded	Occluded_Rested	19
2827	41488.jpg	Occluded	Occluded_Rested	19
2828	41489.jpg	Occluded	Occluded_Rested	19
2829	41490.jpg	Occluded	Occluded_Rested	19
2830	41491.jpg	Occluded	Occluded_Rested	19
2831	41492.jpg	Occluded	Occluded_Rested	19
2832	41493.jpg	Occluded	Occluded_Rested	19
2833	41494.jpg	Occluded	Occluded_Rested	19
2834	41495.jpg	Occluded	Occluded_Rested	19
2835	41496.jpg	Occluded	Occluded_Rested	19
2836	41497.jpg	Occluded	Occluded_Rested	19
2837	41498.jpg	Occluded	Occluded_Rested	19
2838	41499.jpg	Occluded	Occluded_Rested	19
2839	41500.jpg	Occluded	Occluded_Rested	19
2840	41501.jpg	Occluded	Occluded_Rested	19
2841	41502.jpg	Occluded	Occluded_Rested	19
2842	41503.jpg	Occluded	Occluded_Rested	19
2843	41504.jpg	Occluded	Occluded_Rested	19
2844	41505.jpg	Occluded	Occluded_Rested	19
2845	41506.jpg	Occluded	Occluded_Rested	19
2846	41507.jpg	Occluded	Occluded_Rested	19
2847	41508.jpg	Occluded	Occluded_Rested	19
2848	41509.jpg	Occluded	Occluded_Rested	19
2849	41510.jpg	Occluded	Occluded_Rested	19
2850	41511.jpg	Occluded	Occluded_Rested	19
2851	41512.jpg	Occluded	Occluded_Rested	19
2852	41513.jpg	Occluded	Occluded_Rested	19
2853	41514.jpg	Occluded	Occluded_Rested	19
2854	41515.jpg	Occluded	Occluded_Rested	19
2855	41516.jpg	Occluded	Occluded_Rested	19
2856	41517.jpg	Occluded	Occluded_Rested	19
2857	41518.jpg	Occluded	Occluded_Rested	19
2858	41519.jpg	Occluded	Occluded_Rested	19
2859	41520.jpg	Occluded	Occluded_Rested	19
2860	41521.jpg	Occluded	Occluded_Rested	20
2861	41522.jpg	Occluded	Occluded_Rested	20
2862	41523.jpg	Occluded	Occluded_Rested	20
2863	41524.jpg	Occluded	Occluded_Rested	20
2864	41525.jpg	Occluded	Occluded_Rested	20
2865	41526.jpg	Occluded	Occluded_Rested	20
2866	41527.jpg	Occluded	Occluded_Rested	20
2867	41528.jpg	Occluded	Occluded_Rested	20
2868	41529.jpg	Occluded	Occluded_Rested	20
2869	41530.jpg	Occluded	Occluded_Rested	20
2870	41531.jpg	Occluded	Occluded_Rested	20
2871	41532.jpg	Occluded	Occluded_Rested	20
2872	41533.jpg	Occluded	Occluded_Rested	20
2873	41534.jpg	Occluded	Occluded_Rested	20
2874	41535.jpg	Occluded	Occluded_Rested	20
2875	41536.jpg	Occluded	Occluded_Rested	20
2876	41537.jpg	Occluded	Occluded_Rested	20
2877	41538.jpg	Occluded	Occluded_Rested	20
2878	41539.jpg	Occluded	Occluded_Rested	20
2879	41540.jpg	Occluded	Occluded_Rested	20
2880	41541.jpg	Occluded	Occluded_Rested	20
2881	41542.jpg	Occluded	Occluded_Rested	20
2882	41543.jpg	Occluded	Occluded_Rested	20
2883	41544.jpg	Occluded	Occluded_Rested	20
2884	41545.jpg	Occluded	Occluded_Rested	20
2885	41546.jpg	Occluded	Occluded_Rested	20
2886	41547.jpg	Occluded	Occluded_Rested	20
2887	41548.jpg	Occluded	Occluded_Rested	20
2888	41549.jpg	Occluded	Occluded_Rested	20
2889	41550.jpg	Occluded	Occluded_Rested	20
2890	41551.jpg	Occluded	Occluded_Rested	20
2891	41552.jpg	Occluded	Occluded_Rested	20
2892	41553.jpg	Occluded	Occluded_Rested	20
2893	41554.jpg	Occluded	Occluded_Rested	20
2894	41555.jpg	Occluded	Occluded_Rested	20
2895	41556.jpg	Occluded	Occluded_Rested	20
2896	41557.jpg	Occluded	Occluded_Rested	20
2897	41558.jpg	Occluded	Occluded_Rested	20
2898	41559.jpg	Occluded	Occluded_Rested	20
2899	41560.jpg	Occluded	Occluded_Rested	20
2900	41561.jpg	Occluded	Occluded_Rested	20
2901	41562.jpg	Occluded	Occluded_Rested	20
2902	41563.jpg	Occluded	Occluded_Rested	20
2903	41564.jpg	Occluded	Occluded_Rested	20
2904	41565.jpg	Occluded	Occluded_Rested	20
2905	41566.jpg	Occluded	Occluded_Rested	20
2906	41567.jpg	Occluded	Occluded_Rested	20
2907	41568.jpg	Occluded	Occluded_Rested	20
2908	41569.jpg	Occluded	Occluded_Rested	20
2909	41570.jpg	Occluded	Occluded_Rested	20
2910	41571.jpg	Occluded	Occluded_Rested	20
2911	41572.jpg	Occluded	Occluded_Rested	20
2912	41573.jpg	Occluded	Occluded_Rested	20
2913	41574.jpg	Occluded	Occluded_Rested	20
2914	41575.jpg	Occluded	Occluded_Rested	20
2915	41576.jpg	Occluded	Occluded_Rested	20
2916	41577.jpg	Occluded	Occluded_Rested	20
2917	41578.jpg	Occluded	Occluded_Rested	20
2918	41579.jpg	Occluded	Occluded_Rested	20
2919	41580.jpg	Occluded	Occluded_Rested	20
2920	41581.jpg	Occluded	Occluded_Rested	20
2921	41582.jpg	Occluded	Occluded_Rested	20
2922	41583.jpg	Occluded	Occluded_Rested	20
2923	41584.jpg	Occluded	Occluded_Rested	20
2924	41585.jpg	Occluded	Occluded_Rested	20
2925	41586.jpg	Occluded	Occluded_Rested	20
2926	41587.jpg	Occluded	Occluded_Rested	20
2927	41588.jpg	Occluded	Occluded_Rested	20
2928	41589.jpg	Occluded	Occluded_Rested	20
2929	41590.jpg	Occluded	Occluded_Rested	20
2930	41591.jpg	Occluded	Occluded_Rested	20
2931	41592.jpg	Occluded	Occluded_Rested	20
2932	41593.jpg	Occluded	Occluded_Rested	20
2933	41594.jpg	Occluded	Occluded_Rested	20
2934	41595.jpg	Occluded	Occluded_Rested	20
2935	41596.jpg	Occluded	Occluded_Rested	20
2936	41597.jpg	Occluded	Occluded_Rested	20
2937	41598.jpg	Occluded	Occluded_Rested	20
2938	41599.jpg	Occluded	Occluded_Rested	20
2939	41600.jpg	Occluded	Occluded_Rested	20
2940	50001.jpg	Rested	Occluded_Rested	1
2941	50002.jpg	Rested	Occluded_Rested	1
2942	50003.jpg	Rested	Occluded_Rested	1
2943	50004.jpg	Rested	Occluded_Rested	1
2944	50005.jpg	Rested	Occluded_Rested	1
2945	50006.jpg	Rested	Occluded_Rested	1
2946	50007.jpg	Rested	Occluded_Rested	1
2947	50008.jpg	Rested	Occluded_Rested	1
2948	50009.jpg	Rested	Occluded_Rested	1
2949	50010.jpg	Rested	Occluded_Rested	1
2950	50011.jpg	Rested	Occluded_Rested	1
2951	50012.jpg	Rested	Occluded_Rested	1
2952	50013.jpg	Rested	Occluded_Rested	1
2953	50014.jpg	Rested	Occluded_Rested	1
2954	50015.jpg	Rested	Occluded_Rested	1
2955	50016.jpg	Rested	Occluded_Rested	1
2956	50017.jpg	Rested	Occluded_Rested	1
2957	50018.jpg	Rested	Occluded_Rested	1
2958	50019.jpg	Rested	Occluded_Rested	1
2959	50020.jpg	Rested	Occluded_Rested	1
2960	50021.jpg	Rested	Occluded_Rested	1
2961	50022.jpg	Rested	Occluded_Rested	1
2962	50023.jpg	Rested	Occluded_Rested	1
2963	50024.jpg	Rested	Occluded_Rested	1
2964	50025.jpg	Rested	Occluded_Rested	1
2965	50026.jpg	Rested	Occluded_Rested	1
2966	50027.jpg	Rested	Occluded_Rested	1
2967	50028.jpg	Rested	Occluded_Rested	1
2968	50029.jpg	Rested	Occluded_Rested	1
2969	50030.jpg	Rested	Occluded_Rested	1
2970	50031.jpg	Rested	Occluded_Rested	1
2971	50032.jpg	Rested	Occluded_Rested	1
2972	50033.jpg	Rested	Occluded_Rested	1
2973	50034.jpg	Rested	Occluded_Rested	1
2974	50035.jpg	Rested	Occluded_Rested	1
2975	50036.jpg	Rested	Occluded_Rested	1
2976	50037.jpg	Rested	Occluded_Rested	1
2977	50038.jpg	Rested	Occluded_Rested	1
2978	50039.jpg	Rested	Occluded_Rested	1
2979	50040.jpg	Rested	Occluded_Rested	1
2980	50041.jpg	Rested	Occluded_Rested	1
2981	50042.jpg	Rested	Occluded_Rested	1
2982	50043.jpg	Rested	Occluded_Rested	1
2983	50044.jpg	Rested	Occluded_Rested	1
2984	50045.jpg	Rested	Occluded_Rested	1
2985	50046.jpg	Rested	Occluded_Rested	1
2986	50047.jpg	Rested	Occluded_Rested	1
2987	50048.jpg	Rested	Occluded_Rested	1
2988	50049.jpg	Rested	Occluded_Rested	1
2989	50050.jpg	Rested	Occluded_Rested	1
2990	50051.jpg	Rested	Occluded_Rested	1
2991	50052.jpg	Rested	Occluded_Rested	1
2992	50053.jpg	Rested	Occluded_Rested	1
2993	50054.jpg	Rested	Occluded_Rested	1
2994	50055.jpg	Rested	Occluded_Rested	1
2995	50056.jpg	Rested	Occluded_Rested	1
2996	50057.jpg	Rested	Occluded_Rested	1
2997	50058.jpg	Rested	Occluded_Rested	1
2998	50059.jpg	Rested	Occluded_Rested	1
2999	50060.jpg	Rested	Occluded_Rested	1
3000	50061.jpg	Rested	Occluded_Rested	1
3001	50062.jpg	Rested	Occluded_Rested	1
3002	50063.jpg	Rested	Occluded_Rested	1
3003	50064.jpg	Rested	Occluded_Rested	1
3004	50065.jpg	Rested	Occluded_Rested	1
3005	50066.jpg	Rested	Occluded_Rested	1
3006	50067.jpg	Rested	Occluded_Rested	1
3007	50068.jpg	Rested	Occluded_Rested	1
3008	50069.jpg	Rested	Occluded_Rested	1
3009	50070.jpg	Rested	Occluded_Rested	1
3010	50071.jpg	Rested	Occluded_Rested	1
3011	50072.jpg	Rested	Occluded_Rested	1
3012	50073.jpg	Rested	Occluded_Rested	1
3013	50074.jpg	Rested	Occluded_Rested	1
3014	50075.jpg	Rested	Occluded_Rested	1
3015	50076.jpg	Rested	Occluded_Rested	1
3016	50077.jpg	Rested	Occluded_Rested	1
3017	50078.jpg	Rested	Occluded_Rested	1
3018	50079.jpg	Rested	Occluded_Rested	1
3019	50080.jpg	Rested	Occluded_Rested	1
3020	50081.jpg	Rested	Occluded_Rested	2
3021	50082.jpg	Rested	Occluded_Rested	2
3022	50083.jpg	Rested	Occluded_Rested	2
3023	50084.jpg	Rested	Occluded_Rested	2
3024	50085.jpg	Rested	Occluded_Rested	2
3025	50086.jpg	Rested	Occluded_Rested	2
3026	50087.jpg	Rested	Occluded_Rested	2
3027	50088.jpg	Rested	Occluded_Rested	2
3028	50089.jpg	Rested	Occluded_Rested	2
3029	50090.jpg	Rested	Occluded_Rested	2
3030	50091.jpg	Rested	Occluded_Rested	2
3031	50092.jpg	Rested	Occluded_Rested	2
3032	50093.jpg	Rested	Occluded_Rested	2
3033	50094.jpg	Rested	Occluded_Rested	2
3034	50095.jpg	Rested	Occluded_Rested	2
3035	50096.jpg	Rested	Occluded_Rested	2
3036	50097.jpg	Rested	Occluded_Rested	2
3037	50098.jpg	Rested	Occluded_Rested	2
3038	50099.jpg	Rested	Occluded_Rested	2
3039	50100.jpg	Rested	Occluded_Rested	2
3040	50101.jpg	Rested	Occluded_Rested	2
3041	50102.jpg	Rested	Occluded_Rested	2
3042	50103.jpg	Rested	Occluded_Rested	2
3043	50104.jpg	Rested	Occluded_Rested	2
3044	50105.jpg	Rested	Occluded_Rested	2
3045	50106.jpg	Rested	Occluded_Rested	2
3046	50107.jpg	Rested	Occluded_Rested	2
3047	50108.jpg	Rested	Occluded_Rested	2
3048	50109.jpg	Rested	Occluded_Rested	2
3049	50110.jpg	Rested	Occluded_Rested	2
3050	50111.jpg	Rested	Occluded_Rested	2
3051	50112.jpg	Rested	Occluded_Rested	2
3052	50113.jpg	Rested	Occluded_Rested	2
3053	50114.jpg	Rested	Occluded_Rested	2
3054	50115.jpg	Rested	Occluded_Rested	2
3055	50116.jpg	Rested	Occluded_Rested	2
3056	50117.jpg	Rested	Occluded_Rested	2
3057	50118.jpg	Rested	Occluded_Rested	2
3058	50119.jpg	Rested	Occluded_Rested	2
3059	50120.jpg	Rested	Occluded_Rested	2
3060	50121.jpg	Rested	Occluded_Rested	2
3061	50122.jpg	Rested	Occluded_Rested	2
3062	50123.jpg	Rested	Occluded_Rested	2
3063	50124.jpg	Rested	Occluded_Rested	2
3064	50125.jpg	Rested	Occluded_Rested	2
3065	50126.jpg	Rested	Occluded_Rested	2
3066	50127.jpg	Rested	Occluded_Rested	2
3067	50128.jpg	Rested	Occluded_Rested	2
3068	50129.jpg	Rested	Occluded_Rested	2
3069	50130.jpg	Rested	Occluded_Rested	2
3070	50131.jpg	Rested	Occluded_Rested	2
3071	50132.jpg	Rested	Occluded_Rested	2
3072	50133.jpg	Rested	Occluded_Rested	2
3073	50134.jpg	Rested	Occluded_Rested	2
3074	50135.jpg	Rested	Occluded_Rested	2
3075	50136.jpg	Rested	Occluded_Rested	2
3076	50137.jpg	Rested	Occluded_Rested	2
3077	50138.jpg	Rested	Occluded_Rested	2
3078	50139.jpg	Rested	Occluded_Rested	2
3079	50140.jpg	Rested	Occluded_Rested	2
3080	50141.jpg	Rested	Occluded_Rested	2
3081	50142.jpg	Rested	Occluded_Rested	2
3082	50143.jpg	Rested	Occluded_Rested	2
3083	50144.jpg	Rested	Occluded_Rested	2
3084	50145.jpg	Rested	Occluded_Rested	2
3085	50146.jpg	Rested	Occluded_Rested	2
3086	50147.jpg	Rested	Occluded_Rested	2
3087	50148.jpg	Rested	Occluded_Rested	2
3088	50149.jpg	Rested	Occluded_Rested	2
3089	50150.jpg	Rested	Occluded_Rested	2
3090	50151.jpg	Rested	Occluded_Rested	2
3091	50152.jpg	Rested	Occluded_Rested	2
3092	50153.jpg	Rested	Occluded_Rested	2
3093	50154.jpg	Rested	Occluded_Rested	2
3094	50155.jpg	Rested	Occluded_Rested	2
3095	50156.jpg	Rested	Occluded_Rested	2
3096	50157.jpg	Rested	Occluded_Rested	2
3097	50158.jpg	Rested	Occluded_Rested	2
3098	50159.jpg	Rested	Occluded_Rested	2
3099	50160.jpg	Rested	Occluded_Rested	2
3100	50161.jpg	Rested	Occluded_Rested	3
3101	50162.jpg	Rested	Occluded_Rested	3
3102	50163.jpg	Rested	Occluded_Rested	3
3103	50164.jpg	Rested	Occluded_Rested	3
3104	50165.jpg	Rested	Occluded_Rested	3
3105	50166.jpg	Rested	Occluded_Rested	3
3106	50167.jpg	Rested	Occluded_Rested	3
3107	50168.jpg	Rested	Occluded_Rested	3
3108	50169.jpg	Rested	Occluded_Rested	3
3109	50170.jpg	Rested	Occluded_Rested	3
3110	50171.jpg	Rested	Occluded_Rested	3
3111	50172.jpg	Rested	Occluded_Rested	3
3112	50173.jpg	Rested	Occluded_Rested	3
3113	50174.jpg	Rested	Occluded_Rested	3
3114	50175.jpg	Rested	Occluded_Rested	3
3115	50176.jpg	Rested	Occluded_Rested	3
3116	50177.jpg	Rested	Occluded_Rested	3
3117	50178.jpg	Rested	Occluded_Rested	3
3118	50179.jpg	Rested	Occluded_Rested	3
3119	50180.jpg	Rested	Occluded_Rested	3
3120	50181.jpg	Rested	Occluded_Rested	3
3121	50182.jpg	Rested	Occluded_Rested	3
3122	50183.jpg	Rested	Occluded_Rested	3
3123	50184.jpg	Rested	Occluded_Rested	3
3124	50185.jpg	Rested	Occluded_Rested	3
3125	50186.jpg	Rested	Occluded_Rested	3
3126	50187.jpg	Rested	Occluded_Rested	3
3127	50188.jpg	Rested	Occluded_Rested	3
3128	50189.jpg	Rested	Occluded_Rested	3
3129	50190.jpg	Rested	Occluded_Rested	3
3130	50191.jpg	Rested	Occluded_Rested	3
3131	50192.jpg	Rested	Occluded_Rested	3
3132	50193.jpg	Rested	Occluded_Rested	3
3133	50194.jpg	Rested	Occluded_Rested	3
3134	50195.jpg	Rested	Occluded_Rested	3
3135	50196.jpg	Rested	Occluded_Rested	3
3136	50197.jpg	Rested	Occluded_Rested	3
3137	50198.jpg	Rested	Occluded_Rested	3
3138	50199.jpg	Rested	Occluded_Rested	3
3139	50200.jpg	Rested	Occluded_Rested	3
3140	50201.jpg	Rested	Occluded_Rested	3
3141	50202.jpg	Rested	Occluded_Rested	3
3142	50203.jpg	Rested	Occluded_Rested	3
3143	50204.jpg	Rested	Occluded_Rested	3
3144	50205.jpg	Rested	Occluded_Rested	3
3145	50206.jpg	Rested	Occluded_Rested	3
3146	50207.jpg	Rested	Occluded_Rested	3
3147	50208.jpg	Rested	Occluded_Rested	3
3148	50209.jpg	Rested	Occluded_Rested	3
3149	50210.jpg	Rested	Occluded_Rested	3
3150	50211.jpg	Rested	Occluded_Rested	3
3151	50212.jpg	Rested	Occluded_Rested	3
3152	50213.jpg	Rested	Occluded_Rested	3
3153	50214.jpg	Rested	Occluded_Rested	3
3154	50215.jpg	Rested	Occluded_Rested	3
3155	50216.jpg	Rested	Occluded_Rested	3
3156	50217.jpg	Rested	Occluded_Rested	3
3157	50218.jpg	Rested	Occluded_Rested	3
3158	50219.jpg	Rested	Occluded_Rested	3
3159	50220.jpg	Rested	Occluded_Rested	3
3160	50221.jpg	Rested	Occluded_Rested	3
3161	50222.jpg	Rested	Occluded_Rested	3
3162	50223.jpg	Rested	Occluded_Rested	3
3163	50224.jpg	Rested	Occluded_Rested	3
3164	50225.jpg	Rested	Occluded_Rested	3
3165	50226.jpg	Rested	Occluded_Rested	3
3166	50227.jpg	Rested	Occluded_Rested	3
3167	50228.jpg	Rested	Occluded_Rested	3
3168	50229.jpg	Rested	Occluded_Rested	3
3169	50230.jpg	Rested	Occluded_Rested	3
3170	50231.jpg	Rested	Occluded_Rested	3
3171	50232.jpg	Rested	Occluded_Rested	3
3172	50233.jpg	Rested	Occluded_Rested	3
3173	50234.jpg	Rested	Occluded_Rested	3
3174	50235.jpg	Rested	Occluded_Rested	3
3175	50236.jpg	Rested	Occluded_Rested	3
3176	50237.jpg	Rested	Occluded_Rested	3
3177	50238.jpg	Rested	Occluded_Rested	3
3178	50239.jpg	Rested	Occluded_Rested	3
3179	50240.jpg	Rested	Occluded_Rested	3
3180	50241.jpg	Rested	Occluded_Rested	4
3181	50242.jpg	Rested	Occluded_Rested	4
3182	50243.jpg	Rested	Occluded_Rested	4
3183	50244.jpg	Rested	Occluded_Rested	4
3184	50245.jpg	Rested	Occluded_Rested	4
3185	50246.jpg	Rested	Occluded_Rested	4
3186	50247.jpg	Rested	Occluded_Rested	4
3187	50248.jpg	Rested	Occluded_Rested	4
3188	50249.jpg	Rested	Occluded_Rested	4
3189	50250.jpg	Rested	Occluded_Rested	4
3190	50251.jpg	Rested	Occluded_Rested	4
3191	50252.jpg	Rested	Occluded_Rested	4
3192	50253.jpg	Rested	Occluded_Rested	4
3193	50254.jpg	Rested	Occluded_Rested	4
3194	50255.jpg	Rested	Occluded_Rested	4
3195	50256.jpg	Rested	Occluded_Rested	4
3196	50257.jpg	Rested	Occluded_Rested	4
3197	50258.jpg	Rested	Occluded_Rested	4
3198	50259.jpg	Rested	Occluded_Rested	4
3199	50260.jpg	Rested	Occluded_Rested	4
3200	50261.jpg	Rested	Occluded_Rested	4
3201	50262.jpg	Rested	Occluded_Rested	4
3202	50263.jpg	Rested	Occluded_Rested	4
3203	50264.jpg	Rested	Occluded_Rested	4
3204	50265.jpg	Rested	Occluded_Rested	4
3205	50266.jpg	Rested	Occluded_Rested	4
3206	50267.jpg	Rested	Occluded_Rested	4
3207	50268.jpg	Rested	Occluded_Rested	4
3208	50269.jpg	Rested	Occluded_Rested	4
3209	50270.jpg	Rested	Occluded_Rested	4
3210	50271.jpg	Rested	Occluded_Rested	4
3211	50272.jpg	Rested	Occluded_Rested	4
3212	50273.jpg	Rested	Occluded_Rested	4
3213	50274.jpg	Rested	Occluded_Rested	4
3214	50275.jpg	Rested	Occluded_Rested	4
3215	50276.jpg	Rested	Occluded_Rested	4
3216	50277.jpg	Rested	Occluded_Rested	4
3217	50278.jpg	Rested	Occluded_Rested	4
3218	50279.jpg	Rested	Occluded_Rested	4
3219	50280.jpg	Rested	Occluded_Rested	4
3220	50281.jpg	Rested	Occluded_Rested	4
3221	50282.jpg	Rested	Occluded_Rested	4
3222	50283.jpg	Rested	Occluded_Rested	4
3223	50284.jpg	Rested	Occluded_Rested	4
3224	50285.jpg	Rested	Occluded_Rested	4
3225	50286.jpg	Rested	Occluded_Rested	4
3226	50287.jpg	Rested	Occluded_Rested	4
3227	50288.jpg	Rested	Occluded_Rested	4
3228	50289.jpg	Rested	Occluded_Rested	4
3229	50290.jpg	Rested	Occluded_Rested	4
3230	50291.jpg	Rested	Occluded_Rested	4
3231	50292.jpg	Rested	Occluded_Rested	4
3232	50293.jpg	Rested	Occluded_Rested	4
3233	50294.jpg	Rested	Occluded_Rested	4
3234	50295.jpg	Rested	Occluded_Rested	4
3235	50296.jpg	Rested	Occluded_Rested	4
3236	50297.jpg	Rested	Occluded_Rested	4
3237	50298.jpg	Rested	Occluded_Rested	4
3238	50299.jpg	Rested	Occluded_Rested	4
3239	50300.jpg	Rested	Occluded_Rested	4
3240	50301.jpg	Rested	Occluded_Rested	4
3241	50302.jpg	Rested	Occluded_Rested	4
3242	50303.jpg	Rested	Occluded_Rested	4
3243	50304.jpg	Rested	Occluded_Rested	4
3244	50305.jpg	Rested	Occluded_Rested	4
3245	50306.jpg	Rested	Occluded_Rested	4
3246	50307.jpg	Rested	Occluded_Rested	4
3247	50308.jpg	Rested	Occluded_Rested	4
3248	50309.jpg	Rested	Occluded_Rested	4
3249	50310.jpg	Rested	Occluded_Rested	4
3250	50311.jpg	Rested	Occluded_Rested	4
3251	50312.jpg	Rested	Occluded_Rested	4
3252	50313.jpg	Rested	Occluded_Rested	4
3253	50314.jpg	Rested	Occluded_Rested	4
3254	50315.jpg	Rested	Occluded_Rested	4
3255	50316.jpg	Rested	Occluded_Rested	4
3256	50317.jpg	Rested	Occluded_Rested	4
3257	50318.jpg	Rested	Occluded_Rested	4
3258	50319.jpg	Rested	Occluded_Rested	4
3259	50320.jpg	Rested	Occluded_Rested	4
3260	50321.jpg	Rested	Occluded_Rested	5
3261	50322.jpg	Rested	Occluded_Rested	5
3262	50323.jpg	Rested	Occluded_Rested	5
3263	50324.jpg	Rested	Occluded_Rested	5
3264	50325.jpg	Rested	Occluded_Rested	5
3265	50326.jpg	Rested	Occluded_Rested	5
3266	50327.jpg	Rested	Occluded_Rested	5
3267	50328.jpg	Rested	Occluded_Rested	5
3268	50329.jpg	Rested	Occluded_Rested	5
3269	50330.jpg	Rested	Occluded_Rested	5
3270	50331.jpg	Rested	Occluded_Rested	5
3271	50332.jpg	Rested	Occluded_Rested	5
3272	50333.jpg	Rested	Occluded_Rested	5
3273	50334.jpg	Rested	Occluded_Rested	5
3274	50335.jpg	Rested	Occluded_Rested	5
3275	50336.jpg	Rested	Occluded_Rested	5
3276	50337.jpg	Rested	Occluded_Rested	5
3277	50338.jpg	Rested	Occluded_Rested	5
3278	50339.jpg	Rested	Occluded_Rested	5
3279	50340.jpg	Rested	Occluded_Rested	5
3280	50341.jpg	Rested	Occluded_Rested	5
3281	50342.jpg	Rested	Occluded_Rested	5
3282	50343.jpg	Rested	Occluded_Rested	5
3283	50344.jpg	Rested	Occluded_Rested	5
3284	50345.jpg	Rested	Occluded_Rested	5
3285	50346.jpg	Rested	Occluded_Rested	5
3286	50347.jpg	Rested	Occluded_Rested	5
3287	50348.jpg	Rested	Occluded_Rested	5
3288	50349.jpg	Rested	Occluded_Rested	5
3289	50350.jpg	Rested	Occluded_Rested	5
3290	50351.jpg	Rested	Occluded_Rested	5
3291	50352.jpg	Rested	Occluded_Rested	5
3292	50353.jpg	Rested	Occluded_Rested	5
3293	50354.jpg	Rested	Occluded_Rested	5
3294	50355.jpg	Rested	Occluded_Rested	5
3295	50356.jpg	Rested	Occluded_Rested	5
3296	50357.jpg	Rested	Occluded_Rested	5
3297	50358.jpg	Rested	Occluded_Rested	5
3298	50359.jpg	Rested	Occluded_Rested	5
3299	50360.jpg	Rested	Occluded_Rested	5
3300	50361.jpg	Rested	Occluded_Rested	5
3301	50362.jpg	Rested	Occluded_Rested	5
3302	50363.jpg	Rested	Occluded_Rested	5
3303	50364.jpg	Rested	Occluded_Rested	5
3304	50365.jpg	Rested	Occluded_Rested	5
3305	50366.jpg	Rested	Occluded_Rested	5
3306	50367.jpg	Rested	Occluded_Rested	5
3307	50368.jpg	Rested	Occluded_Rested	5
3308	50369.jpg	Rested	Occluded_Rested	5
3309	50370.jpg	Rested	Occluded_Rested	5
3310	50371.jpg	Rested	Occluded_Rested	5
3311	50372.jpg	Rested	Occluded_Rested	5
3312	50373.jpg	Rested	Occluded_Rested	5
3313	50374.jpg	Rested	Occluded_Rested	5
3314	50375.jpg	Rested	Occluded_Rested	5
3315	50376.jpg	Rested	Occluded_Rested	5
3316	50377.jpg	Rested	Occluded_Rested	5
3317	50378.jpg	Rested	Occluded_Rested	5
3318	50379.jpg	Rested	Occluded_Rested	5
3319	50380.jpg	Rested	Occluded_Rested	5
3320	50381.jpg	Rested	Occluded_Rested	5
3321	50382.jpg	Rested	Occluded_Rested	5
3322	50383.jpg	Rested	Occluded_Rested	5
3323	50384.jpg	Rested	Occluded_Rested	5
3324	50385.jpg	Rested	Occluded_Rested	5
3325	50386.jpg	Rested	Occluded_Rested	5
3326	50387.jpg	Rested	Occluded_Rested	5
3327	50388.jpg	Rested	Occluded_Rested	5
3328	50389.jpg	Rested	Occluded_Rested	5
3329	50390.jpg	Rested	Occluded_Rested	5
3330	50391.jpg	Rested	Occluded_Rested	5
3331	50392.jpg	Rested	Occluded_Rested	5
3332	50393.jpg	Rested	Occluded_Rested	5
3333	50394.jpg	Rested	Occluded_Rested	5
3334	50395.jpg	Rested	Occluded_Rested	5
3335	50396.jpg	Rested	Occluded_Rested	5
3336	50397.jpg	Rested	Occluded_Rested	5
3337	50398.jpg	Rested	Occluded_Rested	5
3338	50399.jpg	Rested	Occluded_Rested	5
3339	50400.jpg	Rested	Occluded_Rested	5
3340	50401.jpg	Rested	Occluded_Rested	6
3341	50402.jpg	Rested	Occluded_Rested	6
3342	50403.jpg	Rested	Occluded_Rested	6
3343	50404.jpg	Rested	Occluded_Rested	6
3344	50405.jpg	Rested	Occluded_Rested	6
3345	50406.jpg	Rested	Occluded_Rested	6
3346	50407.jpg	Rested	Occluded_Rested	6
3347	50408.jpg	Rested	Occluded_Rested	6
3348	50409.jpg	Rested	Occluded_Rested	6
3349	50410.jpg	Rested	Occluded_Rested	6
3350	50411.jpg	Rested	Occluded_Rested	6
3351	50412.jpg	Rested	Occluded_Rested	6
3352	50413.jpg	Rested	Occluded_Rested	6
3353	50414.jpg	Rested	Occluded_Rested	6
3354	50415.jpg	Rested	Occluded_Rested	6
3355	50416.jpg	Rested	Occluded_Rested	6
3356	50417.jpg	Rested	Occluded_Rested	6
3357	50418.jpg	Rested	Occluded_Rested	6
3358	50419.jpg	Rested	Occluded_Rested	6
3359	50420.jpg	Rested	Occluded_Rested	6
3360	50421.jpg	Rested	Occluded_Rested	6
3361	50422.jpg	Rested	Occluded_Rested	6
3362	50423.jpg	Rested	Occluded_Rested	6
3363	50424.jpg	Rested	Occluded_Rested	6
3364	50425.jpg	Rested	Occluded_Rested	6
3365	50426.jpg	Rested	Occluded_Rested	6
3366	50427.jpg	Rested	Occluded_Rested	6
3367	50428.jpg	Rested	Occluded_Rested	6
3368	50429.jpg	Rested	Occluded_Rested	6
3369	50430.jpg	Rested	Occluded_Rested	6
3370	50431.jpg	Rested	Occluded_Rested	6
3371	50432.jpg	Rested	Occluded_Rested	6
3372	50433.jpg	Rested	Occluded_Rested	6
3373	50434.jpg	Rested	Occluded_Rested	6
3374	50435.jpg	Rested	Occluded_Rested	6
3375	50436.jpg	Rested	Occluded_Rested	6
3376	50437.jpg	Rested	Occluded_Rested	6
3377	50438.jpg	Rested	Occluded_Rested	6
3378	50439.jpg	Rested	Occluded_Rested	6
3379	50440.jpg	Rested	Occluded_Rested	6
3380	50441.jpg	Rested	Occluded_Rested	6
3381	50442.jpg	Rested	Occluded_Rested	6
3382	50443.jpg	Rested	Occluded_Rested	6
3383	50444.jpg	Rested	Occluded_Rested	6
3384	50445.jpg	Rested	Occluded_Rested	6
3385	50446.jpg	Rested	Occluded_Rested	6
3386	50447.jpg	Rested	Occluded_Rested	6
3387	50448.jpg	Rested	Occluded_Rested	6
3388	50449.jpg	Rested	Occluded_Rested	6
3389	50450.jpg	Rested	Occluded_Rested	6
3390	50451.jpg	Rested	Occluded_Rested	6
3391	50452.jpg	Rested	Occluded_Rested	6
3392	50453.jpg	Rested	Occluded_Rested	6
3393	50454.jpg	Rested	Occluded_Rested	6
3394	50455.jpg	Rested	Occluded_Rested	6
3395	50456.jpg	Rested	Occluded_Rested	6
3396	50457.jpg	Rested	Occluded_Rested	6
3397	50458.jpg	Rested	Occluded_Rested	6
3398	50459.jpg	Rested	Occluded_Rested	6
3399	50460.jpg	Rested	Occluded_Rested	6
3400	50461.jpg	Rested	Occluded_Rested	6
3401	50462.jpg	Rested	Occluded_Rested	6
3402	50463.jpg	Rested	Occluded_Rested	6
3403	50464.jpg	Rested	Occluded_Rested	6
3404	50465.jpg	Rested	Occluded_Rested	6
3405	50466.jpg	Rested	Occluded_Rested	6
3406	50467.jpg	Rested	Occluded_Rested	6
3407	50468.jpg	Rested	Occluded_Rested	6
3408	50469.jpg	Rested	Occluded_Rested	6
3409	50470.jpg	Rested	Occluded_Rested	6
3410	50471.jpg	Rested	Occluded_Rested	6
3411	50472.jpg	Rested	Occluded_Rested	6
3412	50473.jpg	Rested	Occluded_Rested	6
3413	50474.jpg	Rested	Occluded_Rested	6
3414	50475.jpg	Rested	Occluded_Rested	6
3415	50476.jpg	Rested	Occluded_Rested	6
3416	50477.jpg	Rested	Occluded_Rested	6
3417	50478.jpg	Rested	Occluded_Rested	6
3418	50479.jpg	Rested	Occluded_Rested	6
3419	50480.jpg	Rested	Occluded_Rested	6
3420	50481.jpg	Rested	Occluded_Rested	7
3421	50482.jpg	Rested	Occluded_Rested	7
3422	50483.jpg	Rested	Occluded_Rested	7
3423	50484.jpg	Rested	Occluded_Rested	7
3424	50485.jpg	Rested	Occluded_Rested	7
3425	50486.jpg	Rested	Occluded_Rested	7
3426	50487.jpg	Rested	Occluded_Rested	7
3427	50488.jpg	Rested	Occluded_Rested	7
3428	50489.jpg	Rested	Occluded_Rested	7
3429	50490.jpg	Rested	Occluded_Rested	7
3430	50491.jpg	Rested	Occluded_Rested	7
3431	50492.jpg	Rested	Occluded_Rested	7
3432	50493.jpg	Rested	Occluded_Rested	7
3433	50494.jpg	Rested	Occluded_Rested	7
3434	50495.jpg	Rested	Occluded_Rested	7
3435	50496.jpg	Rested	Occluded_Rested	7
3436	50497.jpg	Rested	Occluded_Rested	7
3437	50498.jpg	Rested	Occluded_Rested	7
3438	50499.jpg	Rested	Occluded_Rested	7
3439	50500.jpg	Rested	Occluded_Rested	7
3440	50501.jpg	Rested	Occluded_Rested	7
3441	50502.jpg	Rested	Occluded_Rested	7
3442	50503.jpg	Rested	Occluded_Rested	7
3443	50504.jpg	Rested	Occluded_Rested	7
3444	50505.jpg	Rested	Occluded_Rested	7
3445	50506.jpg	Rested	Occluded_Rested	7
3446	50507.jpg	Rested	Occluded_Rested	7
3447	50508.jpg	Rested	Occluded_Rested	7
3448	50509.jpg	Rested	Occluded_Rested	7
3449	50510.jpg	Rested	Occluded_Rested	7
3450	50511.jpg	Rested	Occluded_Rested	7
3451	50512.jpg	Rested	Occluded_Rested	7
3452	50513.jpg	Rested	Occluded_Rested	7
3453	50514.jpg	Rested	Occluded_Rested	7
3454	50515.jpg	Rested	Occluded_Rested	7
3455	50516.jpg	Rested	Occluded_Rested	7
3456	50517.jpg	Rested	Occluded_Rested	7
3457	50518.jpg	Rested	Occluded_Rested	7
3458	50519.jpg	Rested	Occluded_Rested	7
3459	50520.jpg	Rested	Occluded_Rested	7
3460	50521.jpg	Rested	Occluded_Rested	7
3461	50522.jpg	Rested	Occluded_Rested	7
3462	50523.jpg	Rested	Occluded_Rested	7
3463	50524.jpg	Rested	Occluded_Rested	7
3464	50525.jpg	Rested	Occluded_Rested	7
3465	50526.jpg	Rested	Occluded_Rested	7
3466	50527.jpg	Rested	Occluded_Rested	7
3467	50528.jpg	Rested	Occluded_Rested	7
3468	50529.jpg	Rested	Occluded_Rested	7
3469	50530.jpg	Rested	Occluded_Rested	7
3470	50531.jpg	Rested	Occluded_Rested	7
3471	50532.jpg	Rested	Occluded_Rested	7
3472	50533.jpg	Rested	Occluded_Rested	7
3473	50534.jpg	Rested	Occluded_Rested	7
3474	50535.jpg	Rested	Occluded_Rested	7
3475	50536.jpg	Rested	Occluded_Rested	7
3476	50537.jpg	Rested	Occluded_Rested	7
3477	50538.jpg	Rested	Occluded_Rested	7
3478	50539.jpg	Rested	Occluded_Rested	7
3479	50540.jpg	Rested	Occluded_Rested	7
3480	50541.jpg	Rested	Occluded_Rested	7
3481	50542.jpg	Rested	Occluded_Rested	7
3482	50543.jpg	Rested	Occluded_Rested	7
3483	50544.jpg	Rested	Occluded_Rested	7
3484	50545.jpg	Rested	Occluded_Rested	7
3485	50546.jpg	Rested	Occluded_Rested	7
3486	50547.jpg	Rested	Occluded_Rested	7
3487	50548.jpg	Rested	Occluded_Rested	7
3488	50549.jpg	Rested	Occluded_Rested	7
3489	50550.jpg	Rested	Occluded_Rested	7
3490	50551.jpg	Rested	Occluded_Rested	7
3491	50552.jpg	Rested	Occluded_Rested	7
3492	50553.jpg	Rested	Occluded_Rested	7
3493	50554.jpg	Rested	Occluded_Rested	7
3494	50555.jpg	Rested	Occluded_Rested	7
3495	50556.jpg	Rested	Occluded_Rested	7
3496	50557.jpg	Rested	Occluded_Rested	7
3497	50558.jpg	Rested	Occluded_Rested	7
3498	50559.jpg	Rested	Occluded_Rested	7
3499	50560.jpg	Rested	Occluded_Rested	7
3500	50561.jpg	Rested	Occluded_Rested	8
3501	50562.jpg	Rested	Occluded_Rested	8
3502	50563.jpg	Rested	Occluded_Rested	8
3503	50564.jpg	Rested	Occluded_Rested	8
3504	50565.jpg	Rested	Occluded_Rested	8
3505	50566.jpg	Rested	Occluded_Rested	8
3506	50567.jpg	Rested	Occluded_Rested	8
3507	50568.jpg	Rested	Occluded_Rested	8
3508	50569.jpg	Rested	Occluded_Rested	8
3509	50570.jpg	Rested	Occluded_Rested	8
3510	50571.jpg	Rested	Occluded_Rested	8
3511	50572.jpg	Rested	Occluded_Rested	8
3512	50573.jpg	Rested	Occluded_Rested	8
3513	50574.jpg	Rested	Occluded_Rested	8
3514	50575.jpg	Rested	Occluded_Rested	8
3515	50576.jpg	Rested	Occluded_Rested	8
3516	50577.jpg	Rested	Occluded_Rested	8
3517	50578.jpg	Rested	Occluded_Rested	8
3518	50579.jpg	Rested	Occluded_Rested	8
3519	50580.jpg	Rested	Occluded_Rested	8
3520	50581.jpg	Rested	Occluded_Rested	8
3521	50582.jpg	Rested	Occluded_Rested	8
3522	50583.jpg	Rested	Occluded_Rested	8
3523	50584.jpg	Rested	Occluded_Rested	8
3524	50585.jpg	Rested	Occluded_Rested	8
3525	50586.jpg	Rested	Occluded_Rested	8
3526	50587.jpg	Rested	Occluded_Rested	8
3527	50588.jpg	Rested	Occluded_Rested	8
3528	50589.jpg	Rested	Occluded_Rested	8
3529	50590.jpg	Rested	Occluded_Rested	8
3530	50591.jpg	Rested	Occluded_Rested	8
3531	50592.jpg	Rested	Occluded_Rested	8
3532	50593.jpg	Rested	Occluded_Rested	8
3533	50594.jpg	Rested	Occluded_Rested	8
3534	50595.jpg	Rested	Occluded_Rested	8
3535	50596.jpg	Rested	Occluded_Rested	8
3536	50597.jpg	Rested	Occluded_Rested	8
3537	50598.jpg	Rested	Occluded_Rested	8
3538	50599.jpg	Rested	Occluded_Rested	8
3539	50600.jpg	Rested	Occluded_Rested	8
3540	50601.jpg	Rested	Occluded_Rested	8
3541	50602.jpg	Rested	Occluded_Rested	8
3542	50603.jpg	Rested	Occluded_Rested	8
3543	50604.jpg	Rested	Occluded_Rested	8
3544	50605.jpg	Rested	Occluded_Rested	8
3545	50606.jpg	Rested	Occluded_Rested	8
3546	50607.jpg	Rested	Occluded_Rested	8
3547	50608.jpg	Rested	Occluded_Rested	8
3548	50609.jpg	Rested	Occluded_Rested	8
3549	50610.jpg	Rested	Occluded_Rested	8
3550	50611.jpg	Rested	Occluded_Rested	8
3551	50612.jpg	Rested	Occluded_Rested	8
3552	50613.jpg	Rested	Occluded_Rested	8
3553	50614.jpg	Rested	Occluded_Rested	8
3554	50615.jpg	Rested	Occluded_Rested	8
3555	50616.jpg	Rested	Occluded_Rested	8
3556	50617.jpg	Rested	Occluded_Rested	8
3557	50618.jpg	Rested	Occluded_Rested	8
3558	50619.jpg	Rested	Occluded_Rested	8
3559	50620.jpg	Rested	Occluded_Rested	8
3560	50621.jpg	Rested	Occluded_Rested	8
3561	50622.jpg	Rested	Occluded_Rested	8
3562	50623.jpg	Rested	Occluded_Rested	8
3563	50624.jpg	Rested	Occluded_Rested	8
3564	50625.jpg	Rested	Occluded_Rested	8
3565	50626.jpg	Rested	Occluded_Rested	8
3566	50627.jpg	Rested	Occluded_Rested	8
3567	50628.jpg	Rested	Occluded_Rested	8
3568	50629.jpg	Rested	Occluded_Rested	8
3569	50630.jpg	Rested	Occluded_Rested	8
3570	50631.jpg	Rested	Occluded_Rested	8
3571	50632.jpg	Rested	Occluded_Rested	8
3572	50633.jpg	Rested	Occluded_Rested	8
3573	50634.jpg	Rested	Occluded_Rested	8
3574	50635.jpg	Rested	Occluded_Rested	8
3575	50636.jpg	Rested	Occluded_Rested	8
3576	50637.jpg	Rested	Occluded_Rested	8
3577	50638.jpg	Rested	Occluded_Rested	8
3578	50639.jpg	Rested	Occluded_Rested	8
3579	50640.jpg	Rested	Occluded_Rested	8
3580	50641.jpg	Rested	Occluded_Rested	9
3581	50642.jpg	Rested	Occluded_Rested	9
3582	50643.jpg	Rested	Occluded_Rested	9
3583	50644.jpg	Rested	Occluded_Rested	9
3584	50645.jpg	Rested	Occluded_Rested	9
3585	50646.jpg	Rested	Occluded_Rested	9
3586	50647.jpg	Rested	Occluded_Rested	9
3587	50648.jpg	Rested	Occluded_Rested	9
3588	50649.jpg	Rested	Occluded_Rested	9
3589	50650.jpg	Rested	Occluded_Rested	9
3590	50651.jpg	Rested	Occluded_Rested	9
3591	50652.jpg	Rested	Occluded_Rested	9
3592	50653.jpg	Rested	Occluded_Rested	9
3593	50654.jpg	Rested	Occluded_Rested	9
3594	50655.jpg	Rested	Occluded_Rested	9
3595	50656.jpg	Rested	Occluded_Rested	9
3596	50657.jpg	Rested	Occluded_Rested	9
3597	50658.jpg	Rested	Occluded_Rested	9
3598	50659.jpg	Rested	Occluded_Rested	9
3599	50660.jpg	Rested	Occluded_Rested	9
3600	50661.jpg	Rested	Occluded_Rested	9
3601	50662.jpg	Rested	Occluded_Rested	9
3602	50663.jpg	Rested	Occluded_Rested	9
3603	50664.jpg	Rested	Occluded_Rested	9
3604	50665.jpg	Rested	Occluded_Rested	9
3605	50666.jpg	Rested	Occluded_Rested	9
3606	50667.jpg	Rested	Occluded_Rested	9
3607	50668.jpg	Rested	Occluded_Rested	9
3608	50669.jpg	Rested	Occluded_Rested	9
3609	50670.jpg	Rested	Occluded_Rested	9
3610	50671.jpg	Rested	Occluded_Rested	9
3611	50672.jpg	Rested	Occluded_Rested	9
3612	50673.jpg	Rested	Occluded_Rested	9
3613	50674.jpg	Rested	Occluded_Rested	9
3614	50675.jpg	Rested	Occluded_Rested	9
3615	50676.jpg	Rested	Occluded_Rested	9
3616	50677.jpg	Rested	Occluded_Rested	9
3617	50678.jpg	Rested	Occluded_Rested	9
3618	50679.jpg	Rested	Occluded_Rested	9
3619	50680.jpg	Rested	Occluded_Rested	9
3620	50681.jpg	Rested	Occluded_Rested	9
3621	50682.jpg	Rested	Occluded_Rested	9
3622	50683.jpg	Rested	Occluded_Rested	9
3623	50684.jpg	Rested	Occluded_Rested	9
3624	50685.jpg	Rested	Occluded_Rested	9
3625	50686.jpg	Rested	Occluded_Rested	9
3626	50687.jpg	Rested	Occluded_Rested	9
3627	50688.jpg	Rested	Occluded_Rested	9
3628	50689.jpg	Rested	Occluded_Rested	9
3629	50690.jpg	Rested	Occluded_Rested	9
3630	50691.jpg	Rested	Occluded_Rested	9
3631	50692.jpg	Rested	Occluded_Rested	9
3632	50693.jpg	Rested	Occluded_Rested	9
3633	50694.jpg	Rested	Occluded_Rested	9
3634	50695.jpg	Rested	Occluded_Rested	9
3635	50696.jpg	Rested	Occluded_Rested	9
3636	50697.jpg	Rested	Occluded_Rested	9
3637	50698.jpg	Rested	Occluded_Rested	9
3638	50699.jpg	Rested	Occluded_Rested	9
3639	50700.jpg	Rested	Occluded_Rested	9
3640	50701.jpg	Rested	Occluded_Rested	9
3641	50702.jpg	Rested	Occluded_Rested	9
3642	50703.jpg	Rested	Occluded_Rested	9
3643	50704.jpg	Rested	Occluded_Rested	9
3644	50705.jpg	Rested	Occluded_Rested	9
3645	50706.jpg	Rested	Occluded_Rested	9
3646	50707.jpg	Rested	Occluded_Rested	9
3647	50708.jpg	Rested	Occluded_Rested	9
3648	50709.jpg	Rested	Occluded_Rested	9
3649	50710.jpg	Rested	Occluded_Rested	9
3650	50711.jpg	Rested	Occluded_Rested	9
3651	50712.jpg	Rested	Occluded_Rested	9
3652	50713.jpg	Rested	Occluded_Rested	9
3653	50714.jpg	Rested	Occluded_Rested	9
3654	50715.jpg	Rested	Occluded_Rested	9
3655	50716.jpg	Rested	Occluded_Rested	9
3656	50717.jpg	Rested	Occluded_Rested	9
3657	50718.jpg	Rested	Occluded_Rested	9
3658	50719.jpg	Rested	Occluded_Rested	9
3659	50720.jpg	Rested	Occluded_Rested	9
3660	50721.jpg	Rested	Occluded_Rested	10
3661	50722.jpg	Rested	Occluded_Rested	10
3662	50723.jpg	Rested	Occluded_Rested	10
3663	50724.jpg	Rested	Occluded_Rested	10
3664	50725.jpg	Rested	Occluded_Rested	10
3665	50726.jpg	Rested	Occluded_Rested	10
3666	50727.jpg	Rested	Occluded_Rested	10
3667	50728.jpg	Rested	Occluded_Rested	10
3668	50729.jpg	Rested	Occluded_Rested	10
3669	50730.jpg	Rested	Occluded_Rested	10
3670	50731.jpg	Rested	Occluded_Rested	10
3671	50732.jpg	Rested	Occluded_Rested	10
3672	50733.jpg	Rested	Occluded_Rested	10
3673	50734.jpg	Rested	Occluded_Rested	10
3674	50735.jpg	Rested	Occluded_Rested	10
3675	50736.jpg	Rested	Occluded_Rested	10
3676	50737.jpg	Rested	Occluded_Rested	10
3677	50738.jpg	Rested	Occluded_Rested	10
3678	50739.jpg	Rested	Occluded_Rested	10
3679	50740.jpg	Rested	Occluded_Rested	10
3680	50741.jpg	Rested	Occluded_Rested	10
3681	50742.jpg	Rested	Occluded_Rested	10
3682	50743.jpg	Rested	Occluded_Rested	10
3683	50744.jpg	Rested	Occluded_Rested	10
3684	50745.jpg	Rested	Occluded_Rested	10
3685	50746.jpg	Rested	Occluded_Rested	10
3686	50747.jpg	Rested	Occluded_Rested	10
3687	50748.jpg	Rested	Occluded_Rested	10
3688	50749.jpg	Rested	Occluded_Rested	10
3689	50750.jpg	Rested	Occluded_Rested	10
3690	50751.jpg	Rested	Occluded_Rested	10
3691	50752.jpg	Rested	Occluded_Rested	10
3692	50753.jpg	Rested	Occluded_Rested	10
3693	50754.jpg	Rested	Occluded_Rested	10
3694	50755.jpg	Rested	Occluded_Rested	10
3695	50756.jpg	Rested	Occluded_Rested	10
3696	50757.jpg	Rested	Occluded_Rested	10
3697	50758.jpg	Rested	Occluded_Rested	10
3698	50759.jpg	Rested	Occluded_Rested	10
3699	50760.jpg	Rested	Occluded_Rested	10
3700	50761.jpg	Rested	Occluded_Rested	10
3701	50762.jpg	Rested	Occluded_Rested	10
3702	50763.jpg	Rested	Occluded_Rested	10
3703	50764.jpg	Rested	Occluded_Rested	10
3704	50765.jpg	Rested	Occluded_Rested	10
3705	50766.jpg	Rested	Occluded_Rested	10
3706	50767.jpg	Rested	Occluded_Rested	10
3707	50768.jpg	Rested	Occluded_Rested	10
3708	50769.jpg	Rested	Occluded_Rested	10
3709	50770.jpg	Rested	Occluded_Rested	10
3710	50771.jpg	Rested	Occluded_Rested	10
3711	50772.jpg	Rested	Occluded_Rested	10
3712	50773.jpg	Rested	Occluded_Rested	10
3713	50774.jpg	Rested	Occluded_Rested	10
3714	50775.jpg	Rested	Occluded_Rested	10
3715	50776.jpg	Rested	Occluded_Rested	10
3716	50777.jpg	Rested	Occluded_Rested	10
3717	50778.jpg	Rested	Occluded_Rested	10
3718	50779.jpg	Rested	Occluded_Rested	10
3719	50780.jpg	Rested	Occluded_Rested	10
3720	50781.jpg	Rested	Occluded_Rested	10
3721	50782.jpg	Rested	Occluded_Rested	10
3722	50783.jpg	Rested	Occluded_Rested	10
3723	50784.jpg	Rested	Occluded_Rested	10
3724	50785.jpg	Rested	Occluded_Rested	10
3725	50786.jpg	Rested	Occluded_Rested	10
3726	50787.jpg	Rested	Occluded_Rested	10
3727	50788.jpg	Rested	Occluded_Rested	10
3728	50789.jpg	Rested	Occluded_Rested	10
3729	50790.jpg	Rested	Occluded_Rested	10
3730	50791.jpg	Rested	Occluded_Rested	10
3731	50792.jpg	Rested	Occluded_Rested	10
3732	50793.jpg	Rested	Occluded_Rested	10
3733	50794.jpg	Rested	Occluded_Rested	10
3734	50795.jpg	Rested	Occluded_Rested	10
3735	50796.jpg	Rested	Occluded_Rested	10
3736	50797.jpg	Rested	Occluded_Rested	10
3737	50798.jpg	Rested	Occluded_Rested	10
3738	50799.jpg	Rested	Occluded_Rested	10
3739	50800.jpg	Rested	Occluded_Rested	10
3740	50801.jpg	Rested	Occluded_Rested	11
3741	50802.jpg	Rested	Occluded_Rested	11
3742	50803.jpg	Rested	Occluded_Rested	11
3743	50804.jpg	Rested	Occluded_Rested	11
3744	50805.jpg	Rested	Occluded_Rested	11
3745	50806.jpg	Rested	Occluded_Rested	11
3746	50807.jpg	Rested	Occluded_Rested	11
3747	50808.jpg	Rested	Occluded_Rested	11
3748	50809.jpg	Rested	Occluded_Rested	11
3749	50810.jpg	Rested	Occluded_Rested	11
3750	50811.jpg	Rested	Occluded_Rested	11
3751	50812.jpg	Rested	Occluded_Rested	11
3752	50813.jpg	Rested	Occluded_Rested	11
3753	50814.jpg	Rested	Occluded_Rested	11
3754	50815.jpg	Rested	Occluded_Rested	11
3755	50816.jpg	Rested	Occluded_Rested	11
3756	50817.jpg	Rested	Occluded_Rested	11
3757	50818.jpg	Rested	Occluded_Rested	11
3758	50819.jpg	Rested	Occluded_Rested	11
3759	50820.jpg	Rested	Occluded_Rested	11
3760	50821.jpg	Rested	Occluded_Rested	11
3761	50822.jpg	Rested	Occluded_Rested	11
3762	50823.jpg	Rested	Occluded_Rested	11
3763	50824.jpg	Rested	Occluded_Rested	11
3764	50825.jpg	Rested	Occluded_Rested	11
3765	50826.jpg	Rested	Occluded_Rested	11
3766	50827.jpg	Rested	Occluded_Rested	11
3767	50828.jpg	Rested	Occluded_Rested	11
3768	50829.jpg	Rested	Occluded_Rested	11
3769	50830.jpg	Rested	Occluded_Rested	11
3770	50831.jpg	Rested	Occluded_Rested	11
3771	50832.jpg	Rested	Occluded_Rested	11
3772	50833.jpg	Rested	Occluded_Rested	11
3773	50834.jpg	Rested	Occluded_Rested	11
3774	50835.jpg	Rested	Occluded_Rested	11
3775	50836.jpg	Rested	Occluded_Rested	11
3776	50837.jpg	Rested	Occluded_Rested	11
3777	50838.jpg	Rested	Occluded_Rested	11
3778	50839.jpg	Rested	Occluded_Rested	11
3779	50840.jpg	Rested	Occluded_Rested	11
3780	50841.jpg	Rested	Occluded_Rested	11
3781	50842.jpg	Rested	Occluded_Rested	11
3782	50843.jpg	Rested	Occluded_Rested	11
3783	50844.jpg	Rested	Occluded_Rested	11
3784	50845.jpg	Rested	Occluded_Rested	11
3785	50846.jpg	Rested	Occluded_Rested	11
3786	50847.jpg	Rested	Occluded_Rested	11
3787	50848.jpg	Rested	Occluded_Rested	11
3788	50849.jpg	Rested	Occluded_Rested	11
3789	50850.jpg	Rested	Occluded_Rested	11
3790	50851.jpg	Rested	Occluded_Rested	11
3791	50852.jpg	Rested	Occluded_Rested	11
3792	50853.jpg	Rested	Occluded_Rested	11
3793	50854.jpg	Rested	Occluded_Rested	11
3794	50855.jpg	Rested	Occluded_Rested	11
3795	50856.jpg	Rested	Occluded_Rested	11
3796	50857.jpg	Rested	Occluded_Rested	11
3797	50858.jpg	Rested	Occluded_Rested	11
3798	50859.jpg	Rested	Occluded_Rested	11
3799	50860.jpg	Rested	Occluded_Rested	11
3800	50861.jpg	Rested	Occluded_Rested	11
3801	50862.jpg	Rested	Occluded_Rested	11
3802	50863.jpg	Rested	Occluded_Rested	11
3803	50864.jpg	Rested	Occluded_Rested	11
3804	50865.jpg	Rested	Occluded_Rested	11
3805	50866.jpg	Rested	Occluded_Rested	11
3806	50867.jpg	Rested	Occluded_Rested	11
3807	50868.jpg	Rested	Occluded_Rested	11
3808	50869.jpg	Rested	Occluded_Rested	11
3809	50870.jpg	Rested	Occluded_Rested	11
3810	50871.jpg	Rested	Occluded_Rested	11
3811	50872.jpg	Rested	Occluded_Rested	11
3812	50873.jpg	Rested	Occluded_Rested	11
3813	50874.jpg	Rested	Occluded_Rested	11
3814	50875.jpg	Rested	Occluded_Rested	11
3815	50876.jpg	Rested	Occluded_Rested	11
3816	50877.jpg	Rested	Occluded_Rested	11
3817	50878.jpg	Rested	Occluded_Rested	11
3818	50879.jpg	Rested	Occluded_Rested	11
3819	50880.jpg	Rested	Occluded_Rested	11
3820	50881.jpg	Rested	Occluded_Rested	12
3821	50882.jpg	Rested	Occluded_Rested	12
3822	50883.jpg	Rested	Occluded_Rested	12
3823	50884.jpg	Rested	Occluded_Rested	12
3824	50885.jpg	Rested	Occluded_Rested	12
3825	50886.jpg	Rested	Occluded_Rested	12
3826	50887.jpg	Rested	Occluded_Rested	12
3827	50888.jpg	Rested	Occluded_Rested	12
3828	50889.jpg	Rested	Occluded_Rested	12
3829	50890.jpg	Rested	Occluded_Rested	12
3830	50891.jpg	Rested	Occluded_Rested	12
3831	50892.jpg	Rested	Occluded_Rested	12
3832	50893.jpg	Rested	Occluded_Rested	12
3833	50894.jpg	Rested	Occluded_Rested	12
3834	50895.jpg	Rested	Occluded_Rested	12
3835	50896.jpg	Rested	Occluded_Rested	12
3836	50897.jpg	Rested	Occluded_Rested	12
3837	50898.jpg	Rested	Occluded_Rested	12
3838	50899.jpg	Rested	Occluded_Rested	12
3839	50900.jpg	Rested	Occluded_Rested	12
3840	50901.jpg	Rested	Occluded_Rested	12
3841	50902.jpg	Rested	Occluded_Rested	12
3842	50903.jpg	Rested	Occluded_Rested	12
3843	50904.jpg	Rested	Occluded_Rested	12
3844	50905.jpg	Rested	Occluded_Rested	12
3845	50906.jpg	Rested	Occluded_Rested	12
3846	50907.jpg	Rested	Occluded_Rested	12
3847	50908.jpg	Rested	Occluded_Rested	12
3848	50909.jpg	Rested	Occluded_Rested	12
3849	50910.jpg	Rested	Occluded_Rested	12
3850	50911.jpg	Rested	Occluded_Rested	12
3851	50912.jpg	Rested	Occluded_Rested	12
3852	50913.jpg	Rested	Occluded_Rested	12
3853	50914.jpg	Rested	Occluded_Rested	12
3854	50915.jpg	Rested	Occluded_Rested	12
3855	50916.jpg	Rested	Occluded_Rested	12
3856	50917.jpg	Rested	Occluded_Rested	12
3857	50918.jpg	Rested	Occluded_Rested	12
3858	50919.jpg	Rested	Occluded_Rested	12
3859	50920.jpg	Rested	Occluded_Rested	12
3860	50921.jpg	Rested	Occluded_Rested	12
3861	50922.jpg	Rested	Occluded_Rested	12
3862	50923.jpg	Rested	Occluded_Rested	12
3863	50924.jpg	Rested	Occluded_Rested	12
3864	50925.jpg	Rested	Occluded_Rested	12
3865	50926.jpg	Rested	Occluded_Rested	12
3866	50927.jpg	Rested	Occluded_Rested	12
3867	50928.jpg	Rested	Occluded_Rested	12
3868	50929.jpg	Rested	Occluded_Rested	12
3869	50930.jpg	Rested	Occluded_Rested	12
3870	50931.jpg	Rested	Occluded_Rested	12
3871	50932.jpg	Rested	Occluded_Rested	12
3872	50933.jpg	Rested	Occluded_Rested	12
3873	50934.jpg	Rested	Occluded_Rested	12
3874	50935.jpg	Rested	Occluded_Rested	12
3875	50936.jpg	Rested	Occluded_Rested	12
3876	50937.jpg	Rested	Occluded_Rested	12
3877	50938.jpg	Rested	Occluded_Rested	12
3878	50939.jpg	Rested	Occluded_Rested	12
3879	50940.jpg	Rested	Occluded_Rested	12
3880	50941.jpg	Rested	Occluded_Rested	12
3881	50942.jpg	Rested	Occluded_Rested	12
3882	50943.jpg	Rested	Occluded_Rested	12
3883	50944.jpg	Rested	Occluded_Rested	12
3884	50945.jpg	Rested	Occluded_Rested	12
3885	50946.jpg	Rested	Occluded_Rested	12
3886	50947.jpg	Rested	Occluded_Rested	12
3887	50948.jpg	Rested	Occluded_Rested	12
3888	50949.jpg	Rested	Occluded_Rested	12
3889	50950.jpg	Rested	Occluded_Rested	12
3890	50951.jpg	Rested	Occluded_Rested	12
3891	50952.jpg	Rested	Occluded_Rested	12
3892	50953.jpg	Rested	Occluded_Rested	12
3893	50954.jpg	Rested	Occluded_Rested	12
3894	50955.jpg	Rested	Occluded_Rested	12
3895	50956.jpg	Rested	Occluded_Rested	12
3896	50957.jpg	Rested	Occluded_Rested	12
3897	50958.jpg	Rested	Occluded_Rested	12
3898	50959.jpg	Rested	Occluded_Rested	12
3899	50960.jpg	Rested	Occluded_Rested	12
3900	50961.jpg	Rested	Occluded_Rested	13
3901	50962.jpg	Rested	Occluded_Rested	13
3902	50963.jpg	Rested	Occluded_Rested	13
3903	50964.jpg	Rested	Occluded_Rested	13
3904	50965.jpg	Rested	Occluded_Rested	13
3905	50966.jpg	Rested	Occluded_Rested	13
3906	50967.jpg	Rested	Occluded_Rested	13
3907	50968.jpg	Rested	Occluded_Rested	13
3908	50969.jpg	Rested	Occluded_Rested	13
3909	50970.jpg	Rested	Occluded_Rested	13
3910	50971.jpg	Rested	Occluded_Rested	13
3911	50972.jpg	Rested	Occluded_Rested	13
3912	50973.jpg	Rested	Occluded_Rested	13
3913	50974.jpg	Rested	Occluded_Rested	13
3914	50975.jpg	Rested	Occluded_Rested	13
3915	50976.jpg	Rested	Occluded_Rested	13
3916	50977.jpg	Rested	Occluded_Rested	13
3917	50978.jpg	Rested	Occluded_Rested	13
3918	50979.jpg	Rested	Occluded_Rested	13
3919	50980.jpg	Rested	Occluded_Rested	13
3920	50981.jpg	Rested	Occluded_Rested	13
3921	50982.jpg	Rested	Occluded_Rested	13
3922	50983.jpg	Rested	Occluded_Rested	13
3923	50984.jpg	Rested	Occluded_Rested	13
3924	50985.jpg	Rested	Occluded_Rested	13
3925	50986.jpg	Rested	Occluded_Rested	13
3926	50987.jpg	Rested	Occluded_Rested	13
3927	50988.jpg	Rested	Occluded_Rested	13
3928	50989.jpg	Rested	Occluded_Rested	13
3929	50990.jpg	Rested	Occluded_Rested	13
3930	50991.jpg	Rested	Occluded_Rested	13
3931	50992.jpg	Rested	Occluded_Rested	13
3932	50993.jpg	Rested	Occluded_Rested	13
3933	50994.jpg	Rested	Occluded_Rested	13
3934	50995.jpg	Rested	Occluded_Rested	13
3935	50996.jpg	Rested	Occluded_Rested	13
3936	50997.jpg	Rested	Occluded_Rested	13
3937	50998.jpg	Rested	Occluded_Rested	13
3938	50999.jpg	Rested	Occluded_Rested	13
3939	51000.jpg	Rested	Occluded_Rested	13
3940	51001.jpg	Rested	Occluded_Rested	13
3941	51002.jpg	Rested	Occluded_Rested	13
3942	51003.jpg	Rested	Occluded_Rested	13
3943	51004.jpg	Rested	Occluded_Rested	13
3944	51005.jpg	Rested	Occluded_Rested	13
3945	51006.jpg	Rested	Occluded_Rested	13
3946	51007.jpg	Rested	Occluded_Rested	13
3947	51008.jpg	Rested	Occluded_Rested	13
3948	51009.jpg	Rested	Occluded_Rested	13
3949	51010.jpg	Rested	Occluded_Rested	13
3950	51011.jpg	Rested	Occluded_Rested	13
3951	51012.jpg	Rested	Occluded_Rested	13
3952	51013.jpg	Rested	Occluded_Rested	13
3953	51014.jpg	Rested	Occluded_Rested	13
3954	51015.jpg	Rested	Occluded_Rested	13
3955	51016.jpg	Rested	Occluded_Rested	13
3956	51017.jpg	Rested	Occluded_Rested	13
3957	51018.jpg	Rested	Occluded_Rested	13
3958	51019.jpg	Rested	Occluded_Rested	13
3959	51020.jpg	Rested	Occluded_Rested	13
3960	51021.jpg	Rested	Occluded_Rested	13
3961	51022.jpg	Rested	Occluded_Rested	13
3962	51023.jpg	Rested	Occluded_Rested	13
3963	51024.jpg	Rested	Occluded_Rested	13
3964	51025.jpg	Rested	Occluded_Rested	13
3965	51026.jpg	Rested	Occluded_Rested	13
3966	51027.jpg	Rested	Occluded_Rested	13
3967	51028.jpg	Rested	Occluded_Rested	13
3968	51029.jpg	Rested	Occluded_Rested	13
3969	51030.jpg	Rested	Occluded_Rested	13
3970	51031.jpg	Rested	Occluded_Rested	13
3971	51032.jpg	Rested	Occluded_Rested	13
3972	51033.jpg	Rested	Occluded_Rested	13
3973	51034.jpg	Rested	Occluded_Rested	13
3974	51035.jpg	Rested	Occluded_Rested	13
3975	51036.jpg	Rested	Occluded_Rested	13
3976	51037.jpg	Rested	Occluded_Rested	13
3977	51038.jpg	Rested	Occluded_Rested	13
3978	51039.jpg	Rested	Occluded_Rested	13
3979	51040.jpg	Rested	Occluded_Rested	13
3980	51041.jpg	Rested	Occluded_Rested	14
3981	51042.jpg	Rested	Occluded_Rested	14
3982	51043.jpg	Rested	Occluded_Rested	14
3983	51044.jpg	Rested	Occluded_Rested	14
3984	51045.jpg	Rested	Occluded_Rested	14
3985	51046.jpg	Rested	Occluded_Rested	14
3986	51047.jpg	Rested	Occluded_Rested	14
3987	51048.jpg	Rested	Occluded_Rested	14
3988	51049.jpg	Rested	Occluded_Rested	14
3989	51050.jpg	Rested	Occluded_Rested	14
3990	51051.jpg	Rested	Occluded_Rested	14
3991	51052.jpg	Rested	Occluded_Rested	14
3992	51053.jpg	Rested	Occluded_Rested	14
3993	51054.jpg	Rested	Occluded_Rested	14
3994	51055.jpg	Rested	Occluded_Rested	14
3995	51056.jpg	Rested	Occluded_Rested	14
3996	51057.jpg	Rested	Occluded_Rested	14
3997	51058.jpg	Rested	Occluded_Rested	14
3998	51059.jpg	Rested	Occluded_Rested	14
3999	51060.jpg	Rested	Occluded_Rested	14
4000	51061.jpg	Rested	Occluded_Rested	14
4001	51062.jpg	Rested	Occluded_Rested	14
4002	51063.jpg	Rested	Occluded_Rested	14
4003	51064.jpg	Rested	Occluded_Rested	14
4004	51065.jpg	Rested	Occluded_Rested	14
4005	51066.jpg	Rested	Occluded_Rested	14
4006	51067.jpg	Rested	Occluded_Rested	14
4007	51068.jpg	Rested	Occluded_Rested	14
4008	51069.jpg	Rested	Occluded_Rested	14
4009	51070.jpg	Rested	Occluded_Rested	14
4010	51071.jpg	Rested	Occluded_Rested	14
4011	51072.jpg	Rested	Occluded_Rested	14
4012	51073.jpg	Rested	Occluded_Rested	14
4013	51074.jpg	Rested	Occluded_Rested	14
4014	51075.jpg	Rested	Occluded_Rested	14
4015	51076.jpg	Rested	Occluded_Rested	14
4016	51077.jpg	Rested	Occluded_Rested	14
4017	51078.jpg	Rested	Occluded_Rested	14
4018	51079.jpg	Rested	Occluded_Rested	14
4019	51080.jpg	Rested	Occluded_Rested	14
4020	51081.jpg	Rested	Occluded_Rested	14
4021	51082.jpg	Rested	Occluded_Rested	14
4022	51083.jpg	Rested	Occluded_Rested	14
4023	51084.jpg	Rested	Occluded_Rested	14
4024	51085.jpg	Rested	Occluded_Rested	14
4025	51086.jpg	Rested	Occluded_Rested	14
4026	51087.jpg	Rested	Occluded_Rested	14
4027	51088.jpg	Rested	Occluded_Rested	14
4028	51089.jpg	Rested	Occluded_Rested	14
4029	51090.jpg	Rested	Occluded_Rested	14
4030	51091.jpg	Rested	Occluded_Rested	14
4031	51092.jpg	Rested	Occluded_Rested	14
4032	51093.jpg	Rested	Occluded_Rested	14
4033	51094.jpg	Rested	Occluded_Rested	14
4034	51095.jpg	Rested	Occluded_Rested	14
4035	51096.jpg	Rested	Occluded_Rested	14
4036	51097.jpg	Rested	Occluded_Rested	14
4037	51098.jpg	Rested	Occluded_Rested	14
4038	51099.jpg	Rested	Occluded_Rested	14
4039	51100.jpg	Rested	Occluded_Rested	14
4040	51101.jpg	Rested	Occluded_Rested	14
4041	51102.jpg	Rested	Occluded_Rested	14
4042	51103.jpg	Rested	Occluded_Rested	14
4043	51104.jpg	Rested	Occluded_Rested	14
4044	51105.jpg	Rested	Occluded_Rested	14
4045	51106.jpg	Rested	Occluded_Rested	14
4046	51107.jpg	Rested	Occluded_Rested	14
4047	51108.jpg	Rested	Occluded_Rested	14
4048	51109.jpg	Rested	Occluded_Rested	14
4049	51110.jpg	Rested	Occluded_Rested	14
4050	51111.jpg	Rested	Occluded_Rested	14
4051	51112.jpg	Rested	Occluded_Rested	14
4052	51113.jpg	Rested	Occluded_Rested	14
4053	51114.jpg	Rested	Occluded_Rested	14
4054	51115.jpg	Rested	Occluded_Rested	14
4055	51116.jpg	Rested	Occluded_Rested	14
4056	51117.jpg	Rested	Occluded_Rested	14
4057	51118.jpg	Rested	Occluded_Rested	14
4058	51119.jpg	Rested	Occluded_Rested	14
4059	51120.jpg	Rested	Occluded_Rested	14
4060	51121.jpg	Rested	Occluded_Rested	15
4061	51122.jpg	Rested	Occluded_Rested	15
4062	51123.jpg	Rested	Occluded_Rested	15
4063	51124.jpg	Rested	Occluded_Rested	15
4064	51125.jpg	Rested	Occluded_Rested	15
4065	51126.jpg	Rested	Occluded_Rested	15
4066	51127.jpg	Rested	Occluded_Rested	15
4067	51128.jpg	Rested	Occluded_Rested	15
4068	51129.jpg	Rested	Occluded_Rested	15
4069	51130.jpg	Rested	Occluded_Rested	15
4070	51131.jpg	Rested	Occluded_Rested	15
4071	51132.jpg	Rested	Occluded_Rested	15
4072	51133.jpg	Rested	Occluded_Rested	15
4073	51134.jpg	Rested	Occluded_Rested	15
4074	51135.jpg	Rested	Occluded_Rested	15
4075	51136.jpg	Rested	Occluded_Rested	15
4076	51137.jpg	Rested	Occluded_Rested	15
4077	51138.jpg	Rested	Occluded_Rested	15
4078	51139.jpg	Rested	Occluded_Rested	15
4079	51140.jpg	Rested	Occluded_Rested	15
4080	51141.jpg	Rested	Occluded_Rested	15
4081	51142.jpg	Rested	Occluded_Rested	15
4082	51143.jpg	Rested	Occluded_Rested	15
4083	51144.jpg	Rested	Occluded_Rested	15
4084	51145.jpg	Rested	Occluded_Rested	15
4085	51146.jpg	Rested	Occluded_Rested	15
4086	51147.jpg	Rested	Occluded_Rested	15
4087	51148.jpg	Rested	Occluded_Rested	15
4088	51149.jpg	Rested	Occluded_Rested	15
4089	51150.jpg	Rested	Occluded_Rested	15
4090	51151.jpg	Rested	Occluded_Rested	15
4091	51152.jpg	Rested	Occluded_Rested	15
4092	51153.jpg	Rested	Occluded_Rested	15
4093	51154.jpg	Rested	Occluded_Rested	15
4094	51155.jpg	Rested	Occluded_Rested	15
4095	51156.jpg	Rested	Occluded_Rested	15
4096	51157.jpg	Rested	Occluded_Rested	15
4097	51158.jpg	Rested	Occluded_Rested	15
4098	51159.jpg	Rested	Occluded_Rested	15
4099	51160.jpg	Rested	Occluded_Rested	15
4100	51161.jpg	Rested	Occluded_Rested	15
4101	51162.jpg	Rested	Occluded_Rested	15
4102	51163.jpg	Rested	Occluded_Rested	15
4103	51164.jpg	Rested	Occluded_Rested	15
4104	51165.jpg	Rested	Occluded_Rested	15
4105	51166.jpg	Rested	Occluded_Rested	15
4106	51167.jpg	Rested	Occluded_Rested	15
4107	51168.jpg	Rested	Occluded_Rested	15
4108	51169.jpg	Rested	Occluded_Rested	15
4109	51170.jpg	Rested	Occluded_Rested	15
4110	51171.jpg	Rested	Occluded_Rested	15
4111	51172.jpg	Rested	Occluded_Rested	15
4112	51173.jpg	Rested	Occluded_Rested	15
4113	51174.jpg	Rested	Occluded_Rested	15
4114	51175.jpg	Rested	Occluded_Rested	15
4115	51176.jpg	Rested	Occluded_Rested	15
4116	51177.jpg	Rested	Occluded_Rested	15
4117	51178.jpg	Rested	Occluded_Rested	15
4118	51179.jpg	Rested	Occluded_Rested	15
4119	51180.jpg	Rested	Occluded_Rested	15
4120	51181.jpg	Rested	Occluded_Rested	15
4121	51182.jpg	Rested	Occluded_Rested	15
4122	51183.jpg	Rested	Occluded_Rested	15
4123	51184.jpg	Rested	Occluded_Rested	15
4124	51185.jpg	Rested	Occluded_Rested	15
4125	51186.jpg	Rested	Occluded_Rested	15
4126	51187.jpg	Rested	Occluded_Rested	15
4127	51188.jpg	Rested	Occluded_Rested	15
4128	51189.jpg	Rested	Occluded_Rested	15
4129	51190.jpg	Rested	Occluded_Rested	15
4130	51191.jpg	Rested	Occluded_Rested	15
4131	51192.jpg	Rested	Occluded_Rested	15
4132	51193.jpg	Rested	Occluded_Rested	15
4133	51194.jpg	Rested	Occluded_Rested	15
4134	51195.jpg	Rested	Occluded_Rested	15
4135	51196.jpg	Rested	Occluded_Rested	15
4136	51197.jpg	Rested	Occluded_Rested	15
4137	51198.jpg	Rested	Occluded_Rested	15
4138	51199.jpg	Rested	Occluded_Rested	15
4139	51200.jpg	Rested	Occluded_Rested	15
4140	51201.jpg	Rested	Occluded_Rested	16
4141	51202.jpg	Rested	Occluded_Rested	16
4142	51203.jpg	Rested	Occluded_Rested	16
4143	51204.jpg	Rested	Occluded_Rested	16
4144	51205.jpg	Rested	Occluded_Rested	16
4145	51206.jpg	Rested	Occluded_Rested	16
4146	51207.jpg	Rested	Occluded_Rested	16
4147	51208.jpg	Rested	Occluded_Rested	16
4148	51209.jpg	Rested	Occluded_Rested	16
4149	51210.jpg	Rested	Occluded_Rested	16
4150	51211.jpg	Rested	Occluded_Rested	16
4151	51212.jpg	Rested	Occluded_Rested	16
4152	51213.jpg	Rested	Occluded_Rested	16
4153	51214.jpg	Rested	Occluded_Rested	16
4154	51215.jpg	Rested	Occluded_Rested	16
4155	51216.jpg	Rested	Occluded_Rested	16
4156	51217.jpg	Rested	Occluded_Rested	16
4157	51218.jpg	Rested	Occluded_Rested	16
4158	51219.jpg	Rested	Occluded_Rested	16
4159	51220.jpg	Rested	Occluded_Rested	16
4160	51221.jpg	Rested	Occluded_Rested	16
4161	51222.jpg	Rested	Occluded_Rested	16
4162	51223.jpg	Rested	Occluded_Rested	16
4163	51224.jpg	Rested	Occluded_Rested	16
4164	51225.jpg	Rested	Occluded_Rested	16
4165	51226.jpg	Rested	Occluded_Rested	16
4166	51227.jpg	Rested	Occluded_Rested	16
4167	51228.jpg	Rested	Occluded_Rested	16
4168	51229.jpg	Rested	Occluded_Rested	16
4169	51230.jpg	Rested	Occluded_Rested	16
4170	51231.jpg	Rested	Occluded_Rested	16
4171	51232.jpg	Rested	Occluded_Rested	16
4172	51233.jpg	Rested	Occluded_Rested	16
4173	51234.jpg	Rested	Occluded_Rested	16
4174	51235.jpg	Rested	Occluded_Rested	16
4175	51236.jpg	Rested	Occluded_Rested	16
4176	51237.jpg	Rested	Occluded_Rested	16
4177	51238.jpg	Rested	Occluded_Rested	16
4178	51239.jpg	Rested	Occluded_Rested	16
4179	51240.jpg	Rested	Occluded_Rested	16
4180	51241.jpg	Rested	Occluded_Rested	16
4181	51242.jpg	Rested	Occluded_Rested	16
4182	51243.jpg	Rested	Occluded_Rested	16
4183	51244.jpg	Rested	Occluded_Rested	16
4184	51245.jpg	Rested	Occluded_Rested	16
4185	51246.jpg	Rested	Occluded_Rested	16
4186	51247.jpg	Rested	Occluded_Rested	16
4187	51248.jpg	Rested	Occluded_Rested	16
4188	51249.jpg	Rested	Occluded_Rested	16
4189	51250.jpg	Rested	Occluded_Rested	16
4190	51251.jpg	Rested	Occluded_Rested	16
4191	51252.jpg	Rested	Occluded_Rested	16
4192	51253.jpg	Rested	Occluded_Rested	16
4193	51254.jpg	Rested	Occluded_Rested	16
4194	51255.jpg	Rested	Occluded_Rested	16
4195	51256.jpg	Rested	Occluded_Rested	16
4196	51257.jpg	Rested	Occluded_Rested	16
4197	51258.jpg	Rested	Occluded_Rested	16
4198	51259.jpg	Rested	Occluded_Rested	16
4199	51260.jpg	Rested	Occluded_Rested	16
4200	51261.jpg	Rested	Occluded_Rested	16
4201	51262.jpg	Rested	Occluded_Rested	16
4202	51263.jpg	Rested	Occluded_Rested	16
4203	51264.jpg	Rested	Occluded_Rested	16
4204	51265.jpg	Rested	Occluded_Rested	16
4205	51266.jpg	Rested	Occluded_Rested	16
4206	51267.jpg	Rested	Occluded_Rested	16
4207	51268.jpg	Rested	Occluded_Rested	16
4208	51269.jpg	Rested	Occluded_Rested	16
4209	51270.jpg	Rested	Occluded_Rested	16
4210	51271.jpg	Rested	Occluded_Rested	16
4211	51272.jpg	Rested	Occluded_Rested	16
4212	51273.jpg	Rested	Occluded_Rested	16
4213	51274.jpg	Rested	Occluded_Rested	16
4214	51275.jpg	Rested	Occluded_Rested	16
4215	51276.jpg	Rested	Occluded_Rested	16
4216	51277.jpg	Rested	Occluded_Rested	16
4217	51278.jpg	Rested	Occluded_Rested	16
4218	51279.jpg	Rested	Occluded_Rested	16
4219	51280.jpg	Rested	Occluded_Rested	16
4220	51281.jpg	Rested	Occluded_Rested	17
4221	51282.jpg	Rested	Occluded_Rested	17
4222	51283.jpg	Rested	Occluded_Rested	17
4223	51284.jpg	Rested	Occluded_Rested	17
4224	51285.jpg	Rested	Occluded_Rested	17
4225	51286.jpg	Rested	Occluded_Rested	17
4226	51287.jpg	Rested	Occluded_Rested	17
4227	51288.jpg	Rested	Occluded_Rested	17
4228	51289.jpg	Rested	Occluded_Rested	17
4229	51290.jpg	Rested	Occluded_Rested	17
4230	51291.jpg	Rested	Occluded_Rested	17
4231	51292.jpg	Rested	Occluded_Rested	17
4232	51293.jpg	Rested	Occluded_Rested	17
4233	51294.jpg	Rested	Occluded_Rested	17
4234	51295.jpg	Rested	Occluded_Rested	17
4235	51296.jpg	Rested	Occluded_Rested	17
4236	51297.jpg	Rested	Occluded_Rested	17
4237	51298.jpg	Rested	Occluded_Rested	17
4238	51299.jpg	Rested	Occluded_Rested	17
4239	51300.jpg	Rested	Occluded_Rested	17
4240	51301.jpg	Rested	Occluded_Rested	17
4241	51302.jpg	Rested	Occluded_Rested	17
4242	51303.jpg	Rested	Occluded_Rested	17
4243	51304.jpg	Rested	Occluded_Rested	17
4244	51305.jpg	Rested	Occluded_Rested	17
4245	51306.jpg	Rested	Occluded_Rested	17
4246	51307.jpg	Rested	Occluded_Rested	17
4247	51308.jpg	Rested	Occluded_Rested	17
4248	51309.jpg	Rested	Occluded_Rested	17
4249	51310.jpg	Rested	Occluded_Rested	17
4250	51311.jpg	Rested	Occluded_Rested	17
4251	51312.jpg	Rested	Occluded_Rested	17
4252	51313.jpg	Rested	Occluded_Rested	17
4253	51314.jpg	Rested	Occluded_Rested	17
4254	51315.jpg	Rested	Occluded_Rested	17
4255	51316.jpg	Rested	Occluded_Rested	17
4256	51317.jpg	Rested	Occluded_Rested	17
4257	51318.jpg	Rested	Occluded_Rested	17
4258	51319.jpg	Rested	Occluded_Rested	17
4259	51320.jpg	Rested	Occluded_Rested	17
4260	51321.jpg	Rested	Occluded_Rested	17
4261	51322.jpg	Rested	Occluded_Rested	17
4262	51323.jpg	Rested	Occluded_Rested	17
4263	51324.jpg	Rested	Occluded_Rested	17
4264	51325.jpg	Rested	Occluded_Rested	17
4265	51326.jpg	Rested	Occluded_Rested	17
4266	51327.jpg	Rested	Occluded_Rested	17
4267	51328.jpg	Rested	Occluded_Rested	17
4268	51329.jpg	Rested	Occluded_Rested	17
4269	51330.jpg	Rested	Occluded_Rested	17
4270	51331.jpg	Rested	Occluded_Rested	17
4271	51332.jpg	Rested	Occluded_Rested	17
4272	51333.jpg	Rested	Occluded_Rested	17
4273	51334.jpg	Rested	Occluded_Rested	17
4274	51335.jpg	Rested	Occluded_Rested	17
4275	51336.jpg	Rested	Occluded_Rested	17
4276	51337.jpg	Rested	Occluded_Rested	17
4277	51338.jpg	Rested	Occluded_Rested	17
4278	51339.jpg	Rested	Occluded_Rested	17
4279	51340.jpg	Rested	Occluded_Rested	17
4280	51341.jpg	Rested	Occluded_Rested	17
4281	51342.jpg	Rested	Occluded_Rested	17
4282	51343.jpg	Rested	Occluded_Rested	17
4283	51344.jpg	Rested	Occluded_Rested	17
4284	51345.jpg	Rested	Occluded_Rested	17
4285	51346.jpg	Rested	Occluded_Rested	17
4286	51347.jpg	Rested	Occluded_Rested	17
4287	51348.jpg	Rested	Occluded_Rested	17
4288	51349.jpg	Rested	Occluded_Rested	17
4289	51350.jpg	Rested	Occluded_Rested	17
4290	51351.jpg	Rested	Occluded_Rested	17
4291	51352.jpg	Rested	Occluded_Rested	17
4292	51353.jpg	Rested	Occluded_Rested	17
4293	51354.jpg	Rested	Occluded_Rested	17
4294	51355.jpg	Rested	Occluded_Rested	17
4295	51356.jpg	Rested	Occluded_Rested	17
4296	51357.jpg	Rested	Occluded_Rested	17
4297	51358.jpg	Rested	Occluded_Rested	17
4298	51359.jpg	Rested	Occluded_Rested	17
4299	51360.jpg	Rested	Occluded_Rested	17
4300	51361.jpg	Rested	Occluded_Rested	18
4301	51362.jpg	Rested	Occluded_Rested	18
4302	51363.jpg	Rested	Occluded_Rested	18
4303	51364.jpg	Rested	Occluded_Rested	18
4304	51365.jpg	Rested	Occluded_Rested	18
4305	51366.jpg	Rested	Occluded_Rested	18
4306	51367.jpg	Rested	Occluded_Rested	18
4307	51368.jpg	Rested	Occluded_Rested	18
4308	51369.jpg	Rested	Occluded_Rested	18
4309	51370.jpg	Rested	Occluded_Rested	18
4310	51371.jpg	Rested	Occluded_Rested	18
4311	51372.jpg	Rested	Occluded_Rested	18
4312	51373.jpg	Rested	Occluded_Rested	18
4313	51374.jpg	Rested	Occluded_Rested	18
4314	51375.jpg	Rested	Occluded_Rested	18
4315	51376.jpg	Rested	Occluded_Rested	18
4316	51377.jpg	Rested	Occluded_Rested	18
4317	51378.jpg	Rested	Occluded_Rested	18
4318	51379.jpg	Rested	Occluded_Rested	18
4319	51380.jpg	Rested	Occluded_Rested	18
4320	51381.jpg	Rested	Occluded_Rested	18
4321	51382.jpg	Rested	Occluded_Rested	18
4322	51383.jpg	Rested	Occluded_Rested	18
4323	51384.jpg	Rested	Occluded_Rested	18
4324	51385.jpg	Rested	Occluded_Rested	18
4325	51386.jpg	Rested	Occluded_Rested	18
4326	51387.jpg	Rested	Occluded_Rested	18
4327	51388.jpg	Rested	Occluded_Rested	18
4328	51389.jpg	Rested	Occluded_Rested	18
4329	51390.jpg	Rested	Occluded_Rested	18
4330	51391.jpg	Rested	Occluded_Rested	18
4331	51392.jpg	Rested	Occluded_Rested	18
4332	51393.jpg	Rested	Occluded_Rested	18
4333	51394.jpg	Rested	Occluded_Rested	18
4334	51395.jpg	Rested	Occluded_Rested	18
4335	51396.jpg	Rested	Occluded_Rested	18
4336	51397.jpg	Rested	Occluded_Rested	18
4337	51398.jpg	Rested	Occluded_Rested	18
4338	51399.jpg	Rested	Occluded_Rested	18
4339	51400.jpg	Rested	Occluded_Rested	18
4340	51401.jpg	Rested	Occluded_Rested	18
4341	51402.jpg	Rested	Occluded_Rested	18
4342	51403.jpg	Rested	Occluded_Rested	18
4343	51404.jpg	Rested	Occluded_Rested	18
4344	51405.jpg	Rested	Occluded_Rested	18
4345	51406.jpg	Rested	Occluded_Rested	18
4346	51407.jpg	Rested	Occluded_Rested	18
4347	51408.jpg	Rested	Occluded_Rested	18
4348	51409.jpg	Rested	Occluded_Rested	18
4349	51410.jpg	Rested	Occluded_Rested	18
4350	51411.jpg	Rested	Occluded_Rested	18
4351	51412.jpg	Rested	Occluded_Rested	18
4352	51413.jpg	Rested	Occluded_Rested	18
4353	51414.jpg	Rested	Occluded_Rested	18
4354	51415.jpg	Rested	Occluded_Rested	18
4355	51416.jpg	Rested	Occluded_Rested	18
4356	51417.jpg	Rested	Occluded_Rested	18
4357	51418.jpg	Rested	Occluded_Rested	18
4358	51419.jpg	Rested	Occluded_Rested	18
4359	51420.jpg	Rested	Occluded_Rested	18
4360	51421.jpg	Rested	Occluded_Rested	18
4361	51422.jpg	Rested	Occluded_Rested	18
4362	51423.jpg	Rested	Occluded_Rested	18
4363	51424.jpg	Rested	Occluded_Rested	18
4364	51425.jpg	Rested	Occluded_Rested	18
4365	51426.jpg	Rested	Occluded_Rested	18
4366	51427.jpg	Rested	Occluded_Rested	18
4367	51428.jpg	Rested	Occluded_Rested	18
4368	51429.jpg	Rested	Occluded_Rested	18
4369	51430.jpg	Rested	Occluded_Rested	18
4370	51431.jpg	Rested	Occluded_Rested	18
4371	51432.jpg	Rested	Occluded_Rested	18
4372	51433.jpg	Rested	Occluded_Rested	18
4373	51434.jpg	Rested	Occluded_Rested	18
4374	51435.jpg	Rested	Occluded_Rested	18
4375	51436.jpg	Rested	Occluded_Rested	18
4376	51437.jpg	Rested	Occluded_Rested	18
4377	51438.jpg	Rested	Occluded_Rested	18
4378	51439.jpg	Rested	Occluded_Rested	18
4379	51440.jpg	Rested	Occluded_Rested	18
4380	51441.jpg	Rested	Occluded_Rested	19
4381	51442.jpg	Rested	Occluded_Rested	19
4382	51443.jpg	Rested	Occluded_Rested	19
4383	51444.jpg	Rested	Occluded_Rested	19
4384	51445.jpg	Rested	Occluded_Rested	19
4385	51446.jpg	Rested	Occluded_Rested	19
4386	51447.jpg	Rested	Occluded_Rested	19
4387	51448.jpg	Rested	Occluded_Rested	19
4388	51449.jpg	Rested	Occluded_Rested	19
4389	51450.jpg	Rested	Occluded_Rested	19
4390	51451.jpg	Rested	Occluded_Rested	19
4391	51452.jpg	Rested	Occluded_Rested	19
4392	51453.jpg	Rested	Occluded_Rested	19
4393	51454.jpg	Rested	Occluded_Rested	19
4394	51455.jpg	Rested	Occluded_Rested	19
4395	51456.jpg	Rested	Occluded_Rested	19
4396	51457.jpg	Rested	Occluded_Rested	19
4397	51458.jpg	Rested	Occluded_Rested	19
4398	51459.jpg	Rested	Occluded_Rested	19
4399	51460.jpg	Rested	Occluded_Rested	19
4400	51461.jpg	Rested	Occluded_Rested	19
4401	51462.jpg	Rested	Occluded_Rested	19
4402	51463.jpg	Rested	Occluded_Rested	19
4403	51464.jpg	Rested	Occluded_Rested	19
4404	51465.jpg	Rested	Occluded_Rested	19
4405	51466.jpg	Rested	Occluded_Rested	19
4406	51467.jpg	Rested	Occluded_Rested	19
4407	51468.jpg	Rested	Occluded_Rested	19
4408	51469.jpg	Rested	Occluded_Rested	19
4409	51470.jpg	Rested	Occluded_Rested	19
4410	51471.jpg	Rested	Occluded_Rested	19
4411	51472.jpg	Rested	Occluded_Rested	19
4412	51473.jpg	Rested	Occluded_Rested	19
4413	51474.jpg	Rested	Occluded_Rested	19
4414	51475.jpg	Rested	Occluded_Rested	19
4415	51476.jpg	Rested	Occluded_Rested	19
4416	51477.jpg	Rested	Occluded_Rested	19
4417	51478.jpg	Rested	Occluded_Rested	19
4418	51479.jpg	Rested	Occluded_Rested	19
4419	51480.jpg	Rested	Occluded_Rested	19
4420	51481.jpg	Rested	Occluded_Rested	19
4421	51482.jpg	Rested	Occluded_Rested	19
4422	51483.jpg	Rested	Occluded_Rested	19
4423	51484.jpg	Rested	Occluded_Rested	19
4424	51485.jpg	Rested	Occluded_Rested	19
4425	51486.jpg	Rested	Occluded_Rested	19
4426	51487.jpg	Rested	Occluded_Rested	19
4427	51488.jpg	Rested	Occluded_Rested	19
4428	51489.jpg	Rested	Occluded_Rested	19
4429	51490.jpg	Rested	Occluded_Rested	19
4430	51491.jpg	Rested	Occluded_Rested	19
4431	51492.jpg	Rested	Occluded_Rested	19
4432	51493.jpg	Rested	Occluded_Rested	19
4433	51494.jpg	Rested	Occluded_Rested	19
4434	51495.jpg	Rested	Occluded_Rested	19
4435	51496.jpg	Rested	Occluded_Rested	19
4436	51497.jpg	Rested	Occluded_Rested	19
4437	51498.jpg	Rested	Occluded_Rested	19
4438	51499.jpg	Rested	Occluded_Rested	19
4439	51500.jpg	Rested	Occluded_Rested	19
4440	51501.jpg	Rested	Occluded_Rested	19
4441	51502.jpg	Rested	Occluded_Rested	19
4442	51503.jpg	Rested	Occluded_Rested	19
4443	51504.jpg	Rested	Occluded_Rested	19
4444	51505.jpg	Rested	Occluded_Rested	19
4445	51506.jpg	Rested	Occluded_Rested	19
4446	51507.jpg	Rested	Occluded_Rested	19
4447	51508.jpg	Rested	Occluded_Rested	19
4448	51509.jpg	Rested	Occluded_Rested	19
4449	51510.jpg	Rested	Occluded_Rested	19
4450	51511.jpg	Rested	Occluded_Rested	19
4451	51512.jpg	Rested	Occluded_Rested	19
4452	51513.jpg	Rested	Occluded_Rested	19
4453	51514.jpg	Rested	Occluded_Rested	19
4454	51515.jpg	Rested	Occluded_Rested	19
4455	51516.jpg	Rested	Occluded_Rested	19
4456	51517.jpg	Rested	Occluded_Rested	19
4457	51518.jpg	Rested	Occluded_Rested	19
4458	51519.jpg	Rested	Occluded_Rested	19
4459	51520.jpg	Rested	Occluded_Rested	19
4460	51521.jpg	Rested	Occluded_Rested	20
4461	51522.jpg	Rested	Occluded_Rested	20
4462	51523.jpg	Rested	Occluded_Rested	20
4463	51524.jpg	Rested	Occluded_Rested	20
4464	51525.jpg	Rested	Occluded_Rested	20
4465	51526.jpg	Rested	Occluded_Rested	20
4466	51527.jpg	Rested	Occluded_Rested	20
4467	51528.jpg	Rested	Occluded_Rested	20
4468	51529.jpg	Rested	Occluded_Rested	20
4469	51530.jpg	Rested	Occluded_Rested	20
4470	51531.jpg	Rested	Occluded_Rested	20
4471	51532.jpg	Rested	Occluded_Rested	20
4472	51533.jpg	Rested	Occluded_Rested	20
4473	51534.jpg	Rested	Occluded_Rested	20
4474	51535.jpg	Rested	Occluded_Rested	20
4475	51536.jpg	Rested	Occluded_Rested	20
4476	51537.jpg	Rested	Occluded_Rested	20
4477	51538.jpg	Rested	Occluded_Rested	20
4478	51539.jpg	Rested	Occluded_Rested	20
4479	51540.jpg	Rested	Occluded_Rested	20
4480	51541.jpg	Rested	Occluded_Rested	20
4481	51542.jpg	Rested	Occluded_Rested	20
4482	51543.jpg	Rested	Occluded_Rested	20
4483	51544.jpg	Rested	Occluded_Rested	20
4484	51545.jpg	Rested	Occluded_Rested	20
4485	51546.jpg	Rested	Occluded_Rested	20
4486	51547.jpg	Rested	Occluded_Rested	20
4487	51548.jpg	Rested	Occluded_Rested	20
4488	51549.jpg	Rested	Occluded_Rested	20
4489	51550.jpg	Rested	Occluded_Rested	20
4490	51551.jpg	Rested	Occluded_Rested	20
4491	51552.jpg	Rested	Occluded_Rested	20
4492	51553.jpg	Rested	Occluded_Rested	20
4493	51554.jpg	Rested	Occluded_Rested	20
4494	51555.jpg	Rested	Occluded_Rested	20
4495	51556.jpg	Rested	Occluded_Rested	20
4496	51557.jpg	Rested	Occluded_Rested	20
4497	51558.jpg	Rested	Occluded_Rested	20
4498	51559.jpg	Rested	Occluded_Rested	20
4499	51560.jpg	Rested	Occluded_Rested	20
4500	51561.jpg	Rested	Occluded_Rested	20
4501	51562.jpg	Rested	Occluded_Rested	20
4502	51563.jpg	Rested	Occluded_Rested	20
4503	51564.jpg	Rested	Occluded_Rested	20
4504	51565.jpg	Rested	Occluded_Rested	20
4505	51566.jpg	Rested	Occluded_Rested	20
4506	51567.jpg	Rested	Occluded_Rested	20
4507	51568.jpg	Rested	Occluded_Rested	20
4508	51569.jpg	Rested	Occluded_Rested	20
4509	51570.jpg	Rested	Occluded_Rested	20
4510	51571.jpg	Rested	Occluded_Rested	20
4511	51572.jpg	Rested	Occluded_Rested	20
4512	51573.jpg	Rested	Occluded_Rested	20
4513	51574.jpg	Rested	Occluded_Rested	20
4514	51575.jpg	Rested	Occluded_Rested	20
4515	51576.jpg	Rested	Occluded_Rested	20
4516	51577.jpg	Rested	Occluded_Rested	20
4517	51578.jpg	Rested	Occluded_Rested	20
4518	51579.jpg	Rested	Occluded_Rested	20
4519	51580.jpg	Rested	Occluded_Rested	20
4520	51581.jpg	Rested	Occluded_Rested	20
4521	51582.jpg	Rested	Occluded_Rested	20
4522	51583.jpg	Rested	Occluded_Rested	20
4523	51584.jpg	Rested	Occluded_Rested	20
4524	51585.jpg	Rested	Occluded_Rested	20
4525	51586.jpg	Rested	Occluded_Rested	20
4526	51587.jpg	Rested	Occluded_Rested	20
4527	51588.jpg	Rested	Occluded_Rested	20
4528	51589.jpg	Rested	Occluded_Rested	20
4529	51590.jpg	Rested	Occluded_Rested	20
4530	51591.jpg	Rested	Occluded_Rested	20
4531	51592.jpg	Rested	Occluded_Rested	20
4532	51593.jpg	Rested	Occluded_Rested	20
4533	51594.jpg	Rested	Occluded_Rested	20
4534	51595.jpg	Rested	Occluded_Rested	20
4535	51596.jpg	Rested	Occluded_Rested	20
4536	51597.jpg	Rested	Occluded_Rested	20
4537	51598.jpg	Rested	Occluded_Rested	20
4538	51599.jpg	Rested	Occluded_Rested	20
4539	51600.jpg	Rested	Occluded_Rested	20
